symbol,source_symbol,english_name,chinese_name,sector,sub_industry
A,A,Agilent Technologies Inc.,,Industrials,Biotechnology: Laboratory Analytical Instruments
AA,AA,Alcoa Corporation,,Industrials,Aluminum
AAL,AAL,American Airlines Group Inc.,,Consumer Discretionary,Air Freight/Delivery Services
AAOI,AAOI,Applied Optoelectronics Inc.,,Technology,Semiconductors
AAON,AAON,AAON Inc.,,Industrials,Industrial Machinery/Components
AAPL,AAPL,Apple Inc.,,Technology,Computer Manufacturing
AAUC,AAUC,Allied Gold Corporation,,,
ABBV,ABBV,AbbVie Inc.,,Health Care,Biotechnology: Pharmaceutical Preparations
ABCB,ABCB,Ameris Bancorp,,Finance,Major Banks
ABEV,ABEV,Ambev S.A. American Depositary Shares (Each representing 1 Common Share),,Consumer Staples,Beverages (Production/Distribution)
ABG,ABG,Asbury Automotive Group Inc,,Consumer Discretionary,Retail-Auto Dealers and Gas Stations
ABNB,ABNB,Airbnb Inc. Class A,,Consumer Discretionary,Diversified Commercial Services
ABT,ABT,Abbott Laboratories,,Health Care,Biotechnology: Pharmaceutical Preparations
ABVX,ABVX,Abivax SA American Depositary Shares,,Health Care,Biotechnology: Pharmaceutical Preparations
ACA,ACA,Arcosa Inc.,,Industrials,Metal Fabrications
ACAD,ACAD,ACADIA Pharmaceuticals Inc.,,Health Care,Biotechnology: Pharmaceutical Preparations
ACGL,ACGL,Arch Capital Group Ltd.,,Finance,Property-Casualty Insurers
ACHR,ACHR,Archer Aviation Inc. Class A,,Industrials,Aerospace
ACI,ACI,Albertsons Companies Inc. Class A,,Consumer Staples,Food Chains
ACIW,ACIW,ACI Worldwide Inc.,,Technology,Computer Software: Prepackaged Software
ACLS,ACLS,Axcelis Technologies Inc.,,Technology,Industrial Machinery/Components
ACM,ACM,AECOM,,Consumer Discretionary,Military/Government/Technical
ACN,ACN,Accenture plc Class A Ordinary Shares (Ireland),,Consumer Discretionary,Business Services
ACT,ACT,Enact Holdings Inc.,,Finance,Specialty Insurers
AD,AD,Array Digital Infrastructure Inc.,,Telecommunications,Telecommunications Equipment
ADBE,ADBE,Adobe Inc.,,Technology,Computer Software: Prepackaged Software
ADC,ADC,Agree Realty Corporation,,Real Estate,Real Estate Investment Trusts
ADI,ADI,Analog Devices Inc.,,Technology,Semiconductors
ADM,ADM,Archer-Daniels-Midland Company,,Consumer Staples,Packaged Foods
ADP,ADP,Automatic Data Processing Inc.,,Industrials,Diversified Commercial Services
ADSK,ADSK,Autodesk Inc.,,Technology,Computer Software: Prepackaged Software
ADT,ADT,ADT Inc.,,Consumer Discretionary,Diversified Commercial Services
AEE,AEE,Ameren Corporation,,Utilities,Power Generation
AEG,AEG,Aegon Ltd. New York Registry Shares,,Finance,Life Insurance
AEIS,AEIS,Advanced Energy Industries Inc.,,Technology,Industrial Machinery/Components
AEM,AEM,Agnico Eagle Mines Limited,,Basic Materials,Precious Metals
AEP,AEP,American Electric Power Company Inc.,,Utilities,Electric Utilities: Central
AER,AER,AerCap Holdings N.V.,,Consumer Discretionary,Diversified Commercial Services
AES,AES,The AES Corporation,,Utilities,Electric Utilities: Central
AFG,AFG,American Financial Group Inc.,,Finance,Property-Casualty Insurers
AFL,AFL,AFLAC Incorporated,,Finance,Accident &Health Insurance
AFRM,AFRM,Affirm Holdings Inc. Class A,,Finance,Finance: Consumer Services
AG,AG,First Majestic Silver Corp. Ordinary Shares (Canada),,Basic Materials,Precious Metals
AGCO,AGCO,AGCO Corporation,,Industrials,Industrial Machinery/Components
AGI,AGI,Alamos Gold Inc. Class A,,Basic Materials,Precious Metals
AGNC,AGNC,AGNC Investment Corp.,,Real Estate,Real Estate Investment Trusts
AGO,AGO,Assured Guaranty Ltd.,,Finance,Property-Casualty Insurers
AGX,AGX,Argan Inc.,,Consumer Discretionary,Engineering & Construction
AHR,AHR,American Healthcare REIT Inc.,,Real Estate,Real Estate Investment Trusts
AIG,AIG,American International Group Inc. New,,Finance,Life Insurance
AIR,AIR,AAR Corp.,,Industrials,Aerospace
AIT,AIT,Applied Industrial Technologies Inc.,,Consumer Discretionary,Industrial Specialties
AIZ,AIZ,Assurant Inc.,,Finance,Property-Casualty Insurers
AJG,AJG,Arthur J. Gallagher & Co.,,Finance,Specialty Insurers
AKAM,AKAM,Akamai Technologies Inc.,,Consumer Discretionary,Business Services
ALAB,ALAB,Astera Labs Inc.,,Technology,Semiconductors
ALB,ALB,Albemarle Corporation,,Industrials,Major Chemicals
ALC,ALC,Alcon Inc.,,Health Care,Ophthalmic Goods
ALGM,ALGM,Allegro MicroSystems Inc.,,Technology,Semiconductors
ALGN,ALGN,Align Technology Inc.,,Health Care,Industrial Specialties
ALH,ALH,Alliance Laundry Holdings Inc.,,Industrials,Industrial Machinery/Components
ALHC,ALHC,Alignment Healthcare Inc.,,Health Care,Medical Specialities
ALK,ALK,Alaska Air Group Inc.,,Consumer Discretionary,Air Freight/Delivery Services
ALKS,ALKS,Alkermes plc,,Health Care,Biotechnology: Pharmaceutical Preparations
ALL,ALL,Allstate Corporation (The),,Finance,Property-Casualty Insurers
ALLE,ALLE,Allegion plc,,Consumer Discretionary,Diversified Commercial Services
ALLY,ALLY,Ally Financial Inc.,,Finance,Major Banks
ALM,ALM,Almonty Industries Inc.,,Basic Materials,Other Metals and Minerals
ALNY,ALNY,Alnylam Pharmaceuticals Inc.,,Health Care,Biotechnology: Pharmaceutical Preparations
ALSN,ALSN,Allison Transmission Holdings Inc.,,Consumer Discretionary,Auto Parts:O.E.M.
ALV,ALV,Autoliv Inc.,,Consumer Discretionary,Auto Parts:O.E.M.
AM,AM,Antero Midstream Corporation,,Utilities,Natural Gas Distribution
AMAT,AMAT,Applied Materials Inc.,,Technology,Semiconductors
AMCR,AMCR,Amcor plc,,Consumer Discretionary,Miscellaneous manufacturing industries
AMD,AMD,Advanced Micro Devices Inc.,,Technology,Semiconductors
AME,AME,AMETEK Inc.,,Industrials,Industrial Machinery/Components
AMG,AMG,Affiliated Managers Group Inc.,,Finance,Investment Managers
AMGN,AMGN,Amgen Inc.,,Health Care,Biotechnology: Biological Products (No Diagnostic Substances)
AMH,AMH,American Homes 4 Rent Common Shares of Beneficial Interest,,Real Estate,Real Estate Investment Trusts
AMKR,AMKR,Amkor Technology Inc.,,Technology,Semiconductors
AMP,AMP,Ameriprise Financial Inc.,,Finance,Investment Managers
AMRX,AMRX,Amneal Pharmaceuticals Inc. Class A,,Health Care,Biotechnology: Pharmaceutical Preparations
AMRZ,AMRZ,Amrize Ltd,,Industrials,Building Materials
AMT,AMT,American Tower Corporation (REIT),,Real Estate,Real Estate Investment Trusts
AMTM,AMTM,Amentum Holdings Inc.,,Consumer Discretionary,Business Services
AMZN,AMZN,Amazon.com Inc.,,Consumer Discretionary,Catalog/Specialty Distribution
AN,AN,AutoNation Inc.,,Consumer Discretionary,Retail-Auto Dealers and Gas Stations
ANDG,ANDG,Andersen Group Inc. Class A,,Consumer Discretionary,Business Services
ANET,ANET,Arista Networks Inc.,,Telecommunications,Computer Communications Equipment
ANF,ANF,Abercrombie & Fitch Company,,Consumer Discretionary,Clothing/Shoe/Accessory Stores
AON,AON,Aon plc Class A Ordinary Shares (Ireland),,Finance,Specialty Insurers
AOS,AOS,A.O. Smith Corporation,,Consumer Discretionary,Consumer Electronics/Appliances
APA,APA,APA Corporation,,Energy,Oil & Gas Production
APD,APD,Air Products and Chemicals Inc.,,Basic Materials,Major Chemicals
APG,APG,APi Group Corporation,,Consumer Discretionary,Engineering & Construction
APGE,APGE,Apogee Therapeutics Inc.,,Health Care,Biotechnology: Biological Products (No Diagnostic Substances)
APH,APH,Amphenol Corporation,,Technology,Electrical Products
APLD,APLD,Applied Digital Corporation,,Finance,Finance: Consumer Services
APLS,APLS,Apellis Pharmaceuticals Inc.,,Health Care,Biotechnology: Pharmaceutical Preparations
APO,APO,Apollo Global Management Inc. (New),,Finance,Investment Managers
APP,APP,Applovin Corporation Class A,,Technology,Computer Software: Programming Data Processing
APPF,APPF,AppFolio Inc. Class A,,Technology,Computer Software: Prepackaged Software
APTV,APTV,Aptiv PLC,,Consumer Discretionary,Auto Parts:O.E.M.
AQN,AQN,Algonquin Power & Utilities Corp.,,Utilities,Electric Utilities: Central
AR,AR,Antero Resources Corporation,,Energy,Oil & Gas Production
ARE,ARE,Alexandria Real Estate Equities Inc.,,Real Estate,Real Estate Investment Trusts
ARES,ARES,Ares Management Corporation Class A,,Finance,Investment Managers
ARGX,ARGX,argenx SE American Depositary Shares,,Health Care,Biotechnology: Biological Products (No Diagnostic Substances)
ARIS,ARIS,Aris Mining Corporation,,,
ARM,ARM,Arm Holdings plc American Depositary Shares,,Technology,Semiconductors
ARMK,ARMK,Aramark,,Consumer Discretionary,Restaurants
AROC,AROC,Archrock Inc.,,Utilities,Natural Gas Distribution
ARW,ARW,Arrow Electronics Inc.,,Technology,Electronic Components
ARWR,ARWR,Arrowhead Pharmaceuticals Inc.,,Health Care,Biotechnology: Pharmaceutical Preparations
ARXS,ARXS,Arxis Inc. Class A,,Industrials,Military/Government/Technical
AS,AS,Amer Sports Inc.,,Consumer Discretionary,Apparel
ASB,ASB,Associated Banc-Corp,,Finance,Major Banks
ASML,ASML,ASML Holding N.V. New York Registry Shares,,Technology,Industrial Machinery/Components
ASND,ASND,Ascendis Pharma A/S Ordinary Share,,Health Care,Biotechnology: Pharmaceutical Preparations
ASR,ASR,Grupo Aeroportuario del Sureste S.A. de C.V.,,Consumer Discretionary,Aerospace
ASTS,ASTS,AST SpaceMobile Inc. Class A,,Consumer Discretionary,Telecommunications Equipment
ASX,ASX,ASE Technology Holding Co. Ltd. American Depositary Shares (each representing Two Common Shares),,Technology,Semiconductors
ATAT,ATAT,Atour Lifestyle Holdings Limited American Depositary Shares,,Consumer Discretionary,Hotels/Resorts
ATI,ATI,ATI Inc.,,Industrials,Steel/Iron Ore
ATMU,ATMU,Atmus Filtration Technologies Inc.,,Consumer Discretionary,Auto Parts:O.E.M.
ATO,ATO,Atmos Energy Corporation,,Utilities,Oil/Gas Transmission
ATR,ATR,AptarGroup Inc.,,Industrials,Plastic Products
AU,AU,AngloGold Ashanti PLC,,Basic Materials,Precious Metals
AUB,AUB,Atlantic Union Bankshares Corporation,,Finance,Major Banks
AUGO,AUGO,Aura Minerals Inc.,,,
AUR,AUR,Aurora Innovation Inc. Class A,,Technology,EDP Services
AVAV,AVAV,AeroVironment Inc.,,Industrials,Aerospace
AVB,AVB,AvalonBay Communities Inc.,,Real Estate,Real Estate Investment Trusts
AVGO,AVGO,Broadcom Inc.,,Technology,Semiconductors
AVT,AVT,Avnet Inc.,,Technology,Electronic Components
AVTR,AVTR,Avantor Inc.,,Industrials,Biotechnology: Laboratory Analytical Instruments
AVY,AVY,Avery Dennison Corporation,,Consumer Discretionary,Containers/Packaging
AWI,AWI,Armstrong World Industries Inc,,Industrials,Plastic Products
AWK,AWK,American Water Works Company Inc.,,Utilities,Water Supply
AX,AX,Axos Financial Inc.,,Finance,Savings Institutions
AXIA,AXIA,AXIA Energia American Depositary Shares (Each representing one Common Share),,Utilities,Electric Utilities: Central
AXON,AXON,Axon Enterprise Inc.,,Industrials,Ordnance And Accessories
AXP,AXP,American Express Company,,Finance,Finance: Consumer Services
AXS,AXS,Axis Capital Holdings Limited,,Finance,Property-Casualty Insurers
AXSM,AXSM,Axsome Therapeutics Inc.,,Health Care,Biotechnology: Pharmaceutical Preparations
AXTA,AXTA,Axalta Coating Systems Ltd.,,Consumer Discretionary,Paints/Coatings
AXTI,AXTI,AXT Inc,,Technology,Semiconductors
AYI,AYI,Acuity Inc.,,Consumer Discretionary,Building Products
AZN,AZN,AstraZeneca PLC,,Health Care,Biotechnology: Pharmaceutical Preparations
AZO,AZO,AutoZone Inc.,,Consumer Discretionary,Auto & Home Supply Stores
AZZ,AZZ,AZZ Inc.,,Industrials,Industrial Specialties
B,B,Barrick Mining Corporation,,Basic Materials,Precious Metals
BA,BA,Boeing Company (The),,Industrials,Aerospace
BABA,BABA,Alibaba Group Holding Limited American Depositary Shares each representing eight Ordinary share,,Consumer Discretionary,Business Services
BAC,BAC,Bank of America Corporation,,Finance,Major Banks
BAH,BAH,Booz Allen Hamilton Holding Corporation,,Consumer Discretionary,Professional Services
BALL,BALL,Ball Corporation,,Industrials,Containers/Packaging
BAM,BAM,Brookfield Asset Management Inc Class A Limited Voting Shares,,Consumer Discretionary,Other Consumer Services
BANF,BANF,BancFirst Corporation,,Finance,Major Banks
BAP,BAP,Credicorp Ltd.,,Finance,Commercial Banks
BATRA,BATRA,Atlanta Braves Holdings Inc. Series A,,Consumer Discretionary,Services-Misc. Amusement & Recreation
BATRK,BATRK,Atlanta Braves Holdings Inc. Series C,,Consumer Discretionary,Services-Misc. Amusement & Recreation
BAX,BAX,Baxter International Inc.,,Health Care,Medical/Dental Instruments
BBD,BBD,Banco Bradesco Sa American Depositary Shares,,Finance,Major Banks
BBDO,BBDO,Banco Bradesco Sa American Depositary Shares (each representing one Common Share),,Finance,Major Banks
BBIO,BBIO,BridgeBio Pharma Inc.,,Health Care,Biotechnology: Pharmaceutical Preparations
BBUC,BBUC,Brookfield Business Corporation Class A Subordinate Voting Shares,,Consumer Discretionary,Engineering & Construction
BBVA,BBVA,Banco Bilbao Vizcaya Argentaria S.A.,,Finance,Commercial Banks
BBWI,BBWI,Bath & Body Works Inc.,,Consumer Discretionary,Clothing/Shoe/Accessory Stores
BBY,BBY,Best Buy Co. Inc.,,Consumer Discretionary,Consumer Electronics/Video Chains
BC,BC,Brunswick Corporation,,Industrials,Industrial Machinery/Components
BCE,BCE,BCE Inc.,,Telecommunications,Telecommunications Equipment
BCH,BCH,Banco De Chile ADS,,Finance,Commercial Banks
BCO,BCO,Brinks Company (The),,Industrials,Integrated Freight & Logistics
BCPC,BCPC,Balchem Corporation,,Industrials,Major Chemicals
BCS,BCS,Barclays PLC,,Finance,Commercial Banks
BDC,BDC,Belden Inc,,Industrials,Telecommunications Equipment
BDX,BDX,Becton Dickinson and Company,,Health Care,Medical/Dental Instruments
BE,BE,Bloom Energy Corporation Class A,,Energy,Industrial Machinery/Components
BEKE,BEKE,KE Holdings Inc American Depositary Shares (each representing three Class A Ordinary Shares),,Finance,Real Estate
BELFB,BELFB,Bel Fuse Inc. Class B,,,
BEN,BEN,Franklin Resources Inc.,,Finance,Investment Managers
BEPC,BEPC,Brookfield Renewable Corporation Brookfield Renewable Corporation Class A Subordinate Voting Shares,,Utilities,Electric Utilities: Central
BETA,BETA,Beta Technologies Inc. Class A,,Industrials,Aerospace
BF-B,BF.B,Brown-Forman Corporation,,Consumer Staples,Beverages
BFAM,BFAM,Bright Horizons Family Solutions Inc.,,Consumer Discretionary,Other Consumer Services
BG,BG,Bunge Limited,,Consumer Staples,Packaged Foods
BGC,BGC,BGC Group Inc. Class A,,Finance,Investment Bankers/Brokers/Service
BHF,BHF,Brighthouse Financial Inc.,,Finance,Life Insurance
BHP,BHP,BHP Group Limited American Depositary Shares (Each representing two Ordinary Shares),,Energy,Coal Mining
BIDU,BIDU,Baidu Inc. ADS,,Technology,Computer Software: Programming Data Processing
BIIB,BIIB,Biogen Inc.,,Health Care,Biotechnology: Biological Products (No Diagnostic Substances)
BILI,BILI,Bilibili Inc. American Depositary Shares,,Technology,EDP Services
BILL,BILL,BILL Holdings Inc.,,Technology,EDP Services
BIO,BIO,Bio-Rad Laboratories Inc. Class A,,Industrials,Biotechnology: Laboratory Analytical Instruments
BIPC,BIPC,Brookfield Infrastructure Corporation Brookfield Infrastructure Corporation,,Utilities,Oil & Gas Production
BIRK,BIRK,Birkenstock Holding plc,,Consumer Discretionary,Shoe Manufacturing
BJ,BJ,BJ's Wholesale Club Holdings Inc.,,Consumer Discretionary,Department/Specialty Retail Stores
BK,BK,The Bank of New York Mellon Corporation,,Financials,Major Banks
BKH,BKH,Black Hills Corporation,,Utilities,Electric Utilities: Central
BKNG,BKNG,Booking Holdings Inc.,,Consumer Discretionary,Transportation Services
BKR,BKR,Baker Hughes Company Class A,,Consumer Discretionary,Oil and Gas Field Machinery
BKV,BKV,BKV Corporation,,Energy,Oil & Gas Production
BLCO,BLCO,Bausch + Lomb Corporation,,Health Care,Ophthalmic Goods
BLD,BLD,TopBuild Corp.,,Consumer Discretionary,Engineering & Construction
BLDR,BLDR,Builders FirstSource Inc.,,Consumer Discretionary,RETAIL: Building Materials
BLK,BLK,BlackRock Inc.,,Finance,Investment Bankers/Brokers/Service
BLLN,BLLN,BillionToOne Inc. Class A,,Health Care,Medical Specialities
BLSH,BLSH,Bullish,,Finance,Finance: Consumer Services
BLTE,BLTE,Belite Bio Inc American Depositary Shares,,Health Care,Biotechnology: Pharmaceutical Preparations
BMA,BMA,Banco Macro S.A. ADR (representing Ten Class B Common Shares),,Finance,Commercial Banks
BMI,BMI,Badger Meter Inc.,,Industrials,Industrial Machinery/Components
BMNR,BMNR,BitMine Immersion Technologies Inc.,,Finance,Finance: Consumer Services
BMO,BMO,Bank Of Montreal,,Finance,Commercial Banks
BMRN,BMRN,BioMarin Pharmaceutical Inc.,,Health Care,Biotechnology: Pharmaceutical Preparations
BMY,BMY,Bristol-Myers Squibb Company,,Health Care,Biotechnology: Pharmaceutical Preparations
BN,BN,Brookfield Corporation Class A Limited Voting Shares,,Real Estate,Building operators
BNL,BNL,Broadstone Net Lease Inc.,,Real Estate,Real Estate Investment Trusts
BNT,BNT,Brookfield Wealth Solutions Ltd. Class A Exchangeable Limited Voting Shares,,Finance,Property-Casualty Insurers
BNTX,BNTX,BioNTech SE American Depositary Share,,Health Care,Biotechnology: Biological Products (No Diagnostic Substances)
BOKF,BOKF,BOK Financial Corporation,,Finance,Major Banks
BOOT,BOOT,Boot Barn Holdings Inc.,,Consumer Discretionary,Clothing/Shoe/Accessory Stores
BP,BP,BP p.l.c.,,Energy,Integrated oil Companies
BPOP,BPOP,Popular Inc.,,Finance,Major Banks
BR,BR,Broadridge Financial Solutions Inc.,,Consumer Discretionary,Business Services
BRC,BRC,Brady Corporation,,Consumer Discretionary,Miscellaneous manufacturing industries
BRK-B,BRK.B,Berkshire Hathaway Inc.,,Financials,Property-Casualty Insurers
BRKR,BRKR,Bruker Corporation,,Industrials,Biotechnology: Laboratory Analytical Instruments
BRO,BRO,Brown & Brown Inc.,,Finance,Specialty Insurers
BROS,BROS,Dutch Bros Inc. Class A,,Consumer Discretionary,Restaurants
BRX,BRX,Brixmor Property Group Inc.,,Real Estate,Real Estate Investment Trusts
BSAC,BSAC,Banco Santander - Chile ADS,,Finance,Commercial Banks
BSX,BSX,Boston Scientific Corporation,,Health Care,Medical/Dental Instruments
BSY,BSY,Bentley Systems Incorporated Class B,,Technology,Computer Software: Prepackaged Software
BTE,BTE,Baytex Energy Corp,,Energy,Oil & Gas Production
BTG,BTG,B2Gold Corp Common shares (Canada),,Basic Materials,Precious Metals
BTI,BTI,British American Tobacco Industries p.l.c. Common Stock ADR,,Health Care, Medicinal Chemicals and Botanical Products 
BTSG,BTSG,BrightSpring Health Services Inc.,,Health Care,Medical/Nursing Services
BUD,BUD,Anheuser-Busch Inbev SA Sponsored ADR (Belgium),,Consumer Staples,Beverages (Production/Distribution)
BULL,BULL,Webull Corporation Class A,,Finance,Investment Bankers/Brokers/Service
BURL,BURL,Burlington Stores Inc.,,Consumer Discretionary,Department/Specialty Retail Stores
BVN,BVN,Buenaventura Mining Company Inc.,,Basic Materials,Metal Mining
BWA,BWA,BorgWarner Inc.,,Consumer Discretionary,Auto Parts:O.E.M.
BWXT,BWXT,BWX Technologies Inc.,,Industrials,Industrial Machinery/Components
BX,BX,Blackstone Inc.,,Finance,Investment Managers
BXP,BXP,BXP Inc.,,Real Estate,Real Estate Investment Trusts
BYD,BYD,Boyd Gaming Corporation,,Consumer Discretionary,Hotels/Resorts
BZ,BZ,KANZHUN LIMITED American Depository Shares,,Technology,Computer Software: Programming Data Processing
C,C,Citigroup Inc.,,Finance,Major Banks
CAAP,CAAP,Corporacion America Airports SA,,Consumer Discretionary,Aerospace
CACC,CACC,Credit Acceptance Corporation,,Finance,Finance: Consumer Services
CACI,CACI,CACI International Inc. Class A,,Technology,EDP Services
CAE,CAE,CAE Inc.,,Miscellaneous,Industrial Machinery/Components
CAG,CAG,ConAgra Brands Inc.,,Consumer Staples,Packaged Foods
CAH,CAH,Cardinal Health Inc.,,Health Care,Other Pharmaceuticals
CAI,CAI,Caris Life Sciences Inc.,,Health Care,Medical Specialities
CALM,CALM,Cal-Maine Foods Inc.,,Consumer Staples,Farming/Seeds/Milling
CAMT,CAMT,Camtek Ltd.,,Technology,Electronic Components
CAR,CAR,Avis Budget Group Inc.,,Consumer Discretionary,Rental/Leasing Companies
CARR,CARR,Carrier Global Corporation,,Industrials,Industrial Machinery/Components
CART,CART,Maplebear Inc.,,Consumer Discretionary,Business Services
CASY,CASY,Casey's General Stores Inc.,,Consumer Discretionary,Retail-Auto Dealers and Gas Stations
CAT,CAT,Caterpillar Inc.,,Industrials,Construction/Ag Equipment/Trucks
CATY,CATY,Cathay General Bancorp,,Finance,Major Banks
CAVA,CAVA,CAVA Group Inc.,,Consumer Discretionary,Restaurants
CB,CB,Chubb Limited,,Finance,Property-Casualty Insurers
CBC,CBC,Central Bancompany Inc. Class A,,,
CBOE,CBOE,Cboe Global Markets Inc.,,Finance,Investment Bankers/Brokers/Service
CBRE,CBRE,CBRE Group Inc Common Stock Class A,,Finance,Real Estate
CBSH,CBSH,Commerce Bancshares Inc.,,Finance,Major Banks
CBT,CBT,Cabot Corporation,,Industrials,Major Chemicals
CC,CC,Chemours Company (The),,Industrials,Major Chemicals
CCEP,CCEP,Coca-Cola Europacific Partners plc,,Consumer Staples,Beverages (Production/Distribution)
CCI,CCI,Crown Castle Inc.,,Real Estate,Real Estate Investment Trusts
CCJ,CCJ,Cameco Corporation,,Basic Materials,Other Metals and Minerals
CCK,CCK,Crown Holdings Inc.,,Industrials,Containers/Packaging
CCL,CCL,Carnival Corporation Ltd.,,Consumer Discretionary,Marine Transportation
CCZ,CCZ,Comcast Holdings ZONES,,Telecommunications,Cable & Other Pay Television Services
CDE,CDE,Coeur Mining Inc.,,Basic Materials,Precious Metals
CDNS,CDNS,Cadence Design Systems Inc.,,Technology,Computer Software: Prepackaged Software
CDP,CDP,COPT Defense Properties Common Shares of Beneficial Interest,,Real Estate,Real Estate Investment Trusts
CDW,CDW,CDW Corporation,,Technology,Retail: Computer Software & Peripheral Equipment
CE,CE,Celanese Corporation,,Industrials,Major Chemicals
CEG,CEG,Constellation Energy Corporation,,Utilities,Electric Utilities: Central
CELC,CELC,Celcuity Inc.,,Health Care,Medical Specialities
CELH,CELH,Celsius Holdings Inc.,,Consumer Staples,Beverages (Production/Distribution)
CENX,CENX,Century Aluminum Company,,Industrials,Aluminum
CET,CET,Central Securities Corporation,,Finance,Finance/Investors Services
CF,CF,CF Industries Holdings Inc.,,Industrials,Agricultural Chemicals
CFG,CFG,Citizens Financial Group Inc.,,Finance,Major Banks
CFR,CFR,Cullen/Frost Bankers Inc.,,Finance,Major Banks
CG,CG,The Carlyle Group Inc.,,Finance,Investment Managers
CGNX,CGNX,Cognex Corporation,,Industrials,Industrial Machinery/Components
CGON,CGON,CG Oncology Inc.,,Health Care,Biotechnology: Biological Products (No Diagnostic Substances)
CHD,CHD,Church & Dwight Company Inc.,,Consumer Discretionary,Package Goods/Cosmetics
CHDN,CHDN,Churchill Downs Incorporated,,Consumer Discretionary,Services-Misc. Amusement & Recreation
CHE,CHE,Chemed Corp,,Health Care,Medical/Nursing Services
CHH,CHH,Choice Hotels International Inc.,,Consumer Discretionary,Hotels/Resorts
CHKP,CHKP,Check Point Software Technologies Ltd.,,Technology,Computer Software: Prepackaged Software
CHRD,CHRD,Chord Energy Corporation,,Energy,Oil & Gas Production
CHRW,CHRW,C.H. Robinson Worldwide Inc.,,Industrials,Integrated Freight & Logistics
CHT,CHT,Chunghwa Telecom Co. Ltd.,,Telecommunications,Telecommunications Equipment
CHTR,CHTR,Charter Communications Inc. Class A Common Stock New,,Telecommunications,Cable & Other Pay Television Services
CHWY,CHWY,Chewy Inc. Class A,,Consumer Discretionary,Catalog/Specialty Distribution
CHYM,CHYM,Chime Financial Inc. Class A,,Finance,Finance: Consumer Services
CI,CI,The Cigna Group,,Health Care,Medical Specialities
CIEN,CIEN,Ciena Corporation,,Utilities,Telecommunications Equipment
CIFR,CIFR,Cipher Digital Inc.,,Finance,Finance: Consumer Services
CIG,CIG,Comp En De Mn Cemig ADS American Depositary Shares,,Utilities,Electric Utilities: Central
CIGI,CIGI,Colliers International Group Inc. Subordinate Voting Shares,,Finance,Real Estate
CINF,CINF,Cincinnati Financial Corporation,,Finance,Property-Casualty Insurers
CL,CL,Colgate-Palmolive Company,,Consumer Discretionary,Package Goods/Cosmetics
CLF,CLF,Cleveland-Cliffs Inc.,,Basic Materials,Metal Mining
CLH,CLH,Clean Harbors Inc.,,Industrials,Environmental Services
CLS,CLS,Celestica Inc.,,Technology,Electrical Products
CLX,CLX,Clorox Company (The),,Consumer Discretionary,Specialty Chemicals
CM,CM,Canadian Imperial Bank of Commerce,,Finance,Commercial Banks
CMBT,CMBT,CMB.TECH NV,,Consumer Discretionary,Marine Transportation
CMC,CMC,Commercial Metals Company,,Industrials,Steel/Iron Ore
CMCM,CMCM,Cheetah Mobile Inc. American Depositary Shares each representing fifty (50) Class A,,Technology,Computer Software: Prepackaged Software
CMCSA,CMCSA,Comcast Corporation Class A,,Telecommunications,Cable & Other Pay Television Services
CME,CME,CME Group Inc. Class A,,Finance,Investment Bankers/Brokers/Service
CMG,CMG,Chipotle Mexican Grill Inc.,,Consumer Discretionary,Restaurants
CMI,CMI,Cummins Inc.,,Industrials,Industrial Machinery/Components
CMS,CMS,CMS Energy Corporation,,Utilities,Power Generation
CNA,CNA,CNA Financial Corporation,,Finance,Property-Casualty Insurers
CNC,CNC,Centene Corporation,,Health Care,Medical Specialities
CNH,CNH,CNH Industrial N.V.,,Industrials,Construction/Ag Equipment/Trucks
CNI,CNI,Canadian National Railway Company,,Industrials,Railroads
CNM,CNM,Core & Main Inc. Class A,,Consumer Discretionary,Durable Goods
CNO,CNO,CNO Financial Group Inc.,,Finance,Accident &Health Insurance
CNP,CNP,CenterPoint Energy Inc (Holding Co),,Utilities,Electric Utilities: Central
CNQ,CNQ,Canadian Natural Resources Limited,,Energy,Oil & Gas Production
CNR,CNR,Core Natural Resources Inc.,,Energy,Coal Mining
CNS,CNS,Cohen & Steers Inc,,Finance,Investment Managers
CNTA,CNTA,Centessa Pharmaceuticals plc American Depositary Shares,,Health Care,Biotechnology: Pharmaceutical Preparations
CNX,CNX,CNX Resources Corporation,,Energy,Oil & Gas Production
COCO,COCO,The Vita Coco Company Inc.,,Consumer Staples,Beverages (Production/Distribution)
COF,COF,Capital One Financial Corporation,,Finance,Major Banks
COGT,COGT,Cogent Biosciences Inc.,,Health Care,Biotechnology: Pharmaceutical Preparations
COHR,COHR,Coherent Corp.,,Technology,Electronic Components
COIN,COIN,Coinbase Global Inc. Class A,,Finance,Finance: Consumer Services
COKE,COKE,Coca-Cola Consolidated Inc.,,Consumer Staples,Beverages (Production/Distribution)
COLB,COLB,Columbia Banking System Inc.,,Finance,Major Banks
COMP,COMP,Compass Inc. Class A,,Technology,EDP Services
COO,COO,The Cooper Companies Inc.,,Health Care,Ophthalmic Goods
COP,COP,ConocoPhillips,,Energy,Integrated oil Companies
COR,COR,Cencora Inc.,,Health Care,Other Pharmaceuticals
CORT,CORT,Corcept Therapeutics Incorporated,,Health Care,Biotechnology: Pharmaceutical Preparations
CORZ,CORZ,Core Scientific Inc.,,Finance,Finance: Consumer Services
COST,COST,Costco Wholesale Corporation,,Consumer Discretionary,Department/Specialty Retail Stores
CP,CP,Canadian Pacific Kansas City Limited,,Industrials,Railroads
CPA,CPA,Copa Holdings S.A. Class A,,Consumer Discretionary,Air Freight/Delivery Services
CPAY,CPAY,Corpay Inc.,,Consumer Discretionary,Business Services
CPB,CPB,The Campbell's Company,,Consumer Staples,Packaged Foods
CPNG,CPNG,Coupang Inc. Class A,,Consumer Discretionary,Catalog/Specialty Distribution
CPRT,CPRT,Copart Inc. (DE),,Consumer Discretionary,Retail-Auto Dealers and Gas Stations
CPRX,CPRX,Catalyst Pharmaceuticals Inc.,,Health Care,Biotechnology: Pharmaceutical Preparations
CPT,CPT,Camden Property Trust,,Real Estate,Real Estate Investment Trusts
CR,CR,Crane Company,,Industrials,Metal Fabrications
CRBG,CRBG,Corebridge Financial Inc.,,Finance,Life Insurance
CRC,CRC,California Resources Corporation,,Energy,Oil & Gas Production
CRCL,CRCL,Circle Internet Group Inc. Class A,,Finance,Finance: Consumer Services
CRDO,CRDO,Credo Technology Group Holding Ltd,,Technology,Semiconductors
CRGY,CRGY,Crescent Energy Company Class A,,Energy,Oil & Gas Production
CRH,CRH,CRH PLC,,Industrials,Building Materials
CRK,CRK,Comstock Resources Inc.,,Energy,Oil & Gas Production
CRL,CRL,Charles River Laboratories International Inc.,,Health Care,Biotechnology: Commercial Physical & Biological Resarch
CRM,CRM,Salesforce Inc.,,Technology,Computer Software: Prepackaged Software
CRNX,CRNX,Crinetics Pharmaceuticals Inc.,,Health Care,Biotechnology: Pharmaceutical Preparations
CROX,CROX,Crocs Inc.,,Consumer Discretionary,Shoe Manufacturing
CRS,CRS,Carpenter Technology Corporation,,Industrials,Steel/Iron Ore
CRSP,CRSP,CRISPR Therapeutics AG,,Health Care,Biotechnology: Biological Products (No Diagnostic Substances)
CRUS,CRUS,Cirrus Logic Inc.,,Technology,Semiconductors
CRWD,CRWD,CrowdStrike Holdings Inc. Class A,,Technology,Computer Software: Prepackaged Software
CRWV,CRWV,CoreWeave Inc. Class A,,Technology,Computer Software: Prepackaged Software
CSAN,CSAN,Cosan S.A. ADS,,Consumer Discretionary,Retail-Auto Dealers and Gas Stations
CSCO,CSCO,Cisco Systems Inc. Common Stock (DE),,Telecommunications,Computer Communications Equipment
CSGP,CSGP,CoStar Group Inc.,,Finance,Real Estate
CSL,CSL,Carlisle Companies Incorporated,,Industrials,Specialty Chemicals
CSTM,CSTM,Constellium SE Ordinary Shares (France),,Industrials,Metal Fabrications
CSW,CSW,CSW Industrials Inc.,,Industrials,Home Furnishings
CSX,CSX,CSX Corporation,,Industrials,Railroads
CTAS,CTAS,Cintas Corporation,,Industrials,Garments and Clothing
CTRA,CTRA,Coterra Energy Inc.,,Energy,Oil & Gas Production
CTRE,CTRE,CareTrust REIT Inc.,,Real Estate,Real Estate Investment Trusts
CTRI,CTRI,Centuri Holdings Inc.,,Utilities,Oil & Gas Production
CTSH,CTSH,Cognizant Technology Solutions Corporation Class A,,Technology,EDP Services
CTVA,CTVA,Corteva Inc.,,Consumer Staples,Farming/Seeds/Milling
CUBE,CUBE,CubeSmart,,Real Estate,Real Estate Investment Trusts
CUK,CUK,Carnival plc,,Consumer Discretionary,Marine Transportation
CUZ,CUZ,Cousins Properties Incorporated,,Real Estate,Real Estate Investment Trusts
CVCO,CVCO,Cavco Industries Inc. Common Stock When Issued,,Consumer Discretionary,Homebuilding
CVE,CVE,Cenovus Energy Inc,,Energy,Oil & Gas Production
CVI,CVI,CVR Energy Inc.,,Energy,Integrated oil Companies
CVLT,CVLT,Commvault Systems Inc.,,Technology,Computer Software: Prepackaged Software
CVNA,CVNA,Carvana Co. Class A,,Consumer Discretionary,Retail-Auto Dealers and Gas Stations
CVS,CVS,CVS Health Corporation,,Consumer Staples,Retail-Drug Stores and Proprietary Stores
CVSA,CVSA,Covista Inc.,,Real Estate,Other Consumer Services
CVX,CVX,Chevron Corporation,,Energy,Integrated oil Companies
CW,CW,Curtiss-Wright Corporation,,Technology,Industrial Machinery/Components
CWAN,CWAN,Clearwater Analytics Holdings Inc. Class A,,Technology,Computer Software: Prepackaged Software
CWEN,CWEN,Clearway Energy Inc. Class C,,Utilities,Electric Utilities: Central
CWST,CWST,Casella Waste Systems Inc. Class A,,Utilities,Environmental Services
CX,CX,Cemex S.A.B. de C.V. Sponsored ADR,,Industrials,Building Materials
CYTK,CYTK,Cytokinetics Incorporated,,Health Care,Biotechnology: Pharmaceutical Preparations
CZR,CZR,Caesars Entertainment Inc.,,Consumer Discretionary,Hotels/Resorts
D,D,Dominion Energy Inc.,,Utilities,Electric Utilities: Central
DAL,DAL,Delta Air Lines Inc.,,Consumer Discretionary,Air Freight/Delivery Services
DAN,DAN,Dana Incorporated,,Consumer Discretionary,Auto Parts:O.E.M.
DAR,DAR,Darling Ingredients Inc.,,Consumer Staples,Packaged Foods
DASH,DASH,DoorDash Inc. Class A,,Technology,EDP Services
DB,DB,Deutsche Bank AG,,Finance,Major Banks
DBX,DBX,Dropbox Inc. Class A,,Technology,Computer Software: Prepackaged Software
DCI,DCI,Donaldson Company Inc.,,Industrials,Pollution Control Equipment
DD,DD,DuPont de Nemours Inc.,,Industrials,Major Chemicals
DDOG,DDOG,Datadog Inc. Class A,,Technology,Computer Software: Prepackaged Software
DDS,DDS,Dillard's Inc.,,Consumer Discretionary,Department/Specialty Retail Stores
DE,DE,Deere & Company,,Industrials,Industrial Machinery/Components
DECK,DECK,Deckers Outdoor Corporation,,Consumer Discretionary,Shoe Manufacturing
DELL,DELL,Dell Technologies Inc. Class C,,Technology,Computer Manufacturing
DEO,DEO,Diageo plc,,Consumer Staples,Beverages (Production/Distribution)
DG,DG,Dollar General Corporation,,Consumer Discretionary,Department/Specialty Retail Stores
DGX,DGX,Quest Diagnostics Incorporated,,Health Care,Medical Specialities
DHI,DHI,D.R. Horton Inc.,,Consumer Discretionary,Homebuilding
DHR,DHR,Danaher Corporation,,Industrials,Industrial Machinery/Components
DINO,DINO,HF Sinclair Corporation,,Energy,Natural Gas Distribution
DIOD,DIOD,Diodes Incorporated,,Technology,Semiconductors
DIS,DIS,Walt Disney Company (The),,Consumer Discretionary,Services-Misc. Amusement & Recreation
DKNG,DKNG,DraftKings Inc. Class A,,Consumer Discretionary,Services-Misc. Amusement & Recreation
DKS,DKS,Dick's Sporting Goods Inc,,Consumer Discretionary,Other Specialty Stores
DLB,DLB,Dolby Laboratories,,Miscellaneous,Multi-Sector Companies
DLO,DLO,DLocal Limited Class A,,Consumer Discretionary,Business Services
DLR,DLR,Digital Realty Trust Inc.,,Real Estate,Real Estate Investment Trusts
DLTR,DLTR,Dollar Tree Inc.,,Consumer Discretionary,Department/Specialty Retail Stores
DNTH,DNTH,Dianthus Therapeutics Inc.,,Health Care,Biotechnology: Pharmaceutical Preparations
DOC,DOC,Healthpeak Properties Inc.,,Real Estate,Real Estate Investment Trusts
DOCN,DOCN,DigitalOcean Holdings Inc.,,Technology,Computer Software: Programming Data Processing
DOCS,DOCS,Doximity Inc. Class A,,Technology,EDP Services
DOCU,DOCU,DocuSign Inc.,,Technology,Computer Software: Prepackaged Software
DOO,DOO,BRP Inc. Common Subordinate Voting Shares,,Consumer Discretionary,Industrial Specialties
DORM,DORM,Dorman Products Inc.,,Consumer Discretionary,Auto Parts:O.E.M.
DOV,DOV,Dover Corporation,,Industrials,Industrial Machinery/Components
DOW,DOW,Dow Inc.,,Industrials,Major Chemicals
DOX,DOX,Amdocs Limited,,Technology,EDP Services
DPZ,DPZ,Domino's Pizza Inc,,Consumer Discretionary,Food Distributors
DRI,DRI,Darden Restaurants Inc.,,Consumer Discretionary,Restaurants
DRS,DRS,Leonardo DRS Inc.,,Industrials,Industrial Machinery/Components
DSGX,DSGX,Descartes Systems Group Inc. (The),,Technology,Computer Software: Prepackaged Software
DT,DT,Dynatrace Inc.,,Technology,Computer Software: Prepackaged Software
DTE,DTE,DTE Energy Company,,Utilities,Electric Utilities: Central
DTM,DTM,DT Midstream Inc.,,Utilities,Natural Gas Distribution
DUK,DUK,Duke Energy Corporation (Holding Company),,Utilities,Power Generation
DUOL,DUOL,Duolingo Inc. Class A,,Technology,Computer Software: Prepackaged Software
DVA,DVA,DaVita Inc.,,Health Care,Misc Health and Biotechnology Services
DVN,DVN,Devon Energy Corporation,,Energy,Oil & Gas Production
DXCM,DXCM,DexCom Inc.,,Health Care,Medical/Dental Instruments
DY,DY,Dycom Industries Inc.,,Industrials,Water Sewer Pipeline Comm & Power Line Construction
E,E,ENI S.p.A.,,Energy,Oil & Gas Production
EA,EA,Electronic Arts Inc.,,Consumer Discretionary,Services-Misc. Amusement & Recreation
EAT,EAT,Brinker International Inc.,,Consumer Discretionary,Restaurants
EBAY,EBAY,eBay Inc.,,Consumer Discretionary,Business Services
EBC,EBC,Eastern Bankshares Inc.,,Finance,Savings Institutions
EC,EC,Ecopetrol S.A. American Depositary Shares,,Energy,Oil & Gas Production
ECG,ECG,Everus Construction Group Inc.,,Consumer Discretionary,Homebuilding
ECL,ECL,Ecolab Inc.,,Consumer Discretionary,Package Goods/Cosmetics
ED,ED,Consolidated Edison Inc.,,Utilities,Power Generation
EDU,EDU,New Oriental Education & Technology Group Inc. Sponsored ADR representing 10 Ordinary Share (Cayman Islands),,Real Estate,Other Consumer Services
EE,EE,Excelerate Energy Inc. Class A,,Utilities,Oil/Gas Transmission
EFX,EFX,Equifax Inc.,,Finance,Finance: Consumer Services
EG,EG,Everest Group Ltd.,,Finance,Property-Casualty Insurers
EGO,EGO,Eldorado Gold Corporation,,Basic Materials,Precious Metals
EGP,EGP,EastGroup Properties Inc.,,Real Estate,Real Estate Investment Trusts
EHC,EHC,Encompass Health Corporation,,Health Care,Hospital/Nursing Management
EIX,EIX,Edison International,,Utilities,Electric Utilities: Central
EL,EL,Estee Lauder Companies Inc. (The),,Consumer Discretionary,Package Goods/Cosmetics
ELAN,ELAN,Elanco Animal Health Incorporated,,Health Care,Biotechnology: Pharmaceutical Preparations
ELF,ELF,e.l.f. Beauty Inc.,,Consumer Discretionary,Package Goods/Cosmetics
ELPC,ELPC,Companhia Paranaense de Energia (COPEL) American Depositary Shares (each representing four (4) Common Shares),,Utilities,Electric Utilities: Central
ELS,ELS,Equity Lifestyle Properties Inc.,,Real Estate,Real Estate Investment Trusts
ELV,ELV,Elevance Health Inc.,,Health Care,Medical Specialities
EMA,EMA,Emera Incorporated,,Utilities,Electric Utilities: Central
EMBJ,EMBJ,Embraer S.A.,,Industrials,Aerospace
EME,EME,EMCOR Group Inc.,,Industrials,Engineering & Construction
EMN,EMN,Eastman Chemical Company,,Industrials,Major Chemicals
EMR,EMR,Emerson Electric Company,,Technology,Consumer Electronics/Appliances
ENB,ENB,Enbridge Inc,,Energy,Natural Gas Distribution
ENIC,ENIC,Enel Chile S.A. American Depositary Shares (Each representing 50 shares of Common Stock),,Utilities,Electric Utilities: Central
ENLT,ENLT,Enlight Renewable Energy Ltd.,,Utilities,Electric Utilities: Central
ENPH,ENPH,Enphase Energy Inc.,,Technology,Semiconductors
ENS,ENS,EnerSys,,Technology,Industrial Machinery/Components
ENSG,ENSG,The Ensign Group Inc.,,Health Care,Hospital/Nursing Management
ENTG,ENTG,Entegris Inc.,,Industrials,Plastic Products
ENVA,ENVA,Enova International Inc.,,Finance,Finance: Consumer Services
EOG,EOG,EOG Resources Inc.,,Energy,Oil & Gas Production
EPAM,EPAM,EPAM Systems Inc.,,Technology,EDP Services
EPD,EPD,Enterprise Products Partners L.P.,,Utilities,Natural Gas Distribution
EPR,EPR,EPR Properties,,Real Estate,Real Estate Investment Trusts
EPRT,EPRT,Essential Properties Realty Trust Inc.,,Real Estate,Real Estate Investment Trusts
EQH,EQH,Equitable Holdings Inc.,,Finance,Specialty Insurers
EQIX,EQIX,Equinix Inc. Common Stock REIT,,Real Estate,Real Estate Investment Trusts
EQNR,EQNR,Equinor ASA,,Energy,Integrated oil Companies
EQPT,EQPT,EquipmentShare.com Inc Class A,,Consumer Discretionary,Diversified Commercial Services
EQR,EQR,Equity Residential Common Shares of Beneficial Interest,,Real Estate,Real Estate Investment Trusts
EQT,EQT,EQT Corporation,,Energy,Oil & Gas Production
EQX,EQX,Equinox Gold Corp.,,Basic Materials,Precious Metals
ERIC,ERIC,Ericsson American Depositary Shares,,Technology,Radio And Television Broadcasting And Communications Equipment
ERIE,ERIE,Erie Indemnity Company Class A,,Finance,Specialty Insurers
ES,ES,Eversource Energy (D/B/A),,Utilities,Electric Utilities: Central
ESAB,ESAB,ESAB Corporation,,Industrials,Industrial Machinery/Components
ESE,ESE,ESCO Technologies Inc.,,Telecommunications,Telecommunications Equipment
ESI,ESI,Element Solutions Inc.,,Industrials,Major Chemicals
ESLT,ESLT,Elbit Systems Ltd.,,Industrials,Military/Government/Technical
ESNT,ESNT,Essent Group Ltd.,,Finance,Property-Casualty Insurers
ESS,ESS,Essex Property Trust Inc.,,Real Estate,Real Estate Investment Trusts
ESTC,ESTC,Elastic N.V.,,Technology,Computer Software: Prepackaged Software
ETN,ETN,Eaton Corporation PLC,,Technology,Industrial Machinery/Components
ETR,ETR,Entergy Corporation,,Utilities,Electric Utilities: Central
ETSY,ETSY,Etsy Inc.,,Consumer Discretionary,Business Services
EVR,EVR,Evercore Inc. Class A,,Finance,Investment Managers
EVRG,EVRG,Evergy Inc.,,Utilities,Power Generation
EW,EW,Edwards Lifesciences Corporation,,Health Care,Industrial Specialties
EWBC,EWBC,East West Bancorp Inc.,,Finance,Major Banks
EWTX,EWTX,Edgewise Therapeutics Inc.,,Health Care,Biotechnology: Pharmaceutical Preparations
EXC,EXC,Exelon Corporation,,Utilities,Power Generation
EXE,EXE,Expand Energy Corporation,,Energy,Oil & Gas Production
EXEL,EXEL,Exelixis Inc.,,Health Care,Biotechnology: Biological Products (No Diagnostic Substances)
EXLS,EXLS,ExlService Holdings Inc.,,Consumer Discretionary,Business Services
EXP,EXP,Eagle Materials Inc,,Industrials,Building Materials
EXPD,EXPD,Expeditors International of Washington Inc.,,Industrials,Integrated Freight & Logistics
EXPE,EXPE,Expedia Group Inc.,,Consumer Discretionary,Transportation Services
EXR,EXR,Extra Space Storage Inc,,Real Estate,Real Estate Investment Trusts
F,F,Ford Motor Company,,Industrials,Auto Manufacturing
FAF,FAF,First American Corporation (New),,Finance,Specialty Insurers
FANG,FANG,Diamondback Energy Inc.,,Energy,Oil & Gas Production
FAST,FAST,Fastenal Company,,Consumer Discretionary,RETAIL: Building Materials
FBIN,FBIN,Fortune Brands Innovations Inc.,,Basic Materials,Forest Products
FBP,FBP,First BanCorp. New,,Finance,Major Banks
FCFS,FCFS,FirstCash Holdings Inc.,,Consumer Discretionary,Other Specialty Stores
FCN,FCN,FTI Consulting Inc.,,Consumer Discretionary,Professional Services
FCNCA,FCNCA,First Citizens BancShares Inc. Class A,,Finance,Major Banks
FCX,FCX,Freeport-McMoRan Inc.,,Basic Materials,Metal Mining
FDS,FDS,FactSet Research Systems Inc.,,Technology,Computer Software: Programming Data Processing
FDX,FDX,FedEx Corporation,,Consumer Discretionary,Air Freight/Delivery Services
FE,FE,FirstEnergy Corp.,,Utilities,Electric Utilities: Central
FELE,FELE,Franklin Electric Co. Inc.,,Consumer Discretionary,Metal Fabrications
FER,FER,Ferrovial N.V.,,Industrials,Military/Government/Technical
FERG,FERG,Ferguson Enterprises Inc.,,Miscellaneous,Miscellaneous
FFIN,FFIN,First Financial Bankshares Inc.,,Finance,Major Banks
FFIV,FFIV,F5 Inc.,,Telecommunications,Computer Communications Equipment
FG,FG,F&G Annuities & Life Inc.,,Finance,Life Insurance
FHI,FHI,Federated Hermes Inc.,,Finance,Investment Managers
FHN,FHN,First Horizon Corporation,,Finance,Major Banks
FIBK,FIBK,First Interstate BancSystem Inc. Common Stock (DE),,Finance,Major Banks
FICO,FICO,Fair Isaac Corporation,,Consumer Discretionary,Business Services
FIG,FIG,Figma Inc. Class A,,Technology,Computer Software: Prepackaged Software
FIGR,FIGR,Figure Technology Solutions Inc. Class A,,Finance,Finance: Consumer Services
FIS,FIS,Fidelity National Information Services Inc.,,Consumer Discretionary,Business Services
FISV,FISV,Fiserv Inc.,,Consumer Discretionary,Business Services
FITB,FITB,Fifth Third Bancorp,,Finance,Major Banks
FIVE,FIVE,Five Below Inc.,,Consumer Discretionary,Department/Specialty Retail Stores
FIX,FIX,Comfort Systems USA Inc.,,Industrials,Engineering & Construction
FLEX,FLEX,Flex Ltd.,,Technology,Electrical Products
FLG,FLG,Flagstar Bank N.A.,,Finance,Banks
FLR,FLR,Fluor Corporation,,Industrials,Military/Government/Technical
FLS,FLS,Flowserve Corporation,,Industrials,Fluid Controls
FLUT,FLUT,Flutter Entertainment plc,,Technology,Computer Software: Programming Data Processing
FLY,FLY,Firefly Aerospace Inc.,,Industrials,Military/Government/Technical
FMS,FMS,Fresenius Medical Care AG American Depositary Shares (Each representing 1/2 of an Ordinary Share),,Health Care,Misc Health and Biotechnology Services
FMX,FMX,Fomento Economico Mexicano S.A.B. de C.V.,,Consumer Staples,Beverages (Production/Distribution)
FN,FN,Fabrinet,,Utilities,Telecommunications Equipment
FNB,FNB,F.N.B. Corporation,,Finance,Major Banks
FND,FND,Floor & Decor Holdings Inc.,,Consumer Discretionary,RETAIL: Building Materials
FNF,FNF,Fidelity National Financial Inc.,,Finance,Specialty Insurers
FNV,FNV,Franco-Nevada Corporation,,Basic Materials,Precious Metals
FORM,FORM,FormFactor Inc. FormFactor Inc.,,Technology,Semiconductors
FOX,FOX,Fox Corporation Class B,,Industrials,Broadcasting
FOXA,FOXA,Fox Corporation Class A,,Industrials,Broadcasting
FPS,FPS,Forgent Power Solutions Inc. Class A,,Energy,Industrial Machinery/Components
FR,FR,First Industrial Realty Trust Inc.,,Real Estate,Real Estate Investment Trusts
FRHC,FRHC,Freedom Holding Corp.,,Finance,Investment Bankers/Brokers/Service
FRO,FRO,Frontline Plc,,Consumer Discretionary,Marine Transportation
FROG,FROG,JFrog Ltd.,,Technology,Computer Software: Prepackaged Software
FRT,FRT,Federal Realty Investment Trust,,Real Estate,Real Estate Investment Trusts
FSLR,FSLR,First Solar Inc.,,Technology,Semiconductors
FSLY,FSLY,Fastly Inc. Class A,,Technology,Computer Software: Prepackaged Software
FSS,FSS,Federal Signal Corporation,,Industrials,Auto Manufacturing
FSV,FSV,FirstService Corporation,,Finance,Real Estate
FTAI,FTAI,FTAI Aviation Ltd.,,Industrials,Misc Corporate Leasing Services
FTDR,FTDR,Frontdoor Inc.,,Consumer Discretionary,Diversified Commercial Services
FTI,FTI,TechnipFMC plc Ordinary Share,,Consumer Discretionary,Oil and Gas Field Machinery
FTNT,FTNT,Fortinet Inc.,,Technology,Computer peripheral equipment
FTS,FTS,Fortis Inc.,,Utilities,Electric Utilities: Central
FTV,FTV,Fortive Corporation,,Industrials,Industrial Machinery/Components
FULT,FULT,Fulton Financial Corporation,,Finance,Major Banks
FUTU,FUTU,Futu Holdings Limited American Depositary Shares,,Finance,Investment Bankers/Brokers/Service
FWONA,FWONA,Liberty Media Corporation Series A Liberty Formula One,,Industrials,Broadcasting
FWONK,FWONK,Liberty Media Corporation Series C Liberty Formula One,,Industrials,Broadcasting
G,G,Genpact Limited,,Consumer Discretionary,Professional Services
GAP,GAP,Gap Inc. (The),,Consumer Discretionary,Clothing/Shoe/Accessory Stores
GATX,GATX,GATX Corporation,,Consumer Discretionary,Transportation Services
GBCI,GBCI,Glacier Bancorp Inc.,,Finance,Major Banks
GBTG,GBTG,Global Business Travel Group Inc. Class A,,Consumer Discretionary,Transportation Services
GD,GD,General Dynamics Corporation,,Industrials,Marine Transportation
GDDY,GDDY,GoDaddy Inc. Class A,,Technology,EDP Services
GDS,GDS,GDS Holdings Limited ADS,,Technology,Computer Software: Programming Data Processing
GE,GE,GE Aerospace,,Technology,Consumer Electronics/Appliances
GEHC,GEHC,GE HealthCare Technologies Inc.,,Health Care,Medical Electronics
GEN,GEN,Gen Digital Inc.,,Technology,Computer Software: Prepackaged Software
GEV,GEV,GE Vernova Inc.,,,
GFF,GFF,Griffon Corporation,,Industrials,Building Products
GFI,GFI,Gold Fields Limited American Depositary Shares,,Basic Materials,Precious Metals
GFL,GFL,GFL Environmental Inc. Subordinate voting shares no par value,,Utilities,Environmental Services
GFS,GFS,GlobalFoundries Inc.,,Technology,Semiconductors
GGAL,GGAL,Grupo Financiero Galicia S.A. American Depositary Shares,,Finance,Commercial Banks
GGB,GGB,Gerdau S.A.,,Industrials,Steel/Iron Ore
GGG,GGG,Graco Inc.,,Industrials,Fluid Controls
GH,GH,Guardant Health Inc.,,Health Care,Medical Specialities
GHC,GHC,Graham Holdings Company,,Real Estate,Other Consumer Services
GIB,GIB,CGI Inc.,,Consumer Discretionary,Professional Services
GIL,GIL,Gildan Activewear Inc. Class A Sub. Vot.,,Consumer Discretionary,Apparel
GILD,GILD,Gilead Sciences Inc.,,Health Care,Biotechnology: Biological Products (No Diagnostic Substances)
GIS,GIS,General Mills Inc.,,Consumer Staples,Packaged Foods
GKOS,GKOS,Glaukos Corporation,,Health Care,Medical/Dental Instruments
GL,GL,Globe Life Inc.,,Finance,Life Insurance
GLBE,GLBE,Global-E Online Ltd.,,Technology,Computer Software: Prepackaged Software
GLNG,GLNG,Golar Lng Ltd,,Consumer Discretionary,Marine Transportation
GLPI,GLPI,Gaming and Leisure Properties Inc.,,Real Estate,Real Estate Investment Trusts
GLW,GLW,Corning Incorporated,,Industrials,Telecommunications Equipment
GLXY,GLXY,Galaxy Digital Inc. Class A,,Finance,Investment Bankers/Brokers/Service
GM,GM,General Motors Company,,Industrials,Auto Manufacturing
GMAB,GMAB,Genmab A/S ADS,,Health Care,Biotechnology: Pharmaceutical Preparations
GME,GME,GameStop Corporation,,Consumer Discretionary,Electronics Distribution
GMED,GMED,Globus Medical Inc. Class A,,Health Care,Medical/Dental Instruments
GNRC,GNRC,Generac Holdlings Inc.,,Consumer Discretionary,Metal Fabrications
GNTX,GNTX,Gentex Corporation,,Consumer Discretionary,Auto Parts:O.E.M.
GOLF,GOLF,Acushnet Holdings Corp.,,Consumer Discretionary,Recreational Games/Products/Toys
GOOG,GOOG,Alphabet Inc. Class C Capital Stock,,Technology,Computer Software: Programming Data Processing
GOOGL,GOOGL,Alphabet Inc. Class A,,Technology,Computer Software: Programming Data Processing
GPC,GPC,Genuine Parts Company,,Consumer Discretionary,Automotive Aftermarket
GPGI,GPGI,GPGI Inc. Class A,,Finance,Finance: Consumer Services
GPI,GPI,Group 1 Automotive Inc.,,Consumer Discretionary,Retail-Auto Dealers and Gas Stations
GPN,GPN,Global Payments Inc.,,Consumer Discretionary,Business Services
GPOR,GPOR,Gulfport Energy Corporation,,Energy,Oil & Gas Production
GRAB,GRAB,Grab Holdings Limited Class A,,Consumer Discretionary,Business Services
GRFS,GRFS,Grifols S.A. American Depositary Shares,,Health Care,Biotechnology: Pharmaceutical Preparations
GRMN,GRMN,Garmin Ltd. Common Stock (Switzerland),,Industrials,Industrial Machinery/Components
GS,GS,Goldman Sachs Group Inc. (The),,Finance,Investment Bankers/Brokers/Service
GSAT,GSAT,Globalstar Inc.,,Consumer Discretionary,Telecommunications Equipment
GSK,GSK,GSK plc American Depositary Shares (Each representing two Ordinary Shares),,Health Care,Biotechnology: Pharmaceutical Preparations
GTES,GTES,Gates Industrial Corporation plc,,Industrials,Industrial Machinery/Components
GTLB,GTLB,GitLab Inc. Class A,,Technology,Computer Software: Prepackaged Software
GTLS,GTLS,Chart Industries Inc.,,Industrials,Metal Fabrications
GTX,GTX,Garrett Motion Inc.,,Consumer Discretionary,Auto Parts:O.E.M.
GVA,GVA,Granite Construction Incorporated,,Industrials,Military/Government/Technical
GWRE,GWRE,Guidewire Software Inc.,,Technology,Computer Software: Prepackaged Software
GWW,GWW,W.W. Grainger Inc.,,Industrials,Office Equipment/Supplies/Services
GXO,GXO,GXO Logistics Inc.,,Consumer Discretionary,Transportation Services
H,H,Hyatt Hotels Corporation Class A,,Consumer Discretionary,Hotels/Resorts
HAFN,HAFN,Hafnia Limited,,Consumer Discretionary,Transportation Services
HAL,HAL,Halliburton Company,,Energy,Oilfield Services/Equipment
HALO,HALO,Halozyme Therapeutics Inc.,,Health Care,Biotechnology: Biological Products (No Diagnostic Substances)
HAS,HAS,Hasbro Inc.,,Consumer Discretionary,Recreational Games/Products/Toys
HASI,HASI,HA Sustainable Infrastructure Capital Inc.,,Finance,Finance/Investors Services
HBAN,HBAN,Huntington Bancshares Incorporated,,Finance,Major Banks
HBM,HBM,Hudbay Minerals Inc. Ordinary Shares (Canada),,Basic Materials,Metal Mining
HCA,HCA,HCA Healthcare Inc.,,Health Care,Hospital/Nursing Management
HCC,HCC,Warrior Met Coal Inc.,,Energy,Coal Mining
HD,HD,Home Depot Inc. (The),,Consumer Discretionary,RETAIL: Building Materials
HDB,HDB,HDFC Bank Limited,,Finance,Commercial Banks
HEI,HEI,Heico Corporation,,Industrials,Aerospace
HESM,HESM,Hess Midstream LP Class A Representing Limited Partner Interests,,Energy,Oil & Gas Production
HGTY,HGTY,Hagerty Inc. Class A,,Finance,Specialty Insurers
HGV,HGV,Hilton Grand Vacations Inc.,,Consumer Discretionary,Hotels/Resorts
HHH,HHH,Howard Hughes Holdings Inc.,,Real Estate,Real Estate Investment Trusts
HIG,HIG,The Hartford Insurance Group Inc.,,Finance,Property-Casualty Insurers
HII,HII,Huntington Ingalls Industries Inc.,,Industrials,Marine Transportation
HIMS,HIMS,Hims & Hers Health Inc. Class A,,Health Care,Medical/Nursing Services
HL,HL,Hecla Mining Company,,Industrials,Mining & Quarrying of Nonmetallic Minerals (No Fuels)
HLI,HLI,Houlihan Lokey Inc. Class A,,Finance,Investment Managers
HLN,HLN,Haleon plc American Depositary Shares (Each representing two Ordinary Shares),,Consumer Discretionary,Package Goods/Cosmetics
HLNE,HLNE,Hamilton Lane Incorporated Class A,,Finance,Investment Managers
HLT,HLT,Hilton Worldwide Holdings Inc.,,Consumer Discretionary,Hotels/Resorts
HMC,HMC,Honda Motor Company Ltd.,,Industrials,Auto Manufacturing
HMY,HMY,Harmony Gold Mining Company Limited,,Basic Materials,Precious Metals
HNGE,HNGE,Hinge Health Inc. Class A,,Technology,EDP Services
HOMB,HOMB,Home BancShares Inc.,,Finance,Major Banks
HON,HON,Honeywell International Inc.,,Industrials,Aerospace
HOOD,HOOD,Robinhood Markets Inc. Class A,,Finance,Investment Bankers/Brokers/Service
HP,HP,Helmerich & Payne Inc.,,Energy,Oil & Gas Production
HPE,HPE,Hewlett Packard Enterprise Company,,Technology,Retail: Computer Software & Peripheral Equipment
HPQ,HPQ,HP Inc.,,Technology,Computer Manufacturing
HQY,HQY,HealthEquity Inc.,,Consumer Discretionary,Business Services
HR,HR,Healthcare Realty Trust Incorporated,,Real Estate,Real Estate Investment Trusts
HRB,HRB,H&R Block Inc.,,Consumer Discretionary,Other Consumer Services
HRI,HRI,Herc Holdings Inc.,,Industrials,Misc Corporate Leasing Services
HRL,HRL,Hormel Foods Corporation,,Consumer Staples,Meat/Poultry/Fish
HSBC,HSBC,HSBC Holdings plc.,,Finance,Savings Institutions
HSIC,HSIC,Henry Schein Inc.,,Health Care,Medical Specialities
HST,HST,Host Hotels & Resorts Inc.,,Real Estate,Real Estate Investment Trusts
HSY,HSY,The Hershey Company,,Consumer Staples,Specialty Foods
HTHT,HTHT,H World Group Limited American Depositary Shares,,Consumer Discretionary,Hotels/Resorts
HUBB,HUBB,Hubbell Inc,,Technology,Electrical Products
HUBS,HUBS,HubSpot Inc.,,Technology,Computer Software: Prepackaged Software
HUM,HUM,Humana Inc.,,Health Care,Medical Specialities
HUT,HUT,Hut 8 Corp.,,Finance,Finance: Consumer Services
HWC,HWC,Hancock Whitney Corporation,,Finance,Major Banks
HWM,HWM,Howmet Aerospace Inc.,,Industrials,Metal Fabrications
HXL,HXL,Hexcel Corporation,,Industrials,Major Chemicals
IAG,IAG,Iamgold Corporation,,Basic Materials,Precious Metals
IBKR,IBKR,Interactive Brokers Group Inc. Class A,,Finance,Investment Bankers/Brokers/Service
IBM,IBM,International Business Machines Corporation,,Technology,Computer Manufacturing
IBN,IBN,ICICI Bank Limited,,Finance,Commercial Banks
IBOC,IBOC,International Bancshares Corporation,,Finance,Major Banks
IBP,IBP,Installed Building Products Inc.,,Consumer Discretionary,Homebuilding
IBRX,IBRX,ImmunityBio Inc.,,Health Care,Biotechnology: Biological Products (No Diagnostic Substances)
ICE,ICE,Intercontinental Exchange Inc.,,Finance,Investment Bankers/Brokers/Service
ICL,ICL,ICL Group Ltd.,,Industrials,Agricultural Chemicals
ICLR,ICLR,ICON plc,,Health Care,Biotechnology: Commercial Physical & Biological Resarch
IDA,IDA,IDACORP Inc.,,Utilities,Electric Utilities: Central
IDCC,IDCC,InterDigital Inc.,,Miscellaneous,Multi-Sector Companies
IDXX,IDXX,IDEXX Laboratories Inc.,,Health Care,Biotechnology: In Vitro & In Vivo Diagnostic Substances
IESC,IESC,IES Holdings Inc.,,Industrials,Engineering & Construction
IEX,IEX,IDEX Corporation,,Industrials,Fluid Controls
IFF,IFF,International Flavors & Fragrances Inc.,,Industrials,Major Chemicals
IFS,IFS,Intercorp Financial Services Inc.,,Finance,Commercial Banks
IHG,IHG,Intercontinental Hotels Group American Depositary Shares (Each representing one Ordinary Share),,Consumer Discretionary,Hotels/Resorts
ILMN,ILMN,Illumina Inc.,,Health Care,Medical Specialities
IMO,IMO,Imperial Oil Limited,,Energy,Integrated oil Companies
IMVT,IMVT,Immunovant Inc.,,Health Care,Biotechnology: Biological Products (No Diagnostic Substances)
INCY,INCY,Incyte Corp.,,Health Care,Biotechnology: Commercial Physical & Biological Resarch
INDB,INDB,Independent Bank Corp.,,Finance,Major Banks
INDV,INDV,Indivior Pharmaceuticals Inc.,,Health Care,Biotechnology: Pharmaceutical Preparations
INFY,INFY,Infosys Limited American Depositary Shares,,Technology,EDP Services
ING,ING,ING Group N.V.,,Finance,Commercial Banks
INGM,INGM,Ingram Micro Holding Corporation,,Technology,Retail: Computer Software & Peripheral Equipment
INGR,INGR,Ingredion Incorporated,,Consumer Staples,Packaged Foods
INSM,INSM,Insmed Incorporated,,Health Care,Biotechnology: Pharmaceutical Preparations
INSW,INSW,International Seaways Inc.,,Consumer Discretionary,Marine Transportation
INTC,INTC,Intel Corporation,,Technology,Semiconductors
INTU,INTU,Intuit Inc.,,Technology,Computer Software: Prepackaged Software
INVH,INVH,Invitation Homes Inc.,,Finance,Real Estate
IONQ,IONQ,IonQ Inc.,,Technology,EDP Services
IONS,IONS,Ionis Pharmaceuticals Inc.,,Health Care,Biotechnology: Pharmaceutical Preparations
IOT,IOT,Samsara Inc. Class A,,Technology,EDP Services
IP,IP,International Paper Company,,Basic Materials,Paper
IPGP,IPGP,IPG Photonics Corporation,,Technology,Semiconductors
IQV,IQV,IQVIA Holdings Inc.,,Health Care,Biotechnology: Commercial Physical & Biological Resarch
IR,IR,Ingersoll Rand Inc.,,Industrials,Industrial Machinery/Components
IRDM,IRDM,Iridium Communications Inc,,Telecommunications,Telecommunications Equipment
IREN,IREN,IREN Limited,,Technology,EDP Services
IRM,IRM,Iron Mountain Incorporated (Delaware)Common Stock REIT,,Real Estate,Real Estate Investment Trusts
IRT,IRT,Independence Realty Trust Inc.,,Real Estate,Real Estate Investment Trusts
IRTC,IRTC,iRhythm Holdings Inc.,,Health Care,Medical/Dental Instruments
ISRG,ISRG,Intuitive Surgical Inc.,,Health Care,Industrial Specialties
IT,IT,Gartner Inc.,,Consumer Discretionary,Other Consumer Services
ITRI,ITRI,Itron Inc.,,Industrials,Electrical Products
ITT,ITT,ITT Inc.,,Industrials,Fluid Controls
ITW,ITW,Illinois Tool Works Inc.,,Industrials,Industrial Machinery/Components
IVZ,IVZ,Invesco Ltd,,Finance,Investment Managers
IX,IX,ORIX Corporation American Depositary Shares,,Finance,Diversified Financial Services
J,J,Jacobs Solutions Inc.,,Industrials,Military/Government/Technical
JAN,JAN,Janus Living Inc. Class A-1,,Real Estate,Real Estate Investment Trusts
JAZZ,JAZZ,Jazz Pharmaceuticals plc Common Stock (Ireland),,Health Care,Biotechnology: Pharmaceutical Preparations
JBHT,JBHT,J.B. Hunt Transport Services Inc.,,Industrials,Trucking Freight/Courier Services
JBL,JBL,Jabil Inc.,,Technology,Electrical Products
JBS,JBS,JBS N.V. Class A,,Consumer Staples,Meat/Poultry/Fish
JBTM,JBTM,JBT Marel Corporation,,Industrials,Industrial Machinery/Components
JCI,JCI,Johnson Controls International plc Ordinary Share,,Industrials,Industrial Machinery/Components
JD,JD,JD.com Inc. American Depositary Shares,,Consumer Discretionary,Other Specialty Stores
JEF,JEF,Jefferies Financial Group Inc.,,Finance,Investment Bankers/Brokers/Service
JHG,JHG,Janus Henderson Group plc,,Finance,Investment Managers
JHX,JHX,James Hardie Industries plc.,,Industrials,Building Materials
JKHY,JKHY,Jack Henry & Associates Inc.,,Technology,EDP Services
JLL,JLL,Jones Lang LaSalle Incorporated,,Finance,Real Estate
JNJ,JNJ,Johnson & Johnson,,Health Care,Biotechnology: Pharmaceutical Preparations
JOBY,JOBY,Joby Aviation Inc.,,Industrials,Aerospace
JOE,JOE,St. Joe Company (The),,Real Estate,Homebuilding
JPM,JPM,JP Morgan Chase & Co.,,Finance,Major Banks
JXN,JXN,Jackson Financial Inc. Class A,,Finance,Life Insurance
KB,KB,KB Financial Group Inc,,Finance,Commercial Banks
KBR,KBR,KBR Inc.,,Industrials,Military/Government/Technical
KC,KC,Kingsoft Cloud Holdings Limited American Depositary Shares,,Technology,Computer Software: Prepackaged Software
KDP,KDP,Keurig Dr Pepper Inc.,,Consumer Staples,Beverages (Production/Distribution)
KEN,KEN,Kenon Holdings Ltd.,,Utilities,Electric Utilities: Central
KEP,KEP,Korea Electric Power Corporation,,Utilities,Electric Utilities: Central
KEX,KEX,Kirby Corporation,,Consumer Discretionary,Marine Transportation
KEY,KEY,KeyCorp,,Finance,Major Banks
KEYS,KEYS,Keysight Technologies Inc.,,Industrials,Industrial Machinery/Components
KGC,KGC,Kinross Gold Corporation,,Basic Materials,Precious Metals
KGS,KGS,Kodiak Gas Services Inc.,,Utilities,Natural Gas Distribution
KHC,KHC,The Kraft Heinz Company,,Consumer Staples,Packaged Foods
KIM,KIM,Kimco Realty Corporation (HC),,Real Estate,Real Estate Investment Trusts
KKR,KKR,KKR & Co. Inc.,,Finance,Investment Managers
KLAC,KLAC,KLA Corporation,,Technology,Electronic Components
KLAR,KLAR,Klarna Group plc,,Finance,Finance: Consumer Services
KLIC,KLIC,Kulicke and Soffa Industries Inc.,,Technology,Semiconductors
KMB,KMB,Kimberly-Clark Corporation,,Consumer Discretionary,Containers/Packaging
KMI,KMI,Kinder Morgan Inc.,,Utilities,Natural Gas Distribution
KMX,KMX,CarMax Inc,,Consumer Discretionary,Retail-Auto Dealers and Gas Stations
KNF,KNF,Knife Riv Holding Co.,,Industrials,Mining & Quarrying of Nonmetallic Minerals (No Fuels)
KNSA,KNSA,Kiniksa Pharmaceuticals International plc Class A,,Health Care,Biotechnology: Pharmaceutical Preparations
KNSL,KNSL,Kinsale Capital Group Inc.,,Finance,Property-Casualty Insurers
KNTK,KNTK,Kinetik Holdings Inc. Class A,,Utilities,Natural Gas Distribution
KNX,KNX,Knight-Swift Transportation Holdings Inc.,,Industrials,Trucking Freight/Courier Services
KO,KO,Coca-Cola Company (The),,Consumer Staples,Beverages (Production/Distribution)
KR,KR,Kroger Company (The),,Consumer Staples,Food Chains
KRC,KRC,Kilroy Realty Corporation,,Real Estate,Real Estate Investment Trusts
KRG,KRG,Kite Realty Group Trust,,Real Estate,Real Estate Investment Trusts
KRMN,KRMN,Karman Holdings Inc.,,Industrials,Military/Government/Technical
KRYS,KRYS,Krystal Biotech Inc.,,Health Care,Biotechnology: Biological Products (No Diagnostic Substances)
KSPI,KSPI,Joint Stock Company Kaspi.kz American Depository Shares,,,
KT,KT,KT Corporation,,Telecommunications,Telecommunications Equipment
KTB,KTB,Kontoor Brands Inc.,,Industrials,Garments and Clothing
KTOS,KTOS,Kratos Defense & Security Solutions Inc.,,Industrials,Military/Government/Technical
KVUE,KVUE,Kenvue Inc.,,Consumer Discretionary,Specialty Chemicals
KVYO,KVYO,Klaviyo Inc. Series A,,Technology,Computer Software: Prepackaged Software
KYMR,KYMR,Kymera Therapeutics Inc.,,Health Care,Biotechnology: Biological Products (No Diagnostic Substances)
L,L,Loews Corporation,,Finance,Property-Casualty Insurers
LAD,LAD,Lithia Motors Inc.,,Consumer Discretionary,Retail-Auto Dealers and Gas Stations
LAMR,LAMR,Lamar Advertising Company Class A,,Real Estate,Real Estate Investment Trusts
LASR,LASR,nLIGHT Inc.,,Technology,Semiconductors
LAUR,LAUR,Laureate Education Inc.,,Real Estate,Other Consumer Services
LAZ,LAZ,Lazard Inc.,,Finance,Investment Managers
LB,LB,LandBridge Company LLC Class A Shares Representing Limited Liability Company Interests,,Energy,Oil & Gas Production
LBRDA,LBRDA,Liberty Broadband Corporation Class A,,Telecommunications,Cable & Other Pay Television Services
LBRDK,LBRDK,Liberty Broadband Corporation Class C,,Telecommunications,Cable & Other Pay Television Services
LBRT,LBRT,Liberty Energy Inc. Class A,,Energy,Oilfield Services/Equipment
LBTYA,LBTYA,Liberty Global Ltd. Class A,,Telecommunications,Cable & Other Pay Television Services
LBTYB,LBTYB,Liberty Global Ltd. Class B,,Telecommunications,Cable & Other Pay Television Services
LBTYK,LBTYK,Liberty Global Ltd. Class C,,Telecommunications,Cable & Other Pay Television Services
LDOS,LDOS,Leidos Holdings Inc.,,Technology,EDP Services
LEA,LEA,Lear Corporation,,Consumer Discretionary,Auto Parts:O.E.M.
LECO,LECO,Lincoln Electric Holdings Inc.,,Industrials,Industrial Machinery/Components
LEGN,LEGN,Legend Biotech Corporation American Depositary Shares,,Health Care,Biotechnology: Pharmaceutical Preparations
LEN,LEN,Lennar Corporation Class A,,Consumer Discretionary,Homebuilding
LEU,LEU,Centrus Energy Corp. Class A,,Industrials,Mining & Quarrying of Nonmetallic Minerals (No Fuels)
LEVI,LEVI,Levi Strauss & Co Class A,,Consumer Discretionary,Apparel
LFUS,LFUS,Littelfuse Inc.,,Energy,Electrical Products
LGN,LGN,Legence Corp. Class A,,Consumer Discretionary,Engineering & Construction
LGND,LGND,Ligand Pharmaceuticals Incorporated,,Health Care,Biotechnology: Pharmaceutical Preparations
LH,LH,Labcorp Holdings Inc.,,Health Care,Medical Specialities
LHX,LHX,L3Harris Technologies Inc.,,Industrials,Industrial Machinery/Components
LI,LI,Li Auto Inc. American Depositary Shares,,Industrials,Auto Manufacturing
LIF,LIF,Life360 Inc.,,Technology,EDP Services
LII,LII,Lennox International Inc.,,Industrials,Industrial Machinery/Components
LIN,LIN,Linde plc,,Basic Materials,Major Chemicals
LINE,LINE,Lineage Inc.,,Real Estate,Real Estate Investment Trusts
LION,LION,Lionsgate Studios Corp,,Consumer Discretionary,Movies/Entertainment
LITE,LITE,Lumentum Holdings Inc.,,Telecommunications,Telecommunications Equipment
LKQ,LKQ,LKQ Corporation,,Consumer Discretionary,Motor Vehicles
LLY,LLY,Eli Lilly and Company,,Health Care,Biotechnology: Pharmaceutical Preparations
LLYVA,LLYVA,Liberty Live Holdings Inc. Series A Liberty Live Group,,Consumer Discretionary,Services-Misc. Amusement & Recreation
LLYVK,LLYVK,Liberty Live Holdings Inc. Series C Liberty Live Group,,Consumer Discretionary,Services-Misc. Amusement & Recreation
LMND,LMND,Lemonade Inc.,,Finance,Property-Casualty Insurers
LMT,LMT,Lockheed Martin Corporation,,Industrials,Military/Government/Technical
LNC,LNC,Lincoln National Corporation,,Finance,Life Insurance
LNG,LNG,Cheniere Energy Inc.,,Utilities,Oil/Gas Transmission
LNT,LNT,Alliant Energy Corporation,,Utilities,Power Generation
LNTH,LNTH,Lantheus Holdings Inc.,,Health Care,Biotechnology: In Vitro & In Vivo Diagnostic Substances
LOAR,LOAR,Loar Holdings Inc.,,Industrials,Military/Government/Technical
LOGI,LOGI,Logitech International S.A.,,Technology,Computer peripheral equipment
LOPE,LOPE,Grand Canyon Education Inc.,,Real Estate,Other Consumer Services
LOW,LOW,Lowe's Companies Inc.,,Consumer Discretionary,RETAIL: Building Materials
LPLA,LPLA,LPL Financial Holdings Inc.,,Finance,Investment Bankers/Brokers/Service
LPX,LPX,Louisiana-Pacific Corporation,,Basic Materials,Forest Products
LQDA,LQDA,Liquidia Corporation,,Health Care,Biotechnology: Pharmaceutical Preparations
LRCX,LRCX,Lam Research Corporation,,Technology,Industrial Machinery/Components
LRN,LRN,Stride Inc.,,Real Estate,Other Consumer Services
LSCC,LSCC,Lattice Semiconductor Corporation,,Technology,Semiconductors
LSTR,LSTR,Landstar System Inc.,,Industrials,Trucking Freight/Courier Services
LTH,LTH,Life Time Group Holdings Inc.,,Consumer Discretionary,Hotels/Resorts
LTM,LTM,LATAM Airlines Group S.A. American Depositary Shares (each representing two thousand (2000) shares of Common Stock),,Consumer Discretionary,Air Freight/Delivery Services
LULU,LULU,lululemon athletica inc.,,Consumer Discretionary,Apparel
LUMN,LUMN,Lumen Technologies Inc.,,Telecommunications,Telecommunications Equipment
LUNR,LUNR,Intuitive Machines Inc. Class A,,Industrials,Industrial Machinery/Components
LUV,LUV,Southwest Airlines Company,,Consumer Discretionary,Air Freight/Delivery Services
LVS,LVS,Las Vegas Sands Corp.,,Consumer Discretionary,Hotels/Resorts
LW,LW,Lamb Weston Holdings Inc.,,Consumer Staples,Packaged Foods
LYB,LYB,LyondellBasell Industries NV Ordinary Shares Class A (Netherlands),,Industrials,Major Chemicals
LYFT,LYFT,Lyft Inc. Class A,,Consumer Discretionary,Business Services
LYG,LYG,Lloyds Banking Group Plc American Depositary Shares,,Finance,Commercial Banks
LYV,LYV,Live Nation Entertainment Inc.,,Consumer Discretionary,Services-Misc. Amusement & Recreation
M,M,Macy's Inc,,Consumer Discretionary,Department/Specialty Retail Stores
MA,MA,Mastercard Incorporated,,Consumer Discretionary,Business Services
MAA,MAA,Mid-America Apartment Communities Inc.,,Real Estate,Real Estate Investment Trusts
MAAS,MAAS,Maase Inc. Class A,,Finance,Investment Managers
MAC,MAC,Macerich Company (The),,Real Estate,Real Estate Investment Trusts
MAIN,MAIN,Main Street Capital Corporation,,Finance,Finance/Investors Services
MAIR,MAIR,Madison Air Solutions Corporation Class A,,Industrials,Pollution Control Equipment
MANE,MANE,Veradermics Incorporated,,Health Care,Biotechnology: Pharmaceutical Preparations
MANH,MANH,Manhattan Associates Inc.,,Technology,Computer Software: Prepackaged Software
MAR,MAR,Marriott International Class A,,Consumer Discretionary,Hotels/Resorts
MARA,MARA,MARA Holdings Inc.,,Technology,EDP Services
MAS,MAS,Masco Corporation,,Industrials,Industrial Specialties
MASI,MASI,Masimo Corporation,,Health Care,Biotechnology: Electromedical & Electrotherapeutic Apparatus
MAT,MAT,Mattel Inc.,,Consumer Discretionary,Recreational Games/Products/Toys
MATX,MATX,Matson Inc.,,Consumer Discretionary,Marine Transportation
MBLY,MBLY,Mobileye Global Inc. Class A,,Technology,Computer Software: Prepackaged Software
MC,MC,Moelis & Company Class A,,Finance,Investment Managers
MCD,MCD,McDonald's Corporation,,Consumer Discretionary,Restaurants
MCHP,MCHP,Microchip Technology Incorporated,,Technology,Semiconductors
MCK,MCK,McKesson Corporation,,Health Care,Other Pharmaceuticals
MCO,MCO,Moody's Corporation,,Finance,Finance: Consumer Services
MCY,MCY,Mercury General Corporation,,Finance,Property-Casualty Insurers
MDA,MDA,MDA Space Ltd.,,Consumer Discretionary,Electronic Components
MDB,MDB,MongoDB Inc. Class A,,Technology,Computer Software: Prepackaged Software
MDGL,MDGL,Madrigal Pharmaceuticals Inc.,,Health Care,Biotechnology: Pharmaceutical Preparations
MDLN,MDLN,Medline Inc. Class A,,Health Care,Medical/Dental Instruments
MDLZ,MDLZ,Mondelez International Inc. Class A,,Consumer Staples,Packaged Foods
MDT,MDT,Medtronic plc.,,Health Care,Biotechnology: Electromedical & Electrotherapeutic Apparatus
MDU,MDU,MDU Resources Group Inc. Common Stock (Holding Company),,Industrials,Mining & Quarrying of Nonmetallic Minerals (No Fuels)
MEDP,MEDP,Medpace Holdings Inc.,,Health Care,Biotechnology: Commercial Physical & Biological Resarch
MELI,MELI,MercadoLibre Inc.,,Consumer Discretionary,Business Services
MEOH,MEOH,Methanex Corporation,,Industrials,Major Chemicals
MET,MET,MetLife Inc.,,Finance,Life Insurance
META,META,Meta Platforms Inc. Class A,,Technology,Computer Software: Programming Data Processing
MFC,MFC,Manulife Financial Corporation,,Finance,Life Insurance
MFG,MFG,Mizuho Financial Group Inc. Sponosred ADR (Japan),,Finance,Major Banks
MGA,MGA,Magna International Inc.,,Consumer Discretionary,Auto Parts:O.E.M.
MGM,MGM,MGM Resorts International,,Consumer Discretionary,Hotels/Resorts
MGY,MGY,Magnolia Oil & Gas Corporation Class A,,Energy,Oil & Gas Production
MHK,MHK,Mohawk Industries Inc.,,Consumer Discretionary,Home Furnishings
MIAX,MIAX,Miami International Holdings Inc.,,Finance,Investment Bankers/Brokers/Service
MICC,MICC,The Magnum Ice Cream Company N.V.,,Consumer Staples,Specialty Foods
MIDD,MIDD,Middleby Corporation (The),,Industrials,Industrial Machinery/Components
MIR,MIR,Mirion Technologies Inc. Class A,,Industrials,Industrial Machinery/Components
MIRM,MIRM,Mirum Pharmaceuticals Inc.,,Health Care,Biotechnology: Pharmaceutical Preparations
MKC,MKC,McCormick & Company Incorporated,,Consumer Staples,Packaged Foods
MKL,MKL,Markel Group Inc.,,Finance,Property-Casualty Insurers
MKSI,MKSI,MKS Inc.,,Industrials,Industrial Machinery/Components
MKTX,MKTX,MarketAxess Holdings Inc.,,Finance,Investment Bankers/Brokers/Service
MLI,MLI,Mueller Industries Inc.,,Industrials,Metal Fabrications
MLM,MLM,Martin Marietta Materials Inc.,,Industrials,Mining & Quarrying of Nonmetallic Minerals (No Fuels)
MMM,MMM,3M Company,,Health Care,Medical/Dental Instruments
MMS,MMS,Maximus Inc.,,Consumer Discretionary,Business Services
MMSI,MMSI,Merit Medical Systems Inc.,,Health Care,Medical/Dental Instruments
MMYT,MMYT,MakeMyTrip Limited,,Consumer Discretionary,Transportation Services
MNDY,MNDY,monday.com Ltd.,,Technology,Computer Software: Prepackaged Software
MNSO,MNSO,MINISO Group Holding Limited American Depositary Shares each representing four,,Consumer Discretionary,Department/Specialty Retail Stores
MNST,MNST,Monster Beverage Corporation,,Consumer Staples,Beverages (Production/Distribution)
MO,MO,Altria Group Inc.,,Health Care, Medicinal Chemicals and Botanical Products 
MOD,MOD,Modine Manufacturing Company,,Consumer Discretionary,Auto Parts:O.E.M.
MOH,MOH,Molina Healthcare Inc,,Health Care,Medical Specialities
MORN,MORN,Morningstar Inc.,,Finance,Investment Managers
MOS,MOS,Mosaic Company (The),,Industrials,Agricultural Chemicals
MP,MP,MP Materials Corp.,,Basic Materials,Metal Mining
MPC,MPC,Marathon Petroleum Corporation,,Energy,Integrated oil Companies
MPWR,MPWR,Monolithic Power Systems Inc.,,Technology,Semiconductors
MRCY,MRCY,Mercury Systems Inc,,Technology,Electrical Products
MRK,MRK,Merck & Company Inc. Common Stock (new),,Health Care,Biotechnology: Pharmaceutical Preparations
MRNA,MRNA,Moderna Inc.,,Health Care,Biotechnology: Biological Products (No Diagnostic Substances)
MRP,MRP,Millrose Properties Inc. Class A,,Finance,Real Estate
MRSH,MRSH,Marsh,,Finance,Specialty Insurers
MRVL,MRVL,Marvell Technology Inc.,,Technology,Semiconductors
MRX,MRX,Marex Group plc,,Finance,Investment Bankers/Brokers/Service
MS,MS,Morgan Stanley,,Finance,Investment Bankers/Brokers/Service
MSA,MSA,MSA Safety Incorporated,,Health Care,Industrial Specialties
MSCI,MSCI,MSCI Inc.,,Consumer Discretionary,Business Services
MSFT,MSFT,Microsoft Corporation,,Technology,Computer Software: Prepackaged Software
MSGS,MSGS,Madison Square Garden Sports Corp. Class A Common Stock (New),,Consumer Discretionary,Services-Misc. Amusement & Recreation
MSI,MSI,Motorola Solutions Inc.,,Technology,Radio And Television Broadcasting And Communications Equipment
MSM,MSM,MSC Industrial Direct Company Inc.,,Industrials,Industrial Machinery/Components
MSTR,MSTR,Strategy Inc Common Stock Class A,,Technology,Computer Software: Prepackaged Software
MT,MT,Arcelor Mittal NY Registry Shares NEW,,Industrials,Steel/Iron Ore
MTB,MTB,M&T Bank Corporation,,Finance,Major Banks
MTCH,MTCH,Match Group Inc.,,Technology,Computer Software: Programming Data Processing
MTD,MTD,Mettler-Toledo International Inc.,,Industrials,Biotechnology: Laboratory Analytical Instruments
MTDR,MTDR,Matador Resources Company,,Energy,Oil & Gas Production
MTG,MTG,MGIC Investment Corporation,,Finance,Property-Casualty Insurers
MTH,MTH,Meritage Homes Corporation,,Consumer Discretionary,Homebuilding
MTN,MTN,Vail Resorts Inc.,,Consumer Discretionary,Services-Misc. Amusement & Recreation
MTRN,MTRN,Materion Corporation,,Industrials,Industrial Specialties
MTSI,MTSI,MACOM Technology Solutions Holdings Inc.,,Technology,Semiconductors
MTZ,MTZ,MasTec Inc.,,Industrials,Water Sewer Pipeline Comm & Power Line Construction
MU,MU,Micron Technology Inc.,,Technology,Semiconductors
MUFG,MUFG,Mitsubishi UFJ Financial Group Inc.,,Finance,Commercial Banks
MUR,MUR,Murphy Oil Corporation,,Energy,Oil & Gas Production
MUSA,MUSA,Murphy USA Inc.,,Consumer Discretionary,Retail-Auto Dealers and Gas Stations
MWA,MWA,MUELLER WATER PRODUCTS,,Industrials,Metal Fabrications
MWH,MWH,SOLV Energy Inc. Class A,,Industrials,Military/Government/Technical
MXL,MXL,MaxLinear Inc.,,Technology,Semiconductors
MYRG,MYRG,MYR Group Inc.,,Industrials,Water Sewer Pipeline Comm & Power Line Construction
NAVN,NAVN,Navan Inc. Class A,,Technology,Computer Software: Prepackaged Software
NBIS,NBIS,Nebius Group N.V. Class A,,Technology,Computer Software: Programming Data Processing
NBIX,NBIX,Neurocrine Biosciences Inc.,,Health Care,Biotechnology: Biological Products (No Diagnostic Substances)
NCLH,NCLH,Norwegian Cruise Line Holdings Ltd.,,Consumer Discretionary,Marine Transportation
NDAQ,NDAQ,Nasdaq Inc.,,Finance,Investment Bankers/Brokers/Service
NDSN,NDSN,Nordson Corporation,,Industrials,Industrial Machinery/Components
NE,NE,Noble Corporation plc A,,Energy,Oil & Gas Production
NEE,NEE,NextEra Energy Inc.,,Technology,EDP Services
NEM,NEM,Newmont Corporation,,Basic Materials,Precious Metals
NET,NET,Cloudflare Inc. Class A,,Technology,Computer Software: Prepackaged Software
NEU,NEU,NewMarket Corp,,Industrials,Major Chemicals
NFG,NFG,National Fuel Gas Company,,Utilities,Oil/Gas Transmission
NFLX,NFLX,Netflix Inc.,,Consumer Discretionary,Consumer Electronics/Video Chains
NGG,NGG,National Grid Transco PLC National Grid PLC (NEW) American Depositary Shares,,Utilities,Natural Gas Distribution
NHI,NHI,National Health Investors Inc.,,Real Estate,Real Estate Investment Trusts
NI,NI,NiSource Inc,,Utilities,Power Generation
NICE,NICE,NICE Ltd American Depositary Shares,,Technology,Computer Software: Prepackaged Software
NIO,NIO,NIO Inc. American depositary shares each representing one Class A ordinary share,,Industrials,Auto Manufacturing
NJR,NJR,NewJersey Resources Corporation,,Utilities,Oil/Gas Transmission
NKE,NKE,Nike Inc.,,Consumer Discretionary,Shoe Manufacturing
NLY,NLY,Annaly Capital Management Inc.,,Real Estate,Real Estate Investment Trusts
NMR,NMR,Nomura Holdings Inc ADR American Depositary Shares,,Finance,Investment Bankers/Brokers/Service
NNI,NNI,Nelnet Inc.,,Finance,Finance: Consumer Services
NNN,NNN,NNN REIT Inc.,,Real Estate,Real Estate Investment Trusts
NNNN,NNNN,Anbio Biotechnology Class A,,Health Care,Biotechnology: In Vitro & In Vivo Diagnostic Substances
NOC,NOC,Northrop Grumman Corporation,,Industrials,Industrial Machinery/Components
NOK,NOK,Nokia Corporation Sponsored American Depositary Shares,,Technology,Radio And Television Broadcasting And Communications Equipment
NOV,NOV,NOV Inc.,,Consumer Discretionary,Oil and Gas Field Machinery
NOVT,NOVT,Novanta Inc.,,Miscellaneous,Industrial Machinery/Components
NOW,NOW,ServiceNow Inc.,,Technology,Computer Software: Prepackaged Software
NPO,NPO,Enpro Inc.,,Industrials,Metal Fabrications
NRG,NRG,NRG Energy Inc.,,Utilities,Electric Utilities: Central
NSC,NSC,Norfolk Southern Corporation,,Industrials,Railroads
NTAP,NTAP,NetApp Inc.,,Technology,Electronic Components
NTES,NTES,NetEase Inc. American Depositary Shares,,Technology,Computer Software: Prepackaged Software
NTNX,NTNX,Nutanix Inc. Class A,,Technology,Computer Software: Prepackaged Software
NTR,NTR,Nutrien Ltd.,,Industrials,Agricultural Chemicals
NTRA,NTRA,Natera Inc.,,Health Care,Medical Specialities
NTRS,NTRS,Northern Trust Corporation,,Finance,Major Banks
NTSK,NTSK,Netskope Inc. Class A,,Technology,Computer Software: Prepackaged Software
NU,NU,Nu Holdings Ltd. Class A,,Finance,Finance: Consumer Services
NUE,NUE,Nucor Corporation,,Industrials,Steel/Iron Ore
NUVL,NUVL,Nuvalent Inc. Class A,,Health Care,Biotechnology: Pharmaceutical Preparations
NVDA,NVDA,NVIDIA Corporation,,Technology,Semiconductors
NVMI,NVMI,Nova Ltd.,,Technology,Electronic Components
NVO,NVO,Novo Nordisk A/S,,Health Care,Biotechnology: Pharmaceutical Preparations
NVR,NVR,NVR Inc.,,Consumer Discretionary,Homebuilding
NVS,NVS,Novartis AG,,Health Care,Biotechnology: Pharmaceutical Preparations
NVST,NVST,Envista Holdings Corporation,,Health Care,Medical/Dental Instruments
NVT,NVT,nVent Electric plc,,Industrials,Industrial Machinery/Components
NVTS,NVTS,Navitas Semiconductor Corporation,,Technology,Semiconductors
NWE,NWE,NorthWestern Energy Group Inc.,,Utilities,Power Generation
NWG,NWG,NatWest Group plc American Depositary Shares (each representing two (2) Ordinary Shares),,Finance,Commercial Banks
NWS,NWS,News Corporation Class B,,Consumer Discretionary,Newspapers/Magazines
NWSA,NWSA,News Corporation Class A,,Consumer Discretionary,Newspapers/Magazines
NXE,NXE,Nexgen Energy Ltd.,,Basic Materials,Other Metals and Minerals
NXPI,NXPI,NXP Semiconductors N.V.,,Technology,Semiconductors
NXST,NXST,Nexstar Media Group Inc.,,Industrials,Broadcasting
NXT,NXT,Nextpower Inc. Class A,,Industrials,Industrial Machinery/Components
NYT,NYT,New York Times Company (The),,Consumer Discretionary,Newspapers/Magazines
O,O,Realty Income Corporation,,Real Estate,Real Estate Investment Trusts
OBDC,OBDC,Blue Owl Capital Corporation,,Finance,Diversified Financial Services
OC,OC,Owens Corning Inc Common Stock New,,Industrials,Industrial Machinery/Components
ODFL,ODFL,Old Dominion Freight Line Inc.,,Industrials,Trucking Freight/Courier Services
OGC,OGC,OceanaGold Corporation,,,
OGE,OGE,OGE Energy Corp,,Utilities,Electric Utilities: Central
OGN,OGN,Organon & Co.,,Health Care,Biotechnology: Pharmaceutical Preparations
OGS,OGS,ONE Gas Inc.,,Utilities,Oil/Gas Transmission
OHI,OHI,Omega Healthcare Investors Inc.,,Real Estate,Real Estate Investment Trusts
OII,OII,Oceaneering International Inc.,,Energy,Oilfield Services/Equipment
OKE,OKE,ONEOK Inc.,,Utilities,Oil & Gas Production
OKLO,OKLO,Oklo Inc. Class A,,Utilities,Electric Utilities: Central
OKTA,OKTA,Okta Inc. Class A,,Technology,Computer Software: Prepackaged Software
OLED,OLED,Universal Display Corporation,,Technology,Electrical Products
OLLI,OLLI,Ollie's Bargain Outlet Holdings Inc.,,Consumer Discretionary,Department/Specialty Retail Stores
OMAB,OMAB,Grupo Aeroportuario del Centro Norte S.A.B. de C.V. ADS,,Consumer Discretionary,Aerospace
OMC,OMC,Omnicom Group Inc.,,Consumer Discretionary,Advertising
OMF,OMF,OneMain Holdings Inc.,,Finance,Finance: Consumer Services
ON,ON,ON Semiconductor Corporation,,Technology,Semiconductors
ONB,ONB,Old National Bancorp,,Finance,Major Banks
ONC,ONC,BeOne Medicines Ltd. American Depositary Shares,,Health Care,Biotechnology: Pharmaceutical Preparations
ONDS,ONDS,Ondas Inc.,,Technology,Radio And Television Broadcasting And Communications Equipment
ONON,ONON,On Holding AG Class A,,Consumer Discretionary,Shoe Manufacturing
ONTO,ONTO,Onto Innovation Inc.,,Industrials,Industrial Machinery/Components
OPEN,OPEN,Opendoor Technologies Inc,,Finance,Real Estate
OPLN,OPLN,OPENLANE Inc.,,Consumer Discretionary,Retail-Auto Dealers and Gas Stations
OR,OR,OR Royalties Inc.,,Basic Materials,Precious Metals
ORA,ORA,Ormat Technologies Inc.,,Utilities,Electric Utilities: Central
ORCL,ORCL,Oracle Corporation,,Technology,Computer Software: Prepackaged Software
ORI,ORI,Old Republic International Corporation,,Finance,Property-Casualty Insurers
ORLA,ORLA,Orla Mining Ltd.,,Basic Materials,Precious Metals
ORLY,ORLY,O'Reilly Automotive Inc.,,Consumer Discretionary,Auto & Home Supply Stores
OSCR,OSCR,Oscar Health Inc. Class A,,Health Care,Medical Specialities
OSIS,OSIS,OSI Systems Inc. Common Stock (DE),,Technology,Semiconductors
OSK,OSK,Oshkosh Corporation (Holding Company)Common Stock,,Industrials,Auto Manufacturing
OTEX,OTEX,Open Text Corporation,,Technology,EDP Services
OTF,OTF,Blue Owl Technology Finance Corp.,,,
OTIS,OTIS,Otis Worldwide Corporation,,Technology,Consumer Electronics/Appliances
OTTR,OTTR,Otter Tail Corporation,,Utilities,Electric Utilities: Central
OUT,OUT,OUTFRONT Media Inc.,,Real Estate,Real Estate Investment Trusts
OVV,OVV,Ovintiv Inc. (DE),,Energy,Oil & Gas Production
OWL,OWL,Blue Owl Capital Inc. Class A,,Finance,Investment Managers
OXY,OXY,Occidental Petroleum Corporation,,Energy,Oil & Gas Production
OZK,OZK,Bank OZK,,Finance,Major Banks
P,P,Everpure Inc. Class A,,Technology,Electronic Components
PAAS,PAAS,Pan American Silver Corp.,,Basic Materials,Precious Metals
PAC,PAC,Grupo Aeroportuario Del Pacifico S.A. B. de C.V. Grupo Aeroportuario Del Pacifico S.A. de C.V. (each representing 10 Series B shares),,Consumer Discretionary,Aerospace
PACS,PACS,PACS Group Inc.,,Health Care,Hospital/Nursing Management
PAG,PAG,Penske Automotive Group Inc.,,Consumer Discretionary,Retail-Auto Dealers and Gas Stations
PAGP,PAGP,Plains GP Holdings L.P. Class A Units representing Limited Partner Interests,,Energy,Natural Gas Distribution
PAM,PAM,Pampa Energia S.A.,,Utilities,Electric Utilities: Central
PANW,PANW,Palo Alto Networks Inc.,,Technology,Computer peripheral equipment
PATH,PATH,UiPath Inc. Class A,,Technology,Computer Software: Prepackaged Software
PAYC,PAYC,Paycom Software Inc.,,Technology,Computer Software: Prepackaged Software
PAYP,PAYP,PayPay Corporation American Depository Shares,,Consumer Discretionary,Business Services
PAYX,PAYX,Paychex Inc.,,Industrials,Diversified Commercial Services
PB,PB,Prosperity Bancshares Inc.,,Finance,Major Banks
PBA,PBA,Pembina Pipeline Corp. Ordinary Shares (Canada),,Energy,Oil & Gas Production
PBF,PBF,PBF Energy Inc. Class A,,Energy,Integrated oil Companies
PBR,PBR,Petroleo Brasileiro S.A. Petrobras ADS,,Energy,Oil & Gas Production
PCAR,PCAR,PACCAR Inc.,,Consumer Discretionary,Motor Vehicles
PCG,PCG,Pacific Gas & Electric Co.,,Utilities,Power Generation
PCOR,PCOR,Procore Technologies Inc.,,Technology,Computer Software: Prepackaged Software
PCTY,PCTY,Paylocity Holding Corporation,,Technology,Computer Software: Prepackaged Software
PCVX,PCVX,Vaxcyte Inc.,,Health Care,Biotechnology: Pharmaceutical Preparations
PDD,PDD,PDD Holdings Inc. American Depositary Shares,,Technology,EDP Services
PECO,PECO,Phillips Edison & Company Inc.,,Real Estate,Real Estate Investment Trusts
PEG,PEG,Public Service Enterprise Group Incorporated,,Utilities,Power Generation
PEGA,PEGA,Pegasystems Inc.,,Technology,EDP Services
PEN,PEN,Penumbra Inc.,,Health Care,Medical/Dental Instruments
PEP,PEP,PepsiCo Inc.,,Consumer Staples,Beverages (Production/Distribution)
PFE,PFE,Pfizer Inc.,,Health Care,Biotechnology: Pharmaceutical Preparations
PFG,PFG,Principal Financial Group Inc,,Finance,Accident &Health Insurance
PFGC,PFGC,Performance Food Group Company,,Consumer Discretionary,Food Distributors
PFSI,PFSI,PennyMac Financial Services Inc.,,Finance,Finance: Consumer Services
PG,PG,Procter & Gamble Company (The),,Consumer Discretionary,Package Goods/Cosmetics
PGR,PGR,Progressive Corporation (The),,Finance,Property-Casualty Insurers
PH,PH,Parker-Hannifin Corporation,,Industrials,Metal Fabrications
PHG,PHG,Koninklijke Philips N.V. NY Registry Shares,,Health Care,Medical Electronics
PHI,PHI,PLDT Inc. Sponsored ADR,,Telecommunications,Telecommunications Equipment
PHM,PHM,PulteGroup Inc.,,Consumer Discretionary,Homebuilding
PI,PI,Impinj Inc.,,Technology,Industrial Machinery/Components
PII,PII,Polaris Inc.,,Consumer Discretionary,Industrial Specialties
PINS,PINS,Pinterest Inc. Class A,,Technology,Computer Software: Programming Data Processing
PIPR,PIPR,Piper Sandler Companies,,Finance,Investment Bankers/Brokers/Service
PJT,PJT,PJT Partners Inc. Class A,,Finance,Investment Managers
PKG,PKG,Packaging Corporation of America,,Consumer Discretionary,Containers/Packaging
PKX,PKX,POSCO HOLDINGS INC. American Depositary Shares (Each representing 1/4th of a share of Common Stock),,Industrials,Steel/Iron Ore
PL,PL,Planet Labs PBC Class A,,Technology,Radio And Television Broadcasting And Communications Equipment
PLD,PLD,Prologis Inc.,,Real Estate,Real Estate Investment Trusts
PLNT,PLNT,Planet Fitness Inc.,,Consumer Discretionary,Hotels/Resorts
PLTR,PLTR,Palantir Technologies Inc. Class A,,Technology,Computer Software: Prepackaged Software
PLUG,PLUG,Plug Power Inc.,,Energy,Industrial Machinery/Components
PLXS,PLXS,Plexus Corp.,,Technology,Electrical Products
PM,PM,Philip Morris International Inc,,Health Care, Medicinal Chemicals and Botanical Products 
PNC,PNC,PNC Financial Services Group Inc. (The),,Finance,Major Banks
PNFP,PNFP,Pinnacle Financial Partners Inc.,,Finance,Major Banks
PNR,PNR,Pentair plc. Ordinary Share,,Industrials,Industrial Machinery/Components
PNW,PNW,Pinnacle West Capital Corporation,,Utilities,Electric Utilities: Central
PODD,PODD,Insulet Corporation,,Health Care,Medical/Dental Instruments
PONY,PONY,Pony AI Inc. American Depositary Shares,,Technology,EDP Services
POOL,POOL,Pool Corporation,,Consumer Discretionary,Industrial Specialties
POR,POR,Portland General Electric Co,,Utilities,Electric Utilities: Central
POST,POST,Post Holdings Inc.,,Consumer Staples,Packaged Foods
POWI,POWI,Power Integrations Inc.,,Technology,Semiconductors
POWL,POWL,Powell Industries Inc.,,Energy,Electrical Products
PPC,PPC,Pilgrim's Pride Corporation,,Consumer Staples,Meat/Poultry/Fish
PPG,PPG,PPG Industries Inc.,,Consumer Discretionary,Paints/Coatings
PPL,PPL,PPL Corporation,,Utilities,Electric Utilities: Central
PR,PR,Permian Resources Corporation Class A,,Energy,Oil & Gas Production
PRAX,PRAX,Praxis Precision Medicines Inc.,,Health Care,Biotechnology: Pharmaceutical Preparations
PRI,PRI,Primerica Inc.,,Finance,Life Insurance
PRIM,PRIM,Primoris Services Corporation,,Industrials,Water Sewer Pipeline Comm & Power Line Construction
PRM,PRM,Perimeter Solutions SA,,Industrials,Major Chemicals
PRMB,PRMB,Primo Brands Corporation Class A,,Consumer Staples,Beverages (Production/Distribution)
PRU,PRU,Prudential Financial Inc.,,Finance,Life Insurance
PS,PS,Pershing Square Inc.,,Finance,Investment Managers
PSA,PSA,Public Storage,,Real Estate,Real Estate Investment Trusts
PSKY,PSKY,Paramount Skydance Corporation Class B,,Industrials,Broadcasting
PSMT,PSMT,PriceSmart Inc.,,Consumer Discretionary,Department/Specialty Retail Stores
PSN,PSN,Parsons Corporation,,Technology,EDP Services
PSO,PSO,Pearson Plc,,Consumer Discretionary,Books
PSX,PSX,Phillips 66,,Energy,Integrated oil Companies
PTC,PTC,PTC Inc.,,Technology,Computer Software: Prepackaged Software
PTCT,PTCT,PTC Therapeutics Inc.,,Health Care,Biotechnology: Pharmaceutical Preparations
PTEN,PTEN,Patterson-UTI Energy Inc.,,Energy,Oil & Gas Production
PTGX,PTGX,Protagonist Therapeutics Inc.,,Health Care,Biotechnology: Pharmaceutical Preparations
PUK,PUK,Prudential Public Limited Company,,Finance,Life Insurance
PVH,PVH,PVH Corp.,,Industrials,Garments and Clothing
PWR,PWR,Quanta Services Inc.,,Industrials,Engineering & Construction
PYPL,PYPL,PayPal Holdings Inc.,,Industrials,Diversified Commercial Services
Q,Q,Qnity Electronics Inc.,,Technology,Semiconductors
QBTS,QBTS,D-Wave Quantum Inc.,,Technology,EDP Services
QCOM,QCOM,QUALCOMM Incorporated,,Technology,Radio And Television Broadcasting And Communications Equipment
QGEN,QGEN,Qiagen N.V.,,Health Care,Biotechnology: Biological Products (No Diagnostic Substances)
QRVO,QRVO,Qorvo Inc.,,Technology,Semiconductors
QS,QS,QuantumScape Corporation Class A,,Miscellaneous,Industrial Machinery/Components
QSR,QSR,Restaurant Brands International Inc.,,Consumer Discretionary,Restaurants
QXO,QXO,QXO Inc.,,Consumer Discretionary,RETAIL: Building Materials
R,R,Ryder System Inc.,,Consumer Discretionary,Rental/Leasing Companies
RACE,RACE,Ferrari N.V.,,Industrials,Auto Manufacturing
RAL,RAL,Ralliant Corporation,,Industrials,Industrial Machinery/Components
RBA,RBA,RB Global Inc.,,Consumer Discretionary,Business Services
RBC,RBC,RBC Bearings Incorporated,,Industrials,Metal Fabrications
RBLX,RBLX,Roblox Corporation Class A,,Technology,Computer Software: Prepackaged Software
RBRK,RBRK,Rubrik Inc. Class A,,Technology,Computer Software: Prepackaged Software
RCI,RCI,Rogers Communication Inc.,,Telecommunications,Cable & Other Pay Television Services
RCL,RCL,Royal Caribbean Cruises Ltd.,,Consumer Discretionary,Marine Transportation
RDDT,RDDT,Reddit Inc. Class A,,Technology,EDP Services
RDN,RDN,Radian Group Inc.,,Finance,Property-Casualty Insurers
RDNT,RDNT,RadNet Inc.,,Health Care,Medical Specialities
RDY,RDY,Dr. Reddy's Laboratories Ltd,,Health Care,Biotechnology: Pharmaceutical Preparations
REG,REG,Regency Centers Corporation,,Real Estate,Real Estate Investment Trusts
REGN,REGN,Regeneron Pharmaceuticals Inc.,,Health Care,Biotechnology: Pharmaceutical Preparations
RELX,RELX,RELX PLC PLC American Depositary Shares (Each representing One Ordinary Share),,Consumer Discretionary,Business Services
RELY,RELY,Remitly Global Inc.,,Consumer Discretionary,Business Services
REXR,REXR,Rexford Industrial Realty Inc.,,Real Estate,Real Estate Investment Trusts
REYN,REYN,Reynolds Consumer Products Inc.,,Consumer Discretionary,Containers/Packaging
REZI,REZI,Resideo Technologies Inc.,,Industrials,Wholesale Distributors
RF,RF,Regions Financial Corporation,,Finance,Major Banks
RGA,RGA,Reinsurance Group of America Incorporated,,Finance,Life Insurance
RGC,RGC,Regencell Bioscience Holdings Limited,,Health Care, Medicinal Chemicals and Botanical Products 
RGEN,RGEN,Repligen Corporation,,Health Care,Biotechnology: Biological Products (No Diagnostic Substances)
RGLD,RGLD,Royal Gold Inc.,,Industrials,Precious Metals
RGTI,RGTI,Rigetti Computing Inc.,,Technology,EDP Services
RHP,RHP,Ryman Hospitality Properties Inc. (REIT),,Real Estate,Real Estate Investment Trusts
RIG,RIG,Transocean Ltd (Switzerland),,Energy,Oil & Gas Production
RIO,RIO,Rio Tinto Plc,,Basic Materials,Metal Mining
RIOT,RIOT,Riot Platforms Inc.,,Finance,Finance: Consumer Services
RITM,RITM,Rithm Capital Corp.,,Real Estate,Real Estate Investment Trusts
RIVN,RIVN,Rivian Automotive Inc. Class A,,Industrials,Auto Manufacturing
RJF,RJF,Raymond James Financial Inc.,,Finance,Investment Bankers/Brokers/Service
RKLB,RKLB,Rocket Lab Corporation,,Industrials,Military/Government/Technical
RKT,RKT,Rocket Companies Inc. Class A,,Finance,Finance: Consumer Services
RL,RL,Ralph Lauren Corporation,,Industrials,Garments and Clothing
RLI,RLI,RLI Corp. Common Stock (DE),,Finance,Property-Casualty Insurers
RMBS,RMBS,Rambus Inc.,,Technology,Semiconductors
RMD,RMD,ResMed Inc.,,Health Care,Medical/Dental Instruments
RNG,RNG,RingCentral Inc. Class A,,Technology,EDP Services
RNR,RNR,RenaissanceRe Holdings Ltd.,,Finance,Property-Casualty Insurers
RNST,RNST,Renasant Corporation,,Finance,Major Banks
ROAD,ROAD,Construction Partners Inc. Class A,,Industrials,Military/Government/Technical
ROIV,ROIV,Roivant Sciences Ltd.,,Health Care,Biotechnology: Pharmaceutical Preparations
ROK,ROK,Rockwell Automation Inc.,,Industrials,Industrial Machinery/Components
ROKU,ROKU,Roku Inc. Class A,,Telecommunications,Cable & Other Pay Television Services
ROL,ROL,Rollins Inc.,,Consumer Discretionary,Diversified Commercial Services
ROP,ROP,Roper Technologies Inc.,,Technology,Computer Software: Programming Data Processing
ROST,ROST,Ross Stores Inc.,,Consumer Discretionary,Clothing/Shoe/Accessory Stores
RPM,RPM,RPM International Inc.,,Consumer Discretionary,Paints/Coatings
RPRX,RPRX,Royalty Pharma plc Class A,,Health Care,Biotechnology: Pharmaceutical Preparations
RRC,RRC,Range Resources Corporation,,Energy,Oil & Gas Production
RRR,RRR,Red Rock Resorts Inc. Class A,,Consumer Discretionary,Hotels/Resorts
RRX,RRX,Regal Rexnord Corporation,,Consumer Discretionary,Metal Fabrications
RS,RS,Reliance Inc.,,Industrials,Metal Fabrications
RSG,RSG,Republic Services Inc.,,Utilities,Environmental Services
RSI,RSI,Rush Street Interactive Inc. Class A,,Consumer Discretionary,Services-Misc. Amusement & Recreation
RTO,RTO,Rentokil Initial plc American Depositary Shares (each representing five (5) Ordinary Shares),,Consumer Discretionary,Other Consumer Services
RTX,RTX,RTX Corporation,,Industrials,Aerospace
RUSHA,RUSHA,Rush Enterprises Inc. Common Stock Cl A,,Consumer Discretionary,Retail-Auto Dealers and Gas Stations
RUSHB,RUSHB,Rush Enterprises Inc. Class B,,Consumer Discretionary,Retail-Auto Dealers and Gas Stations
RVMD,RVMD,Revolution Medicines Inc.,,Health Care,Biotechnology: Biological Products (No Diagnostic Substances)
RVTY,RVTY,Revvity Inc.,,Industrials,Biotechnology: Laboratory Analytical Instruments
RY,RY,Royal Bank Of Canada,,Finance,Commercial Banks
RYAAY,RYAAY,Ryanair Holdings plc American Depositary Shares,,Consumer Discretionary,Air Freight/Delivery Services
RYAN,RYAN,Ryan Specialty Holdings Inc. Class A,,Finance,Specialty Insurers
RYN,RYN,Rayonier Inc. REIT,,Real Estate,Real Estate Investment Trusts
RYTM,RYTM,Rhythm Pharmaceuticals Inc.,,Health Care,Biotechnology: Pharmaceutical Preparations
S,S,SentinelOne Inc. Class A,,Technology,Computer Software: Prepackaged Software
SAIA,SAIA,Saia Inc.,,Industrials,Trucking Freight/Courier Services
SAIC,SAIC,Science Applications International Corporation,,Technology,EDP Services
SAIL,SAIL,SailPoint Inc.,,Technology,Computer Software: Prepackaged Software
SAN,SAN,Banco Santander S.A. Sponsored ADR (Spain),,Finance,Commercial Banks
SANM,SANM,Sanmina Corporation,,Technology,Electrical Products
SAP,SAP,SAP SE ADS,,Technology,Computer Software: Prepackaged Software
SARO,SARO,StandardAero Inc.,,Industrials,Aerospace
SATS,SATS,EchoStar Corporation,,Consumer Discretionary,Telecommunications Equipment
SBAC,SBAC,SBA Communications Corporation Class A,,Real Estate,Real Estate Investment Trusts
SBRA,SBRA,Sabra Health Care REIT Inc.,,Real Estate,Real Estate Investment Trusts
SBS,SBS,Companhia de saneamento Basico Do Estado De Sao Paulo - Sabesp American Depositary Shares (Each repstg 250 Common Shares),,Utilities,Water Supply
SBSW,SBSW,D/B/A Sibanye-Stillwater Limited ADS,,Basic Materials,Precious Metals
SBUX,SBUX,Starbucks Corporation,,Consumer Discretionary,Restaurants
SCCO,SCCO,Southern Copper Corporation,,Basic Materials,Metal Mining
SCHW,SCHW,Charles Schwab Corporation (The),,Finance,Investment Bankers/Brokers/Service
SCI,SCI,Service Corporation International,,Consumer Discretionary,Other Consumer Services
SE,SE,Sea Limited American Depositary Shares each representing one Class A Ordinary Share,,Consumer Discretionary,Other Consumer Services
SEB,SEB,Seaboard Corporation,,Industrials,Farming/Seeds/Milling
SEI,SEI,Solaris Energy Infrastructure Inc. Class A,,Consumer Discretionary,Oil and Gas Field Machinery
SEIC,SEIC,SEI Investments Company,,Finance,Investment Bankers/Brokers/Service
SF,SF,Stifel Financial Corporation,,Finance,Investment Bankers/Brokers/Service
SFBS,SFBS,ServisFirst Bancshares Inc.,,Finance,Major Banks
SFD,SFD,Smithfield Foods Inc.,,Consumer Staples,Meat/Poultry/Fish
SFM,SFM,Sprouts Farmers Market Inc.,,Consumer Staples,Food Chains
SGHC,SGHC,Super Group (SGHC) Limited,,Consumer Discretionary,Services-Misc. Amusement & Recreation
SGI,SGI,Somnigroup International Inc.,,Consumer Discretionary,Home Furnishings
SHAK,SHAK,Shake Shack Inc. Class A,,Consumer Discretionary,Restaurants
SHC,SHC,Sotera Health Company,,Health Care,Misc Health and Biotechnology Services
SHEL,SHEL,Shell PLC American Depositary Shares (each representing two (2) Ordinary Shares),,Energy,Oil & Gas Production
SHG,SHG,Shinhan Financial Group Co Ltd American Depositary Shares,,Finance,Major Banks
SHOP,SHOP,Shopify Inc. Class A Subordinate Voting Shares,,Technology,Computer Software: Prepackaged Software
SHW,SHW,Sherwin-Williams Company (The),,Consumer Discretionary,RETAIL: Building Materials
SIGI,SIGI,Selective Insurance Group Inc.,,Finance,Property-Casualty Insurers
SIM,SIM,Grupo Simec S.A.B. de C.V. American Depositary Shares,,Industrials,Steel/Iron Ore
SIMO,SIMO,Silicon Motion Technology Corporation American Depositary Shares,,Technology,Semiconductors
SIRI,SIRI,SiriusXM Holdings Inc.,,Consumer Discretionary,Broadcasting
SITE,SITE,SiteOne Landscape Supply Inc.,,Consumer Discretionary,Professional and commerical equipment
SITM,SITM,SiTime Corporation,,Technology,Semiconductors
SJM,SJM,The J.M. Smucker Company,,Consumer Staples,Packaged Foods
SKE,SKE,Skeena Resources Limited,,Basic Materials,Precious Metals
SKM,SKM,SK Telecom Co. Ltd.,,Telecommunications,Telecommunications Equipment
SKT,SKT,Tanger Inc.,,Real Estate,Real Estate Investment Trusts
SKY,SKY,Champion Homes Inc.,,Consumer Discretionary,Homebuilding
SLAB,SLAB,Silicon Laboratories Inc.,,Technology,Semiconductors
SLB,SLB,SLB Limited,,Energy,Oilfield Services/Equipment
SLF,SLF,Sun Life Financial Inc.,,Finance,Life Insurance
SLGN,SLGN,Silgan Holdings Inc.,,Industrials,Containers/Packaging
SLM,SLM,SLM Corporation,,Finance,Finance: Consumer Services
SM,SM,SM Energy Company,,Energy,Oil & Gas Production
SMCI,SMCI,Super Micro Computer Inc.,,Technology,Computer Manufacturing
SMFG,SMFG,Sumitomo Mitsui Financial Group Inc Unsponsored American Depositary Shares (Japan),,Finance,Commercial Banks
SMMT,SMMT,Summit Therapeutics Inc.,,Health Care,Biotechnology: Pharmaceutical Preparations
SMR,SMR,NuScale Power Corporation Class A,,Industrials,Metal Fabrications
SMTC,SMTC,Semtech Corporation,,Technology,Semiconductors
SN,SN,SharkNinja Inc.,,Consumer Discretionary,Consumer Electronics/Appliances
SNA,SNA,Snap-On Incorporated,,Consumer Discretionary,Industrial Machinery/Components
SNAP,SNAP,Snap Inc. Class A,,Technology,Computer Software: Programming Data Processing
SNDK,SNDK,Sandisk Corporation,,Technology,Electronic Components
SNDR,SNDR,Schneider National Inc.,,Industrials,Trucking Freight/Courier Services
SNEX,SNEX,StoneX Group Inc.,,Finance,Investment Bankers/Brokers/Service
SNN,SNN,Smith & Nephew SNATS Inc.,,Health Care,Industrial Specialties
SNOW,SNOW,Snowflake Inc.,,Technology,Computer Software: Prepackaged Software
SNPS,SNPS,Synopsys Inc.,,Technology,Computer Software: Prepackaged Software
SNX,SNX,TD SYNNEX Corporation,,Technology,Retail: Computer Software & Peripheral Equipment
SNY,SNY,Sanofi ADS,,Health Care,Biotechnology: Pharmaceutical Preparations
SO,SO,Southern Company (The),,Utilities,Electric Utilities: Central
SOBO,SOBO,South Bow Corporation,,Energy,Natural Gas Distribution
SOFI,SOFI,SoFi Technologies Inc.,,Finance,Finance: Consumer Services
SOLS,SOLS,Solstice Advanced Materials Inc.,,Industrials,Aerospace
SOLV,SOLV,Solventum Corporation,,Health Care,Medical/Dental Instruments
SON,SON,Sonoco Products Company,,Consumer Discretionary,Containers/Packaging
SONY,SONY,Sony Group Corporation American Depositary Shares,,Consumer Staples,Consumer Electronics/Appliances
SOUN,SOUN,SoundHound AI Inc Class A,,Technology,Computer Software: Prepackaged Software
SPG,SPG,Simon Property Group Inc.,,Real Estate,Real Estate Investment Trusts
SPGI,SPGI,S&P Global Inc.,,Finance,Finance: Consumer Services
SPHR,SPHR,Sphere Entertainment Co. Class A,,Consumer Discretionary,Services-Misc. Amusement & Recreation
SPOT,SPOT,Spotify Technology S.A.,,Consumer Discretionary,Broadcasting
SPXC,SPXC,SPX Technologies Inc.,,Industrials,Industrial Machinery/Components
SQM,SQM,Sociedad Quimica y Minera S.A.,,Industrials,Mining & Quarrying of Nonmetallic Minerals (No Fuels)
SR,SR,Spire Inc.,,Utilities,Oil/Gas Transmission
SRAD,SRAD,Sportradar Group AG Class A,,Technology,Computer Software: Programming Data Processing
SRE,SRE,DBA Sempra,,Utilities,Natural Gas Distribution
SRRK,SRRK,Scholar Rock Holding Corporation,,Health Care,Biotechnology: Biological Products (No Diagnostic Substances)
SSB,SSB,SouthState Bank Corporation,,Finance,Major Banks
SSD,SSD,Simpson Manufacturing Company Inc.,,Consumer Discretionary,Industrial Machinery/Components
SSL,SSL,Sasol Ltd. American Depositary Shares,,Energy,Oil & Gas Production
SSNC,SSNC,SS&C Technologies Holdings Inc.,,Technology,Computer Software: Prepackaged Software
SSRM,SSRM,SSR Mining Inc.,,Industrials,Precious Metals
ST,ST,Sensata Technologies Holding plc,,Industrials,Industrial Machinery/Components
STAG,STAG,Stag Industrial Inc.,,Real Estate,Real Estate Investment Trusts
STE,STE,STERIS plc (Ireland),,Health Care,Industrial Specialties
STEP,STEP,StepStone Group Inc. Class A,,Finance,Investment Managers
STLA,STLA,Stellantis N.V.,,Industrials,Auto Manufacturing
STLD,STLD,Steel Dynamics Inc.,,Industrials,Steel/Iron Ore
STM,STM,STMicroelectronics N.V.,,Technology,Semiconductors
STN,STN,Stantec Inc,,Consumer Discretionary,Military/Government/Technical
STNG,STNG,Scorpio Tankers Inc.,,Consumer Discretionary,Marine Transportation
STRL,STRL,Sterling Infrastructure Inc.,,Industrials,Military/Government/Technical
STT,STT,State Street Corporation,,Finance,Major Banks
STVN,STVN,Stevanato Group S.p.A.,,Health Care,Medical/Dental Instruments
STX,STX,Seagate Technology Holdings PLC Ordinary Shares (Ireland),,Technology,Electronic Components
STZ,STZ,Constellation Brands Inc.,,Consumer Staples,Beverages (Production/Distribution)
SU,SU,Suncor Energy Inc.,,Energy,Integrated oil Companies
SUI,SUI,Sun Communities Inc.,,Real Estate,Real Estate Investment Trusts
SUNB,SUNB,Sunbelt Rentals Holdings Inc.,,Consumer Discretionary,Diversified Commercial Services
SUZ,SUZ,Suzano S.A. American Depositary Shares (each representing One Ordinary Share),,Basic Materials,Paper
SW,SW,Smurfit WestRock plc,,Consumer Discretionary,Containers/Packaging
SWK,SWK,Stanley Black & Decker Inc.,,Consumer Discretionary,Industrial Machinery/Components
SWKS,SWKS,Skyworks Solutions Inc.,,Technology,Semiconductors
SWX,SWX,Southwest Gas Holdings Inc. Common Stock (DE),,Utilities,Oil & Gas Production
SXT,SXT,Sensient Technologies Corporation,,Industrials,Major Chemicals
SYF,SYF,Synchrony Financial,,Finance,Finance: Consumer Services
SYK,SYK,Stryker Corporation,,Health Care,Medical/Dental Instruments
SYM,SYM,Symbotic Inc. Class A,,Industrials,Industrial Machinery/Components
SYNA,SYNA,Synaptics Incorporated Common Stock $0.001 Par Value,,Technology,Semiconductors
SYRE,SYRE,Spyre Therapeutics Inc.,,Health Care,Biotechnology: Pharmaceutical Preparations
SYY,SYY,Sysco Corporation,,Consumer Discretionary,Food Distributors
T,T,AT&T Inc.,,Telecommunications,Telecommunications Equipment
TAC,TAC,TransAlta Corporation,,Utilities,Electric Utilities: Central
TAK,TAK,Takeda Pharmaceutical Company Limited American Depositary Shares (each representing 1/2 of a share of Common Stock),,Health Care,Biotechnology: Pharmaceutical Preparations
TAL,TAL,TAL Education Group American Depositary Shares,,Real Estate,Other Consumer Services
TAP,TAP,Molson Coors Beverage Company Class B,,Consumer Staples,Beverages (Production/Distribution)
TBBB,TBBB,BBB Foods Inc. Class A,,Consumer Staples,Food Chains
TCBI,TCBI,Texas Capital Bancshares Inc.,,Finance,Major Banks
TCOM,TCOM,Trip.com Group Limited American Depositary Shares,,Consumer Discretionary,Business Services
TD,TD,Toronto Dominion Bank (The),,Finance,Commercial Banks
TDG,TDG,Transdigm Group Incorporated,,Industrials,Military/Government/Technical
TDS,TDS,Telephone and Data Systems Inc.,,Telecommunications,Telecommunications Equipment
TDW,TDW,Tidewater Inc.,,Consumer Discretionary,Marine Transportation
TDY,TDY,Teledyne Technologies Incorporated,,Industrials,Industrial Machinery/Components
TEAM,TEAM,Atlassian Corporation Class A,,Technology,Computer Software: Prepackaged Software
TECH,TECH,Bio-Techne Corp,,Health Care,Biotechnology: Biological Products (No Diagnostic Substances)
TECK,TECK,Teck Resources Ltd,,Industrials,Mining & Quarrying of Nonmetallic Minerals (No Fuels)
TEL,TEL,TE Connectivity plc,,Technology,Electronic Components
TEM,TEM,Tempus AI Inc. Class A,,Technology,Computer Software: Programming Data Processing
TEO,TEO,Telecom Argentina SA,,Telecommunications,Telecommunications Equipment
TER,TER,Teradyne Inc.,,Industrials,Electrical Products
TEVA,TEVA,Teva Pharmaceutical Industries Limited American Depositary Shares,,Health Care,Biotechnology: Pharmaceutical Preparations
TEX,TEX,Terex Corporation,,Industrials,Construction/Ag Equipment/Trucks
TFC,TFC,Truist Financial Corporation,,Finance,Major Banks
TFII,TFII,TFI International Inc.,,Industrials,Trucking Freight/Courier Services
TFPM,TFPM,Triple Flag Precious Metals Corp.,,Industrials,Precious Metals
TFSL,TFSL,TFS Financial Corporation,,Finance,Savings Institutions
TFX,TFX,Teleflex Incorporated,,Health Care,Medical/Dental Instruments
TGS,TGS,Transportadora de Gas del Sur SA TGS,,Utilities,Natural Gas Distribution
TGT,TGT,Target Corporation,,Consumer Discretionary,Department/Specialty Retail Stores
TGTX,TGTX,TG Therapeutics Inc.,,Health Care,Biotechnology: Pharmaceutical Preparations
THC,THC,Tenet Healthcare Corporation,,Health Care,Hospital/Nursing Management
THG,THG,Hanover Insurance Group Inc,,Finance,Property-Casualty Insurers
THO,THO,Thor Industries Inc.,,Industrials,Homebuilding
TIGO,TIGO,Millicom International Cellular S.A.,,Telecommunications,Telecommunications Equipment
TIMB,TIMB,TIM S.A. American Depositary Shares (Each representing 5 Common Shares),,Telecommunications,Telecommunications Equipment
TJX,TJX,TJX Companies Inc. (The),,Consumer Discretionary,Clothing/Shoe/Accessory Stores
TKC,TKC,Turkcell Iletisim Hizmetleri AS,,Telecommunications,Telecommunications Equipment
TKO,TKO,TKO Group Holdings Inc. Class A,,Consumer Discretionary,Services-Misc. Amusement & Recreation
TKR,TKR,Timken Company (The),,Industrials,Metal Fabrications
TLK,TLK,PT Telekomunikasi Indonesia Tbk,,Telecommunications,Telecommunications Equipment
TLN,TLN,Talen Energy Corporation,,Utilities,Electric Utilities: Central
TLX,TLX,Telix Pharmaceuticals Limited American Depositary Shares,,Health Care,Biotechnology: Pharmaceutical Preparations
TM,TM,Toyota Motor Corporation,,Industrials,Auto Manufacturing
TME,TME,Tencent Music Entertainment Group American Depositary Shares each representing two Class A,,Consumer Discretionary,Broadcasting
TMHC,TMHC,Taylor Morrison Home Corporation,,Consumer Discretionary,Homebuilding
TMO,TMO,Thermo Fisher Scientific Inc,,Industrials,Industrial Machinery/Components
TMUS,TMUS,T-Mobile US Inc.,,Telecommunications,Telecommunications Equipment
TNL,TNL,Travel Leisure Co.,,Consumer Discretionary,Hotels/Resorts
TOL,TOL,Toll Brothers Inc.,,Consumer Discretionary,Homebuilding
TOST,TOST,Toast Inc. Class A,,Technology,EDP Services
TPC,TPC,Tutor Perini Corporation,,Consumer Discretionary,General Bldg Contractors - Nonresidential Bldgs
TPG,TPG,TPG Inc. Class A,,Finance,Investment Managers
TPH,TPH,Tri Pointe Homes Inc.,,Consumer Discretionary,Homebuilding
TPL,TPL,Texas Pacific Land Corporation,,Energy,Oil & Gas Production
TPR,TPR,Tapestry Inc.,,Consumer Discretionary,Apparel
TREX,TREX,Trex Company Inc.,,Basic Materials,Forest Products
TRGP,TRGP,Targa Resources Inc.,,Utilities,Natural Gas Distribution
TRI,TRI,Thomson Reuters Corporation,,Consumer Discretionary,Publishing
TRMB,TRMB,Trimble Inc.,,Industrials,Industrial Machinery/Components
TRMD,TRMD,TORM plc Class A,,Consumer Discretionary,Marine Transportation
TRNO,TRNO,Terreno Realty Corporation,,Finance,Real Estate
TROW,TROW,T. Rowe Price Group Inc.,,Finance,Investment Bankers/Brokers/Service
TRP,TRP,TC Energy Corporation,,Utilities,Natural Gas Distribution
TRU,TRU,TransUnion,,Finance,Finance: Consumer Services
TRV,TRV,The Travelers Companies Inc.,,Finance,Property-Casualty Insurers
TS,TS,Tenaris S.A. American Depositary Shares,,Industrials,Steel/Iron Ore
TSCO,TSCO,Tractor Supply Company,,Consumer Discretionary,RETAIL: Building Materials
TSEM,TSEM,Tower Semiconductor Ltd.,,Technology,Semiconductors
TSLA,TSLA,Tesla Inc.,,Industrials,Auto Manufacturing
TSM,TSM,Taiwan Semiconductor Manufacturing Company Ltd.,,Technology,Semiconductors
TSN,TSN,Tyson Foods Inc.,,Consumer Staples,Meat/Poultry/Fish
TT,TT,Trane Technologies plc,,Industrials,Auto Parts:O.E.M.
TTAN,TTAN,ServiceTitan Inc. Class A,,Technology,Computer Software: Prepackaged Software
TTC,TTC,Toro Company (The),,Consumer Discretionary,Tools/Hardware
TTD,TTD,The Trade Desk Inc. Class A,,Technology,Computer Software: Programming Data Processing
TTE,TTE,TotalEnergies SE,,Energy,Oil & Gas Production
TTEK,TTEK,Tetra Tech Inc.,,Consumer Discretionary,Military/Government/Technical
TTMI,TTMI,TTM Technologies Inc.,,Technology,Electrical Products
TTWO,TTWO,Take-Two Interactive Software Inc.,,Consumer Discretionary,Services-Misc. Amusement & Recreation
TU,TU,Telus Corporation,,Telecommunications,Telecommunications Equipment
TV,TV,Grupo Televisa S.A.B.,,Industrials,Broadcasting
TVTX,TVTX,Travere Therapeutics Inc.,,Health Care,Biotechnology: Pharmaceutical Preparations
TW,TW,Tradeweb Markets Inc. Class A,,Finance,Investment Bankers/Brokers/Service
TWLO,TWLO,Twilio Inc. Class A,,Technology,Computer Software: Prepackaged Software
TX,TX,Ternium S.A. Ternium S.A. American Depositary Shares (each representing ten shares USD1.00 par value),,Industrials,Steel/Iron Ore
TXN,TXN,Texas Instruments Incorporated,,Technology,Semiconductors
TXNM,TXNM,TXNM Energy Inc.,,Utilities,Electric Utilities: Central
TXRH,TXRH,Texas Roadhouse Inc.,,Consumer Discretionary,Restaurants
TXT,TXT,Textron Inc.,,Industrials,Aerospace
TYL,TYL,Tyler Technologies Inc.,,Technology,Computer Software: Prepackaged Software
U,U,Unity Software Inc.,,Technology,Computer Software: Prepackaged Software
UAL,UAL,United Airlines Holdings Inc.,,Consumer Discretionary,Air Freight/Delivery Services
UBER,UBER,Uber Technologies Inc.,,Consumer Discretionary,Business Services
UBS,UBS,UBS Group AG Registered,,Finance,Major Banks
UBSI,UBSI,United Bankshares Inc.,,Finance,Major Banks
UCB,UCB,United Community Banks Inc.,,Finance,Major Banks
UCTT,UCTT,Ultra Clean Holdings Inc.,,Technology,Semiconductors
UDR,UDR,UDR Inc.,,Real Estate,Real Estate Investment Trusts
UEC,UEC,Uranium Energy Corp.,,Basic Materials,Other Metals and Minerals
UFPI,UFPI,UFP Industries Inc.,,Basic Materials,Forest Products
UGI,UGI,UGI Corporation,,Utilities,Natural Gas Distribution
UGP,UGP,Ultrapar Participacoes S.A. (New) American Depositary Shares (Each representing one Common Share),,Utilities,Oil/Gas Transmission
UHAL,UHAL,U-Haul Holding Company,,Consumer Discretionary,Rental/Leasing Companies
UHS,UHS,Universal Health Services Inc.,,Health Care,Hospital/Nursing Management
UI,UI,Ubiquiti Inc.,,Technology,Radio And Television Broadcasting And Communications Equipment
UL,UL,Unilever PLC American Depositary Shares (each representing One Ordinary Share),,Consumer Discretionary,Package Goods/Cosmetics
ULS,ULS,UL Solutions Inc. Class A,,Health Care,Precision Instruments
ULTA,ULTA,Ulta Beauty Inc.,,Consumer Discretionary,Other Specialty Stores
UMBF,UMBF,UMB Financial Corporation,,Finance,Major Banks
UMC,UMC,United Microelectronics Corporation (NEW),,Technology,Semiconductors
UNF,UNF,Unifirst Corporation,,Consumer Discretionary,Other Consumer Services
UNH,UNH,UnitedHealth Group Incorporated Common Stock (DE),,Health Care,Medical Specialities
UNM,UNM,Unum Group,,Finance,Accident &Health Insurance
UNP,UNP,Union Pacific Corporation,,Industrials,Railroads
UPS,UPS,United Parcel Service Inc.,,Industrials,Trucking Freight/Courier Services
URBN,URBN,Urban Outfitters Inc.,,Consumer Discretionary,Clothing/Shoe/Accessory Stores
URI,URI,United Rentals Inc.,,Consumer Discretionary,Diversified Commercial Services
USAR,USAR,USA Rare Earth Inc. Class A,,Basic Materials,Metal Mining
USB,USB,U.S. Bancorp,,Finance,Major Banks
USFD,USFD,US Foods Holding Corp.,,Consumer Discretionary,Food Distributors
UTHR,UTHR,United Therapeutics Corporation,,Health Care,Biotechnology: Pharmaceutical Preparations
UUUU,UUUU,Energy Fuels Inc Ordinary Shares (Canada),,Industrials,Mining & Quarrying of Nonmetallic Minerals (No Fuels)
UWMC,UWMC,UWM Holdings Corporation Class A,,Finance,Finance: Consumer Services
V,V,Visa Inc.,,Consumer Discretionary,Business Services
VAL,VAL,Valaris Limited,,Energy,Oil & Gas Production
VALE,VALE,VALE S.A. American Depositary Shares Each Representing one common share,,Basic Materials,Metal Mining
VCTR,VCTR,Victory Capital Holdings Inc. Class A,,Finance,Investment Managers
VEEV,VEEV,Veeva Systems Inc. Class A,,Technology,Computer Software: Prepackaged Software
VEON,VEON,VEON Ltd. ADS,,Telecommunications,Telecommunications Equipment
VFC,VFC,V.F. Corporation,,Industrials,Garments and Clothing
VFS,VFS,VinFast Auto Ltd.,,Industrials,Auto Manufacturing
VG,VG,Venture Global Inc. Class A,,Utilities,Oil/Gas Transmission
VIAV,VIAV,Viavi Solutions Inc.,,Technology,Semiconductors
VICI,VICI,VICI Properties Inc.,,Real Estate,Real Estate Investment Trusts
VICR,VICR,Vicor Corporation,,Technology,Industrial Machinery/Components
VIK,VIK,Viking Holdings Ltd,,Consumer Discretionary,Marine Transportation
VIPS,VIPS,Vipshop Holdings Limited American Depositary Shares each representing two,,Consumer Discretionary,Catalog/Specialty Distribution
VIRT,VIRT,Virtu Financial Inc. Class A,,Finance,Investment Bankers/Brokers/Service
VIST,VIST,Vista Energy S.A.B. de C.V. American Depositary Shares each representing one series A share with no par value,,Energy,Oil & Gas Production
VIV,VIV,Telefonica Brasil S.A. American Depositary Shares (Each representing One Common Share),,Telecommunications,Telecommunications Equipment
VKTX,VKTX,Viking Therapeutics Inc.,,Health Care,Biotechnology: Pharmaceutical Preparations
VLO,VLO,Valero Energy Corporation,,Energy,Integrated oil Companies
VLTO,VLTO,Veralto Corp,,Industrials,Electrical Products
VLY,VLY,Valley National Bancorp,,Finance,Major Banks
VMC,VMC,Vulcan Materials Company (Holding Company),,Industrials,Mining & Quarrying of Nonmetallic Minerals (No Fuels)
VMI,VMI,Valmont Industries Inc.,,Industrials,Metal Fabrications
VNO,VNO,Vornado Realty Trust,,Real Estate,Real Estate Investment Trusts
VNOM,VNOM,Viper Energy Inc. Class A,,Energy,Oil & Gas Production
VNT,VNT,Vontier Corporation,,Industrials,Industrial Machinery/Components
VOD,VOD,Vodafone Group Plc American Depositary Shares,,Telecommunications,Telecommunications Equipment
VOYA,VOYA,Voya Financial Inc.,,Finance,Life Insurance
VRSK,VRSK,Verisk Analytics Inc.,,Industrials,Diversified Commercial Services
VRSN,VRSN,VeriSign Inc.,,Technology,EDP Services
VRT,VRT,Vertiv Holdings LLC Class A,,Technology,Industrial Machinery/Components
VRTX,VRTX,Vertex Pharmaceuticals Incorporated,,Health Care,Biotechnology: Pharmaceutical Preparations
VSAT,VSAT,ViaSat Inc.,,Technology,Radio And Television Broadcasting And Communications Equipment
VSCO,VSCO,Victorias Secret & Co.,,Consumer Discretionary,Clothing/Shoe/Accessory Stores
VSEC,VSEC,VSE Corporation,,Consumer Discretionary,Military/Government/Technical
VSH,VSH,Vishay Intertechnology Inc.,,Technology,Electrical Products
VSNT,VSNT,Versant Media Group Inc. Class A,,Industrials,Broadcasting
VST,VST,Vistra Corp.,,Utilities,Electric Utilities: Central
VTR,VTR,Ventas Inc.,,Real Estate,Real Estate Investment Trusts
VTRS,VTRS,Viatris Inc.,,Health Care,Biotechnology: Pharmaceutical Preparations
VVV,VVV,Valvoline Inc.,,Industrials,Major Chemicals
VZ,VZ,Verizon Communications Inc.,,Telecommunications,Telecommunications Equipment
W,W,Wayfair Inc. Class A,,Consumer Discretionary,Catalog/Specialty Distribution
WAB,WAB,Westinghouse Air Brake Technologies Corporation,,Industrials,Railroads
WAL,WAL,Western Alliance Bancorporation Common Stock (DE),,Finance,Major Banks
WAT,WAT,Waters Corporation,,Industrials,Biotechnology: Laboratory Analytical Instruments
WAY,WAY,Waystar Holding Corp.,,Technology,EDP Services
WBD,WBD,Warner Bros. Discovery Inc. Series A,,Consumer Discretionary,Services-Misc. Amusement & Recreation
WBI,WBI,WaterBridge Infrastructure LLC Class A Shares Representing Limited Liability Company Interests,,Energy,Oilfield Services/Equipment
WBS,WBS,Webster Financial Corporation,,Finance,Major Banks
WCC,WCC,WESCO International Inc.,,Consumer Discretionary,Telecommunications Equipment
WCN,WCN,Waste Connections Inc.,,Utilities,Environmental Services
WDAY,WDAY,Workday Inc. Class A,,Technology,EDP Services
WDC,WDC,Western Digital Corporation,,Technology,Electronic Components
WDS,WDS,Woodside Energy Group Limited American Depositary Shares each representing one Ordinary Share,,Energy,Oil & Gas Production
WEC,WEC,WEC Energy Group Inc.,,Utilities,Power Generation
WELL,WELL,Welltower Inc.,,Real Estate,Real Estate Investment Trusts
WEX,WEX,WEX Inc.,,Consumer Discretionary,Business Services
WF,WF,Woori Financial Group Inc. American Depositary Shares (each representing three (3) shares of Common Stock),,Finance,Commercial Banks
WFC,WFC,Wells Fargo & Company,,Finance,Major Banks
WFG,WFG,West Fraser Timber Co. Ltd,,Basic Materials,Forest Products
WFRD,WFRD,Weatherford International plc,,Consumer Discretionary,Oil and Gas Field Machinery
WH,WH,Wyndham Hotels & Resorts Inc.,,Consumer Discretionary,Hotels/Resorts
WHD,WHD,Cactus Inc. Class A,,Consumer Discretionary,Oil and Gas Field Machinery
WING,WING,Wingstop Inc.,,Consumer Discretionary,Restaurants
WIT,WIT,Wipro Limited,,Technology,EDP Services
WIX,WIX,Wix.com Ltd.,,Technology,Computer Software: Programming Data Processing
WLK,WLK,Westlake Corporation,,Industrials,Major Chemicals
WM,WM,Waste Management Inc.,,Utilities,Environmental Services
WMB,WMB,Williams Companies Inc. (The),,Utilities,Natural Gas Distribution
WMG,WMG,Warner Music Group Corp. Class A,,Consumer Discretionary,Services-Misc. Amusement & Recreation
WMS,WMS,Advanced Drainage Systems Inc.,,Consumer Discretionary,Containers/Packaging
WMT,WMT,Walmart Inc.,,Consumer Discretionary,Department/Specialty Retail Stores
WPC,WPC,W. P. Carey Inc. REIT,,Real Estate,Real Estate Investment Trusts
WPM,WPM,Wheaton Precious Metals Corp Common Shares (Canada),,Basic Materials,Precious Metals
WPP,WPP,WPP plc American Depositary Shares,,Consumer Discretionary,Advertising
WRB,WRB,W.R. Berkley Corporation,,Finance,Property-Casualty Insurers
WSC,WSC,WillScot Holdings Corporation Class A,,Industrials,Misc Corporate Leasing Services
WSFS,WSFS,WSFS Financial Corporation,,Finance,Major Banks
WSM,WSM,Williams-Sonoma Inc. Common Stock (DE),,Consumer Discretionary,Home Furnishings
WSO,WSO,Watsco Inc.,,Consumer Discretionary,Industrial Machinery/Components
WST,WST,West Pharmaceutical Services Inc.,,Health Care,Medical/Dental Instruments
WTFC,WTFC,Wintrust Financial Corporation,,Finance,Major Banks
WTM,WTM,White Mountains Insurance Group Ltd.,,Finance,Property-Casualty Insurers
WTRG,WTRG,Essential Utilities Inc.,,Utilities,Water Supply
WTS,WTS,Watts Water Technologies Inc. Class A,,Industrials,Metal Fabrications
WTW,WTW,Willis Towers Watson Public Limited Company,,Finance,Specialty Insurers
WULF,WULF,TeraWulf Inc.,,Technology,EDP Services
WWD,WWD,Woodward Inc.,,Energy,Industrial Machinery/Components
WY,WY,Weyerhaeuser Company,,Real Estate,Real Estate Investment Trusts
WYNN,WYNN,Wynn Resorts Limited,,Consumer Discretionary,Hotels/Resorts
XE,XE,X-Energy Inc. Class A,,Industrials,Metal Fabrications
XEL,XEL,Xcel Energy Inc.,,Utilities,Power Generation
XENE,XENE,Xenon Pharmaceuticals Inc.,,Health Care,Biotechnology: Pharmaceutical Preparations
XNDU,XNDU,Xanadu Quantum Technologies Limited Class B Subordinate Voting Shares,,Technology,Computer Manufacturing
XOM,XOM,Exxon Mobil Corporation,,Energy,Integrated oil Companies
XP,XP,XP Inc. Class A,,Finance,Investment Bankers/Brokers/Service
XPEV,XPEV,XPeng Inc. American depositary shares each representing two Class A,,Industrials,Auto Manufacturing
XPO,XPO,XPO Inc.,,Consumer Discretionary,Transportation Services
XXI,XXI,Twenty One Capital Inc. Class A,,Finance,Finance: Consumer Services
XYL,XYL,Xylem Inc. Common Stock New,,Industrials,Fluid Controls
XYZ,XYZ,Block Inc. Class A,,Technology,Computer Software: Prepackaged Software
YMM,YMM,Full Truck Alliance Co. Ltd. American Depositary Shares (each representing 20 Class A Ordinary Shares),,Technology,Computer Software: Prepackaged Software
YOU,YOU,Clear Secure Inc. Class A,,Technology,Computer Software: Prepackaged Software
YPF,YPF,YPF Sociedad Anonima,,Energy,Integrated oil Companies
YSS,YSS,York Space Systems Inc.,,Industrials,Military/Government/Technical
YUM,YUM,Yum! Brands Inc.,,Consumer Discretionary,Restaurants
YUMC,YUMC,Yum China Holdings Inc.,,Consumer Discretionary,Restaurants
Z,Z,Zillow Group Inc. Class C Capital Stock,,Consumer Discretionary,Business Services
ZBH,ZBH,Zimmer Biomet Holdings Inc.,,Health Care,Industrial Specialties
ZBRA,ZBRA,Zebra Technologies Corporation Class A,,Industrials,Industrial Machinery/Components
ZETA,ZETA,Zeta Global Holdings Corp. Class A,,Technology,Computer Software: Prepackaged Software
ZG,ZG,Zillow Group Inc. Class A,,Consumer Discretionary,Business Services
ZION,ZION,Zions Bancorporation N.A.,,Finance,Major Banks
ZM,ZM,Zoom Communications Inc. Class A,,Technology,Computer Software: Programming Data Processing
ZS,ZS,Zscaler Inc.,,Technology,EDP Services
ZTO,ZTO,ZTO Express (Cayman) Inc. American Depositary Shares each representing one Class A ordinary share.,,Industrials,Trucking Freight/Courier Services
ZTS,ZTS,Zoetis Inc. Class A,,Health Care,Biotechnology: Pharmaceutical Preparations
ZWS,ZWS,Zurn Elkay Water Solutions Corporation,,Industrials,Industrial Machinery/Components
