"symbol","available_intervals","processed_intervals","raw_file_count","processed_file_count","first_datetime","last_datetime","total_bars","source_detected_from_file","needs_update","has_data_quality_issue"
"A","4h,1day,1week,3day","4h,1day,1week,3day","4","4","1999-11-15T00:00:00","2026-05-12T09:30:00","13846","raw,processed","True","False"
"AA","4h,1day,1week,3day","4h,1day,1week,3day","4","4","1969-12-29T00:00:00","2026-05-12T09:30:00","25458","raw,processed","False","False"
"AAL","4h,1day,1week,3day","4h,1day,1week,3day","4","4","2005-09-26T00:00:00","2026-05-12T09:30:00","11609","raw,processed","False","False"
"AAOI","4h,1day,1week,3day","4h,1day,1week,3day","4","4","2013-09-23T00:00:00","2026-05-12T09:30:00","8499","raw,processed","False","False"
"AAON","4h,1day,1week,3day","4h,1day,1week,3day","4","4","1992-12-16T00:00:00","2026-05-12T09:30:00","15833","raw,processed","False","False"
"AAPL","4h,1day,1week,3day","4h,1day,1week,3day","4","4","1980-12-08T00:00:00","2026-05-06T13:30:00","21206","raw,processed","True","False"
"AAUC","4h,1day,1week,3day","4h,1day,1week,3day","4","4","2024-08-12T00:00:00","2026-05-06T13:30:00","1122","raw,processed","True","False"
"ABBV","4h,1day,1week,3day","4h,1day,1week,3day","4","4","2012-12-31T00:00:00","2026-05-06T13:30:00","8761","raw,processed","True","False"
"ABCB","4h,1day,1week,3day","4h,1day,1week,3day","4","4","1994-05-16T00:00:00","2026-05-06T13:30:00","15944","raw,processed","True","False"
"ABEV","4h,1day,1week,3day","4h,1day,1week,3day","4","4","1997-03-03T00:00:00","2026-05-06T13:30:00","14891","raw,processed","True","False"
"ABG","4h,1day,1week,3day","4h,1day,1week,3day","4","4","2002-03-18T00:00:00","2026-05-06T13:30:00","12933","raw,processed","True","False"
"ABNB","4h,1day,1week,3day","4h,1day,1week,3day","4","4","2020-12-07T00:00:00","2026-05-06T13:30:00","4764","raw,processed","True","False"
"ABT","4h,1day,1week,3day","4h,1day,1week,3day","4","4","1983-04-04T00:00:00","2026-05-06T13:30:00","20313","raw,processed","True","False"
"ABVX","4h,1day,1week,3day","4h,1day,1week,3day","4","4","2023-10-16T00:00:00","2026-05-06T13:30:00","2150","raw,processed","True","False"
"ACA","4h,1day,1week,3day","4h,1day,1week,3day","4","4","2018-10-29T00:00:00","2026-05-06T13:30:00","6486","raw,processed","True","False"
"ACAD","4h,1day,1week,3day","4h,1day,1week,3day","4","4","2004-05-24T00:00:00","2026-05-06T13:30:00","12095","raw,processed","True","False"
"ACGL","4h,1day,1week,3day","4h,1day,1week,3day","4","4","1995-09-11T00:00:00","2026-05-06T13:30:00","15471","raw,processed","True","False"
"ACHR","4h,1day,1week,3day","4h,1day,1week,3day","4","4","2020-12-14T00:00:00","2026-05-06T13:30:00","4389","raw,processed","True","False"
"ACI","4h,1day,1week,3day","4h,1day,1week,3day","4","4","2020-06-22T00:00:00","2026-05-06T13:30:00","5191","raw,processed","True","False"
"ACIW","4h,1day,1week,3day","4h,1day,1week,3day","4","4","1995-02-20T00:00:00","2026-05-06T13:30:00","15662","raw,processed","True","False"
"ACLS","4h,1day,1week,3day","4h,1day,1week,3day","4","4","2000-07-10T00:00:00","2026-05-06T13:30:00","13597","raw,processed","True","False"
"ACM","4h,1day,1week,3day","4h,1day,1week,3day","4","4","2007-05-07T00:00:00","2026-05-06T13:30:00","10957","raw,processed","True","False"
"ACN","4h,1day,1week,3day","4h,1day,1week,3day","4","4","2001-07-16T00:00:00","2026-05-06T13:30:00","13197","raw,processed","True","False"
"ACT","4h,1day,1week,3day","4h,1day,1week,3day","4","4","2020-02-10T07:00:00","2026-05-06T13:30:00","4471","raw,processed","True","False"
"AD","4h,1day,1week,3day","4h,1day,1week,3day","4","4","2007-08-20T00:00:00","2026-05-06T13:30:00","4216","raw,processed","True","False"
"ADBE","4h,1day,1week,3day","4h,1day,1week,3day","4","4","1987-03-09T00:00:00","2026-05-06T13:30:00","18793","raw,processed","True","False"
"ADC","4h,1day,1week,3day","4h,1day,1week,3day","4","4","1994-04-11T00:00:00","2026-05-06T13:30:00","16007","raw,processed","True","False"
"ADI","4h,1day,1week,3day","4h,1day,1week,3day","4","4","1984-07-16T00:00:00","2026-05-06T13:30:00","19804","raw,processed","True","False"
"ADM","4h,1day,1week,3day","4h,1day,1week,3day","4","4","1983-04-04T00:00:00","2026-05-06T13:30:00","20311","raw,processed","True","False"
"ADP","4h,1day,1week,3day","4h,1day,1week,3day","4","4","1983-04-04T00:00:00","2026-05-06T13:30:00","20298","raw,processed","True","False"
"ADSK","4h,1day,1week,3day","4h,1day,1week,3day","4","4","1985-06-24T00:00:00","2026-05-06T13:30:00","19433","raw,processed","True","False"
"ADT","4h,1day,1week,3day","4h,1day,1week,3day","4","4","2018-01-15T00:00:00","2026-05-06T13:30:00","6807","raw,processed","True","False"
"AEE","4h,1day,1week,3day","4h,1day,1week,3day","4","4","1997-12-29T00:00:00","2026-05-06T13:30:00","14568","raw,processed","True","False"
"AEG","4h,1day,1week,3day","4h,1day,1week,3day","4","4","1985-06-24T00:00:00","2026-05-06T13:30:00","19425","raw,processed","True","False"
"AEIS","4h,1day,1week,3day","4h,1day,1week,3day","4","4","1995-11-13T00:00:00","2026-05-06T13:30:00","15395","raw,processed","True","False"
"AEM","4h,1day,1week,3day","4h,1day,1week,3day","4","4","1975-04-07T00:00:00","2026-05-06T13:30:00","19775","raw,processed","True","False"
"AEP","4h,1day,1week,3day","4h,1day,1week,3day","4","4","1969-12-29T00:00:00","2026-05-06T13:30:00","25473","raw,processed","True","False"
"AER","4h,1day,1week,3day","4h,1day,1week,3day","4","4","2006-11-20T00:00:00","2026-05-06T13:30:00","11134","raw,processed","True","False"
"AES","4h,1day,1week,3day","4h,1day,1week,3day","4","4","1991-06-24T00:00:00","2026-05-06T13:30:00","17135","raw,processed","True","False"
"AFG","4h,1day,1week,3day","4h,1day,1week,3day","4","4","1980-11-10T00:00:00","2026-05-06T13:30:00","20310","raw,processed","True","False"
"AFL","4h,1day,1week,3day","4h,1day,1week,3day","4","4","1982-09-20T00:00:00","2026-05-06T13:30:00","19796","raw,processed","True","False"
"AFRM","4h,1day,1week,3day","4h,1day,1week,3day","4","4","2021-01-11T00:00:00","2026-05-06T13:30:00","4715","raw,processed","True","False"
"AG","4h,1day,1week,3day","4h,1day,1week,3day","4","4","2006-11-27T00:00:00","2026-05-06T13:30:00","11141","raw,processed","True","False"
"AGCO","4h,1day,1week,3day","4h,1day,1week,3day","4","4","1992-04-13T00:00:00","2026-05-06T13:30:00","16801","raw,processed","True","False"
"AGI","4h,1day,1week,3day","4h,1day,1week,3day","4","4","2003-04-28T00:00:00","2026-05-06T13:30:00","11754","raw,processed","True","False"
"AGNC","4h,1day,1week,3day","4h,1day,1week,3day","4","4","2008-05-12T00:00:00","2026-05-06T13:30:00","10564","raw,processed","True","False"
"AGO","4h,1day,1week,3day","4h,1day,1week,3day","4","4","2004-04-19T00:00:00","2026-05-06T13:30:00","12132","raw,processed","True","False"
"AGX","4h,1day,1week,3day","4h,1day,1week,3day","4","4","1995-08-14T00:00:00","2026-05-06T13:30:00","15484","raw,processed","True","False"
"AHR","4h,1day,1week,3day","4h,1day,1week,3day","4","4","2024-02-05T00:00:00","2026-05-06T13:30:00","1982","raw,processed","True","False"
"AIG","4h,1day,1week,3day","4h,1day,1week,3day","4","4","1973-01-01T00:00:00","2026-05-06T13:30:00","22558","raw,processed","True","False"
"AIR","4h,1day,1week,3day","4h,1day,1week,3day","4","4","1981-07-06T00:00:00","2026-05-06T13:30:00","19834","raw,processed","True","False"
"AIT","4h,1day,1week,3day","4h,1day,1week,3day","4","4","1980-03-31T00:00:00","2026-05-06T13:30:00","19874","raw,processed","True","False"
"AIZ","4h,1day,1week,3day","4h,1day,1week,3day","4","4","2004-02-02T00:00:00","2026-05-06T13:30:00","12225","raw,processed","True","False"
"AJG","4h,1day,1week,3day","4h,1day,1week,3day","4","4","1984-08-20T00:00:00","2026-05-06T13:30:00","19758","raw,processed","True","False"
"AKAM","4h,1day,1week,3day","4h,1day,1week,3day","4","4","1999-10-25T00:00:00","2026-05-06T13:30:00","13868","raw,processed","True","False"
"ALAB","4h,1day,1week,3day","4h,1day,1week,3day","4","4","2024-03-18T00:00:00","2026-05-06T13:30:00","1885","raw,processed","True","False"
"ALB","4h,1day,1week,3day","4h,1day,1week,3day","4","4","1994-02-21T00:00:00","2026-05-06T13:30:00","16074","raw,processed","True","False"
"ALC","4h,1day,1week,3day","4h,1day,1week,3day","4","4","2019-04-08T00:00:00","2026-05-06T13:30:00","6327","raw,processed","True","False"
"ALGM","4h,1day,1week,3day","4h,1day,1week,3day","4","4","2020-10-26T00:00:00","2026-05-06T13:30:00","4850","raw,processed","True","False"
"ALGN","4h,1day,1week,3day","4h,1day,1week,3day","4","4","2001-01-29T00:00:00","2026-05-06T13:30:00","13408","raw,processed","True","False"
"ALH","4h,1day,1week,3day","4h,1day,1week,3day","4","4","2025-10-06T00:00:00","2026-05-06T13:30:00","509","raw,processed","True","False"
"ALHC","4h,1day,1week,3day","4h,1day,1week,3day","4","4","2021-03-22T00:00:00","2026-05-06T13:30:00","4438","raw,processed","True","False"
"ALK","4h,1day,1week,3day","4h,1day,1week,3day","4","4","1982-12-27T00:00:00","2026-05-06T13:30:00","20398","raw,processed","True","False"
"ALKS","4h,1day,1week,3day","4h,1day,1week,3day","4","4","1991-07-15T00:00:00","2026-05-06T13:30:00","17095","raw,processed","True","False"
"ALL","4h,1day,1week,3day","4h,1day,1week,3day","4","4","1993-05-31T00:00:00","2026-05-06T13:30:00","16346","raw,processed","True","False"
"ALLE","4h,1day,1week,3day","4h,1day,1week,3day","4","4","2013-11-18T00:00:00","2026-05-06T13:30:00","8421","raw,processed","True","False"
"ALLY","4h,1day,1week,3day","4h,1day,1week,3day","4","4","2014-01-27T00:00:00","2026-05-06T13:30:00","8361","raw,processed","True","False"
"ALM","4h,1day,1week,3day","4h,1day,1week,3day","4","4","2013-06-10T00:00:00","2026-05-06T13:30:00","5406","raw,processed","True","False"
"ALNY","4h,1day,1week,3day","4h,1day,1week,3day","4","4","2004-05-31T00:00:00","2026-05-06T13:30:00","12072","raw,processed","True","False"
"ALSN","4h,1day,1week,3day","4h,1day,1week,3day","4","4","2012-03-12T00:00:00","2026-05-06T13:30:00","9050","raw,processed","True","False"
"ALV","4h,1day,1week,3day","4h,1day,1week,3day","4","4","1997-04-28T00:00:00","2026-05-06T13:30:00","14850","raw,processed","True","False"
"AM","4h,1day,1week,3day","4h,1day,1week,3day","4","4","2017-05-01T00:00:00","2026-05-06T13:30:00","7087","raw,processed","True","False"
"AMAT","4h,1day,1week,3day","4h,1day,1week,3day","4","4","1981-08-03T00:00:00","2026-05-06T13:30:00","19762","raw,processed","True","False"
"AMCR","4h,1day,1week,3day","4h,1day,1week,3day","4","4","2012-05-14T00:00:00","2026-05-06T13:30:00","8813","raw,processed","True","False"
"AMD","4h,1day,1week,3day","4h,1day,1week,3day","4","4","1982-10-04T00:00:00","2026-05-06T13:30:00","20343","raw,processed","True","False"
"AME","4h,1day,1week,3day","4h,1day,1week,3day","4","4","1984-07-16T00:00:00","2026-05-06T13:30:00","19818","raw,processed","True","False"
"AMG","4h,1day,1week,3day","4h,1day,1week,3day","4","4","1997-11-17T00:00:00","2026-05-06T13:30:00","14598","raw,processed","True","False"
"AMGN","4h,1day,1week,3day","4h,1day,1week,3day","4","4","1983-07-25T00:00:00","2026-05-06T13:30:00","19760","raw,processed","True","False"
"AMH","4h,1day,1week,3day","4h,1day,1week,3day","4","4","2013-07-29T00:00:00","2026-05-06T13:30:00","8543","raw,processed","True","False"
"AMKR","4h,1day,1week,3day","4h,1day,1week,3day","4","4","1998-04-27T00:00:00","2026-05-06T13:30:00","14458","raw,processed","True","False"
"AMP","4h,1day,1week,3day","4h,1day,1week,3day","4","4","2005-09-12T00:00:00","2026-05-06T13:30:00","11616","raw,processed","True","False"
"AMRX","4h,1day,1week,3day","4h,1day,1week,3day","4","4","2018-05-07T00:00:00","2026-05-06T13:30:00","6694","raw,processed","True","False"
"AMRZ","4h,1day,1week,3day","4h,1day,1week,3day","4","4","2025-06-23T00:00:00","2026-05-06T13:30:00","777","raw,processed","True","False"
"AMT","4h,1day,1week,3day","4h,1day,1week,3day","4","4","1998-02-23T00:00:00","2026-05-06T13:30:00","14520","raw,processed","True","False"
"AMTM","4h,1day,1week,3day","4h,1day,1week,3day","4","4","2024-09-23T00:00:00","2026-05-06T13:30:00","1421","raw,processed","True","False"
"AMZN","4h,1day,1week,3day","4h,1day,1week,3day","4","4","1997-05-12T00:00:00","2026-05-06T13:30:00","14807","raw,processed","True","False"
"AN","4h,1day,1week,3day","4h,1day,1week,3day","4","4","1990-10-29T00:00:00","2026-05-06T13:30:00","16988","raw,processed","True","False"
"ANDG","4h,1day,1week,3day","4h,1day,1week,3day","4","4","2025-12-15T00:00:00","2026-05-06T13:30:00","340","raw,processed","True","False"
"ANET","4h,1day,1week,3day","4h,1day,1week,3day","4","4","2014-06-02T00:00:00","2026-05-06T13:30:00","8202","raw,processed","True","False"
"ANF","4h,1day,1week,3day","4h,1day,1week,3day","4","4","1996-09-23T00:00:00","2026-05-06T13:30:00","15060","raw,processed","True","False"
"AON","4h,1day,1week,3day","4h,1day,1week,3day","4","4","1984-09-03T00:00:00","2026-05-06T13:30:00","19754","raw,processed","True","False"
"AOS","4h,1day,1week,3day","4h,1day,1week,3day","4","4","1984-02-13T00:00:00","2026-05-06T13:30:00","19762","raw,processed","True","False"
"APA","4h,1day,1week,3day","4h,1day,1week,3day","4","4","1979-05-14T00:00:00","2026-05-06T13:30:00","21815","raw,processed","True","False"
"APD","4h,1day,1week,3day","4h,1day,1week,3day","4","4","1983-04-04T00:00:00","2026-05-06T13:30:00","20336","raw,processed","True","False"
"APG","4h,1day,1week,3day","4h,1day,1week,3day","4","4","2020-04-27T00:00:00","2026-05-06T13:30:00","5333","raw,processed","True","False"
"APGE","4h,1day,1week,3day","4h,1day,1week,3day","4","4","2023-07-10T00:00:00","2026-05-06T13:30:00","2462","raw,processed","True","False"
"APH","4h,1day,1week,3day","4h,1day,1week,3day","4","4","1991-11-04T00:00:00","2026-05-06T13:30:00","16971","raw,processed","True","False"
"APLD","4h,1day,1week,3day","4h,1day,1week,3day","4","4","2002-07-22T00:00:00","2026-05-06T13:30:00","11878","raw,processed","True","False"
"APLS","4h,1day,1week,3day","4h,1day,1week,3day","4","4","2017-11-06T00:00:00","2026-05-06T13:30:00","6883","raw,processed","True","False"
"APO","4h,1day,1week,3day","4h,1day,1week,3day","4","4","2011-03-28T00:00:00","2026-05-06T13:30:00","8800","raw,processed","True","False"
"APP","4h,1day,1week,3day","4h,1day,1week,3day","4","4","2021-04-12T00:00:00","2026-05-06T13:30:00","4481","raw,processed","True","False"
"APPF","4h,1day,1week,3day","4h,1day,1week,3day","4","4","2015-06-22T00:00:00","2026-05-06T13:30:00","7782","raw,processed","True","False"
"APTV","4h,1day,1week,3day","4h,1day,1week,3day","4","4","2011-11-14T00:00:00","2026-05-06T13:30:00","9194","raw,processed","True","False"
"AQN","4h,1day,1week,3day","4h,1day,1week,3day","4","4","2009-12-28T00:00:00","2026-05-06T13:30:00","9933","raw,processed","True","False"
"AR","4h,1day,1week,3day","4h,1day,1week,3day","4","4","2013-10-07T00:00:00","2026-05-06T13:30:00","8467","raw,processed","True","False"
"ARE","4h,1day,1week,3day","4h,1day,1week,3day","4","4","1997-05-26T00:00:00","2026-05-06T13:30:00","14814","raw,processed","True","False"
"ARES","4h,1day,1week,3day","4h,1day,1week,3day","4","4","2014-04-28T00:00:00","2026-05-06T13:30:00","8242","raw,processed","True","False"
"ARGX","4h,1day,1week,3day","4h,1day,1week,3day","4","4","2017-05-15T00:00:00","2026-05-06T13:30:00","7060","raw,processed","True","False"
"ARIS","4h,1day,1week,3day","4h,1day,1week,3day","4","4","2010-10-04T00:00:00","2026-05-06T13:30:00","8124","raw,processed","True","False"
"ARM","4h,1day,1week,3day","4h,1day,1week,3day","4","4","2023-09-11T00:00:00","2026-05-06T13:30:00","2332","raw,processed","True","False"
"ARMK","4h,1day,1week,3day","4h,1day,1week,3day","4","4","2013-12-09T00:00:00","2026-05-06T13:30:00","8394","raw,processed","True","False"
"AROC","4h,1day,1week,3day","4h,1day,1week,3day","4","4","2007-08-20T00:00:00","2026-05-06T13:30:00","10850","raw,processed","True","False"
"ARW","4h,1day,1week,3day","4h,1day,1week,3day","4","4","1980-12-01T00:00:00","2026-05-06T13:30:00","19824","raw,processed","True","False"
"ARWR","4h,1day,1week,3day","4h,1day,1week,3day","4","4","1993-12-13T00:00:00","2026-05-06T13:30:00","16147","raw,processed","True","False"
"ARXS","4h,1day,1week,3day","4h,1day,1week,3day","4","4","2026-04-13T00:00:00","2026-05-06T13:30:00","54","raw,processed","True","False"
"AS","4h,1day,1week,3day","4h,1day,1week,3day","4","4","2024-01-29T00:00:00","2026-05-06T13:30:00","2003","raw,processed","True","False"
"ASB","4h,1day,1week,3day","4h,1day,1week,3day","4","4","1980-03-17T00:00:00","2026-05-06T13:30:00","20828","raw,processed","True","False"
"ASML","4h,1day,1week,3day","4h,1day,1week,3day","4","4","1995-03-13T00:00:00","2026-05-06T13:30:00","15672","raw,processed","True","False"
"ASND","4h,1day,1week,3day","4h,1day,1week,3day","4","4","2015-01-26T00:00:00","2026-05-06T13:30:00","7954","raw,processed","True","False"
"ASR","4h,1day,1week,3day","4h,1day,1week,3day","4","4","2000-09-25T00:00:00","2026-05-06T13:30:00","13498","raw,processed","True","False"
"ASTS","4h,1day,1week,3day","4h,1day,1week,3day","4","4","2019-10-28T00:00:00","2026-05-06T13:30:00","4980","raw,processed","True","False"
"ASX","4h,1day,1week,3day","4h,1day,1week,3day","4","4","2000-10-02T00:00:00","2026-05-06T13:30:00","13489","raw,processed","True","False"
"ATAT","4h,1day,1week,3day","4h,1day,1week,3day","4","4","2022-03-09T06:00:00","2026-05-06T13:30:00","3622","raw,processed","True","False"
"ATI","4h,1day,1week,3day","4h,1day,1week,3day","4","4","1999-11-29T00:00:00","2026-05-06T13:30:00","13837","raw,processed","True","False"
"ATMU","4h,1day,1week,3day","4h,1day,1week,3day","4","4","2023-05-22T00:00:00","2026-05-06T13:30:00","2606","raw,processed","True","False"
"ATO","4h,1day,1week,3day","4h,1day,1week,3day","4","4","1983-12-26T00:00:00","2026-05-06T13:30:00","20031","raw,processed","True","False"
"ATR","4h,1day,1week,3day","4h,1day,1week,3day","4","4","1993-04-19T00:00:00","2026-05-06T13:30:00","16397","raw,processed","True","False"
"AU","4h,1day,1week,3day","4h,1day,1week,3day","4","4","1998-08-03T00:00:00","2026-05-06T13:30:00","14347","raw,processed","True","False"
"AUB","4h,1day,1week,3day","4h,1day,1week,3day","4","4","1993-10-04T00:00:00","2026-05-06T13:30:00","16218","raw,processed","True","False"
"AUGO","4h,1day,1week,3day","4h,1day,1week,3day","4","4","2025-07-14T00:00:00","2026-05-06T13:30:00","721","raw,processed","True","False"
"AUR","4h,1day,1week,3day","4h,1day,1week,3day","4","4","2021-05-10T00:00:00","2026-05-06T13:30:00","4129","raw,processed","True","False"
"AVAV","4h,1day,1week,3day","4h,1day,1week,3day","4","4","2007-01-22T00:00:00","2026-05-06T13:30:00","11073","raw,processed","True","False"
"AVB","4h,1day,1week,3day","4h,1day,1week,3day","4","4","1994-03-07T00:00:00","2026-05-06T13:30:00","16051","raw,processed","True","False"
"AVGO","4h,1day,1week,3day","4h,1day,1week,3day","4","4","2009-08-03T00:00:00","2026-05-06T13:30:00","10080","raw,processed","True","False"
"AVT","4h,1day,1week,3day","4h,1day,1week,3day","4","4","1973-04-30T00:00:00","2026-05-06T13:30:00","24141","raw,processed","True","False"
"AVTR","4h,1day,1week,3day","4h,1day,1week,3day","4","4","2019-05-13T00:00:00","2026-05-06T13:30:00","6290","raw,processed","True","False"
"AVY","4h,1day,1week,3day","4h,1day,1week,3day","4","4","1974-10-21T00:00:00","2026-05-06T13:30:00","20033","raw,processed","True","False"
"AWI","4h,1day,1week,3day","4h,1day,1week,3day","4","4","2006-10-16T00:00:00","2026-05-06T13:30:00","11163","raw,processed","True","False"
"AWK","4h,1day,1week,3day","4h,1day,1week,3day","4","4","2008-04-21T00:00:00","2026-05-06T13:30:00","10591","raw,processed","True","False"
"AX","4h,1day,1week,3day","4h,1day,1week,3day","4","4","2005-03-14T00:00:00","2026-05-06T13:30:00","11782","raw,processed","True","False"
"AXIA","4h,1day,1week,3day","4h,1day,1week,3day","4","4","2008-11-17T00:00:00","2026-05-06T13:30:00","7005","raw,processed","True","False"
"AXON","4h,1day,1week,3day","4h,1day,1week,3day","4","4","2001-06-18T00:00:00","2026-05-06T13:30:00","12245","raw,processed","True","False"
"AXP","4h,1day,1week,3day","4h,1day,1week,3day","4","4","1972-05-29T00:00:00","2026-05-06T13:30:00","24533","raw,processed","True","False"
"AXS","4h,1day,1week,3day","4h,1day,1week,3day","4","4","2003-06-30T00:00:00","2026-05-06T13:30:00","12440","raw,processed","True","False"
"AXSM","4h,1day,1week,3day","4h,1day,1week,3day","4","4","2015-11-16T00:00:00","2026-05-06T13:30:00","7641","raw,processed","True","False"
"AXTA","4h,1day,1week,3day","4h,1day,1week,3day","4","4","2014-11-10T00:00:00","2026-05-06T13:30:00","8033","raw,processed","True","False"
"AXTI","4h,1day,1week,3day","4h,1day,1week,3day","4","4","1998-05-18T00:00:00","2026-05-06T13:30:00","14425","raw,processed","True","False"
"AYI","4h,1day,1week,3day","4h,1day,1week,3day","4","4","2001-11-26T00:00:00","2026-05-06T13:30:00","13063","raw,processed","True","False"
"AZN","4h,1day,1week,3day","4h,1day,1week,3day","4","4","2009-02-09T00:00:00","2026-05-06T13:30:00","10270","raw,processed","True","False"
"AZO","4h,1day,1week,3day","4h,1day,1week,3day","4","4","1991-04-01T00:00:00","2026-05-06T13:30:00","17197","raw,processed","True","False"
"AZZ","4h,1day,1week,3day","4h,1day,1week,3day","4","4","1980-04-28T00:00:00","2026-05-06T13:30:00","17695","raw,processed","True","False"
"B","4h,1day,1week,3day","4h,1day,1week,3day","4","4","1985-02-11T00:00:00","2026-05-06T13:30:00","19460","raw,processed","True","False"
"BA","4h,1day,1week,3day","4h,1day,1week,3day","4","4","1969-12-29T00:00:00","2026-05-06T13:30:00","25475","raw,processed","True","False"
"BABA","4h,1day,1week,3day","4h,1day,1week,3day","4","4","2014-09-15T00:00:00","2026-05-06T13:30:00","8103","raw,processed","True","False"
"BAC","4h,1day,1week,3day","4h,1day,1week,3day","4","4","1973-02-19T00:00:00","2026-05-06T13:30:00","19179","raw,processed","True","False"
"BAH","4h,1day,1week,3day","4h,1day,1week,3day","4","4","2010-11-15T00:00:00","2026-05-06T13:30:00","9577","raw,processed","True","False"
"BALL","4h,1day,1week,3day","4h,1day,1week,3day","4","4","1973-02-19T00:00:00","2026-05-06T13:30:00","22638","raw,processed","True","False"
"BAM","4h,1day,1week,3day","4h,1day,1week,3day","4","4","2019-06-20T08:00:00","2026-05-06T13:30:00","4908","raw,processed","True","False"
"BANF","4h,1day,1week,3day","4h,1day,1week,3day","4","4","1990-03-26T00:00:00","2026-05-06T13:30:00","17575","raw,processed","True","False"
"BAP","4h,1day,1week,3day","4h,1day,1week,3day","4","4","1995-10-23T00:00:00","2026-05-06T13:30:00","15429","raw,processed","True","False"
"BATRA","4h,1day,1week,3day","4h,1day,1week,3day","4","4","2016-04-18T00:00:00","2026-05-06T13:30:00","7451","raw,processed","True","False"
"BATRK","4h,1day,1week,3day","4h,1day,1week,3day","4","4","2016-04-18T00:00:00","2026-05-06T13:30:00","7466","raw,processed","True","False"
"BAX","4h,1day,1week,3day","4h,1day,1week,3day","4","4","1981-12-28T00:00:00","2026-05-06T13:30:00","20812","raw,processed","True","False"
"BBD","4h,1day,1week,3day","4h,1day,1week,3day","4","4","2002-07-29T00:00:00","2026-05-06T13:30:00","12747","raw,processed","True","False"
"BBDO","4h,1day,1week,3day","4h,1day,1week,3day","4","4","2012-03-12T00:00:00","2026-05-06T13:30:00","8944","raw,processed","True","False"
"BBIO","4h,1day,1week,3day","4h,1day,1week,3day","4","4","2019-06-24T00:00:00","2026-05-06T13:30:00","5801","raw,processed","True","False"
"BBUC","4h,1day,1week,3day","4h,1day,1week,3day","4","4","2022-03-07T00:00:00","2026-05-06T13:30:00","3527","raw,processed","True","False"
"BBVA","4h,1day,1week,3day","4h,1day,1week,3day","4","4","1988-12-12T00:00:00","2026-05-06T13:30:00","18096","raw,processed","True","False"
"BBWI","4h,1day,1week,3day","4h,1day,1week,3day","4","4","1982-03-29T00:00:00","2026-05-06T13:30:00","19479","raw,processed","True","False"
"BBY","4h,1day,1week,3day","4h,1day,1week,3day","4","4","1985-04-15T00:00:00","2026-05-06T13:30:00","19529","raw,processed","True","False"
"BC","4h,1day,1week,3day","4h,1day,1week,3day","4","4","1981-12-28T00:00:00","2026-05-06T13:30:00","20779","raw,processed","True","False"
"BCE","4h,1day,1week,3day","4h,1day,1week,3day","4","4","1982-11-15T00:00:00","2026-05-06T13:30:00","20461","raw,processed","True","False"
"BCH","4h,1day,1week,3day","4h,1day,1week,3day","4","4","2002-07-29T00:00:00","2026-05-06T13:30:00","12778","raw,processed","True","False"
"BCO","4h,1day,1week,3day","4h,1day,1week,3day","4","4","1996-01-01T00:00:00","2026-05-06T13:30:00","15353","raw,processed","True","False"
"BCPC","4h,1day,1week,3day","4h,1day,1week,3day","4","4","1986-06-02T00:00:00","2026-05-06T13:30:00","18494","raw,processed","True","False"
"BCS","4h,1day,1week,3day","4h,1day,1week,3day","4","4","1986-09-08T00:00:00","2026-05-06T13:30:00","18987","raw,processed","True","False"
"BDC","4h,1day,1week,3day","4h,1day,1week,3day","4","4","1993-11-22T00:00:00","2026-05-06T13:30:00","16164","raw,processed","True","False"
"BDX","4h,1day,1week,3day","4h,1day,1week,3day","4","4","1973-02-19T00:00:00","2026-05-06T13:30:00","24259","raw,processed","True","False"
"BE","4h,1day,1week,3day","4h,1day,1week,3day","4","4","2018-07-23T00:00:00","2026-05-06T13:30:00","6601","raw,processed","True","False"
"BEKE","4h,1day,1week,3day","4h,1day,1week,3day","4","4","2020-08-10T00:00:00","2026-05-06T13:30:00","4871","raw,processed","True","False"
"BELFB","4h,1day,1week,3day","4h,1day,1week,3day","4","4","1998-07-06T00:00:00","2026-05-06T13:30:00","14364","raw,processed","True","False"
"BEN","4h,1day,1week,3day","4h,1day,1week,3day","4","4","1983-10-10T00:00:00","2026-05-06T13:30:00","18753","raw,processed","True","False"
"BEPC","4h,1day,1week,3day","4h,1day,1week,3day","4","4","2020-07-20T00:00:00","2026-05-06T13:30:00","4983","raw,processed","True","False"
"BETA","4h,1day,1week,3day","4h,1day,1week,3day","4","4","2025-11-03T00:00:00","2026-05-06T13:30:00","445","raw,processed","True","False"
"BF.B","4h,1day,1week,3day","4h,1day,1week,3day","4","4","1980-05-05T00:00:00","2026-05-06T09:30:00","18789","raw,processed","True","False"
"BFAM","4h,1day,1week,3day","4h,1day,1week,3day","4","4","2013-01-21T00:00:00","2026-05-06T13:30:00","8746","raw,processed","True","False"
"BG","4h,1day,1week,3day","4h,1day,1week,3day","4","4","2001-07-30T00:00:00","2026-05-06T13:30:00","13200","raw,processed","True","False"
"BGC","4h,1day,1week,3day","4h,1day,1week,3day","4","4","1999-12-06T00:00:00","2026-05-06T13:30:00","13826","raw,processed","True","False"
"BHF","4h,1day,1week,3day","4h,1day,1week,3day","4","4","2017-07-17T00:00:00","2026-05-06T13:30:00","7007","raw,processed","True","False"
"BHP","4h,1day,1week,3day","4h,1day,1week,3day","4","4","1980-09-08T00:00:00","2026-05-06T13:30:00","18542","raw,processed","True","False"
"BIDU","4h,1day,1week,3day","4h,1day,1week,3day","4","4","2005-08-01T00:00:00","2026-05-06T13:30:00","11646","raw,processed","True","False"
"BIIB","4h,1day,1week,3day","4h,1day,1week,3day","4","4","1991-09-16T00:00:00","2026-05-06T13:30:00","17015","raw,processed","True","False"
"BILI","4h,1day,1week,3day","4h,1day,1week,3day","4","4","2018-03-26T00:00:00","2026-05-06T13:30:00","6745","raw,processed","True","False"
"BILL","4h,1day,1week,3day","4h,1day,1week,3day","4","4","2019-12-09T00:00:00","2026-05-06T13:30:00","5623","raw,processed","True","False"
"BIO","4h,1day,1week,3day","4h,1day,1week,3day","4","4","1980-02-25T00:00:00","2026-05-06T13:30:00","21513","raw,processed","True","False"
"BIPC","4h,1day,1week,3day","4h,1day,1week,3day","4","4","2020-03-30T00:00:00","2026-05-06T13:30:00","5364","raw,processed","True","False"
"BIRK","4h,1day,1week,3day","4h,1day,1week,3day","4","4","2023-10-09T00:00:00","2026-05-06T13:30:00","2270","raw,processed","True","False"
"BJ","4h,1day,1week,3day","4h,1day,1week,3day","4","4","2018-06-25T00:00:00","2026-05-06T13:30:00","6636","raw,processed","True","False"
"BK","4h,1day,1week,3day","4h,1day,1week,3day","4","4","1973-04-30T00:00:00","2026-05-06T13:30:00","24170","raw,processed","True","False"
"BKH","4h,1day,1week,3day","4h,1day,1week,3day","4","4","1973-02-19T00:00:00","2026-05-06T13:30:00","24236","raw,processed","True","False"
"BKNG","4h,1day,1week,3day","4h,1day,1week,3day","4","4","1999-03-29T00:00:00","2026-05-06T13:30:00","14078","raw,processed","True","False"
"BKR","4h,1day,1week,3day","4h,1day,1week,3day","4","4","1987-04-06T00:00:00","2026-05-06T13:30:00","18306","raw,processed","True","False"
"BKV","4h,1day,1week,3day","4h,1day,1week,3day","4","4","2024-09-23T00:00:00","2026-05-06T13:30:00","1423","raw,processed","True","False"
"BLCO","4h,1day,1week,3day","4h,1day,1week,3day","4","4","2009-10-12T00:00:00","2026-05-06T13:30:00","8044","raw,processed","True","False"
"BLD","4h,1day,1week,3day","4h,1day,1week,3day","4","4","2015-06-15T00:00:00","2026-05-06T13:30:00","7808","raw,processed","True","False"
"BLDR","4h,1day,1week,3day","4h,1day,1week,3day","4","4","2005-06-27T00:00:00","2026-05-06T13:30:00","11684","raw,processed","True","False"
"BLK","4h,1day,1week,3day","4h,1day,1week,3day","4","4","1999-09-27T00:00:00","2026-05-06T13:30:00","13886","raw,processed","True","False"
"BLLN","4h,1day,1week,3day","4h,1day,1week,3day","4","4","2025-11-03T00:00:00","2026-05-06T13:30:00","439","raw,processed","True","False"
"BLSH","4h,1day,1week,3day","4h,1day,1week,3day","4","4","2025-08-11T00:00:00","2026-05-06T13:30:00","651","raw,processed","True","False"
"BLTE","4h,1day,1week,3day","4h,1day,1week,3day","4","4","2022-04-25T00:00:00","2026-05-06T13:30:00","3528","raw,processed","True","False"
"BMA","4h,1day,1week,3day","4h,1day,1week,3day","4","4","2006-03-27T00:00:00","2026-05-06T13:30:00","11371","raw,processed","True","False"
"BMI","4h,1day,1week,3day","4h,1day,1week,3day","4","4","1973-02-19T00:00:00","2026-05-06T13:30:00","21005","raw,processed","True","False"
"BMNR","4h,1day,1week,3day","4h,1day,1week,3day","4","4","1997-12-15T00:00:00","2026-05-06T13:30:00","12603","raw,processed","True","False"
"BMO","4h,1day,1week,3day","4h,1day,1week,3day","4","4","1994-10-24T00:00:00","2026-05-06T13:30:00","15803","raw,processed","True","False"
"BMRN","4h,1day,1week,3day","4h,1day,1week,3day","4","4","1999-07-26T00:00:00","2026-05-06T13:30:00","13971","raw,processed","True","False"
"BMY","4h,1day,1week,3day","4h,1day,1week,3day","4","4","1972-05-29T00:00:00","2026-05-06T13:30:00","24527","raw,processed","True","False"
"BN","4h,1day,1week,3day","4h,1day,1week,3day","4","4","1983-12-26T00:00:00","2026-05-06T13:30:00","18122","raw,processed","True","False"
"BNL","4h,1day,1week,3day","4h,1day,1week,3day","4","4","2020-09-14T00:00:00","2026-05-06T13:30:00","4978","raw,processed","True","False"
"BNT","4h,1day,1week,3day","4h,1day,1week,3day","4","4","2021-06-28T00:00:00","2026-05-06T13:30:00","2707","raw,processed","True","False"
"BNTX","4h,1day,1week,3day","4h,1day,1week,3day","4","4","2019-10-07T00:00:00","2026-05-06T13:30:00","5553","raw,processed","True","False"
"BOKF","4h,1day,1week,3day","4h,1day,1week,3day","4","4","1991-09-02T00:00:00","2026-05-06T13:30:00","17018","raw,processed","True","False"
"BOOT","4h,1day,1week,3day","4h,1day,1week,3day","4","4","2014-10-27T00:00:00","2026-05-06T13:30:00","8055","raw,processed","True","False"
"BP","4h,1day,1week,3day","4h,1day,1week,3day","4","4","1973-02-12T00:00:00","2026-05-06T13:30:00","22736","raw,processed","True","False"
"BPOP","4h,1day,1week,3day","4h,1day,1week,3day","4","4","1980-03-17T00:00:00","2026-05-06T13:30:00","18770","raw,processed","True","False"
"BR","4h,1day,1week,3day","4h,1day,1week,3day","4","4","2007-03-19T00:00:00","2026-05-06T13:30:00","11001","raw,processed","True","False"
"BRC","4h,1day,1week,3day","4h,1day,1week,3day","4","4","1986-10-27T00:00:00","2026-05-06T13:30:00","18907","raw,processed","True","False"
"BRK.B","4h,1day,1week,3day","4h,1day,1week,3day","4","4","1996-05-06T00:00:00","2026-05-06T13:30:00","15207","raw,processed","True","False"
"BRKR","4h,1day,1week,3day","4h,1day,1week,3day","4","4","2000-07-31T00:00:00","2026-05-06T13:30:00","13550","raw,processed","True","False"
"BRO","4h,1day,1week,3day","4h,1day,1week,3day","4","4","1981-02-09T00:00:00","2026-05-06T13:30:00","19244","raw,processed","True","False"
"BROS","4h,1day,1week,3day","4h,1day,1week,3day","4","4","2021-09-13T00:00:00","2026-05-06T13:30:00","4107","raw,processed","True","False"
"BRX","4h,1day,1week,3day","4h,1day,1week,3day","4","4","2013-10-28T00:00:00","2026-05-06T13:30:00","8452","raw,processed","True","False"
"BSAC","4h,1day,1week,3day","4h,1day,1week,3day","4","4","1994-10-31T00:00:00","2026-05-06T13:30:00","15811","raw,processed","True","False"
"BSX","4h,1day,1week,3day","4h,1day,1week,3day","4","4","1992-05-18T00:00:00","2026-05-06T13:30:00","16750","raw,processed","True","False"
"BSY","4h,1day,1week,3day","4h,1day,1week,3day","4","4","2020-09-21T00:00:00","2026-05-06T13:30:00","4972","raw,processed","True","False"
"BTE","4h,1day,1week,3day","4h,1day,1week,3day","4","4","2006-04-03T00:00:00","2026-05-06T13:30:00","9836","raw,processed","True","False"
"BTG","4h,1day,1week,3day","4h,1day,1week,3day","4","4","2008-06-23T00:00:00","2026-05-06T13:30:00","10499","raw,processed","True","False"
"BTI","4h,1day,1week,3day","4h,1day,1week,3day","4","4","1980-04-14T00:00:00","2026-05-06T13:30:00","21468","raw,processed","True","False"
"BTSG","4h,1day,1week,3day","4h,1day,1week,3day","4","4","2024-01-22T00:00:00","2026-05-06T13:30:00","2017","raw,processed","True","False"
"BUD","4h,1day,1week,3day","4h,1day,1week,3day","4","4","2009-06-29T00:00:00","2026-05-06T13:30:00","10106","raw,processed","True","False"
"BULL","4h,1day,1week,3day","4h,1day,1week,3day","4","4","2022-08-22T00:00:00","2026-05-06T13:30:00","2723","raw,processed","True","False"
"BURL","4h,1day,1week,3day","4h,1day,1week,3day","4","4","2013-09-30T00:00:00","2026-05-06T13:30:00","8468","raw,processed","True","False"
"BVN","4h,1day,1week,3day","4h,1day,1week,3day","4","4","1996-05-13T00:00:00","2026-05-06T13:30:00","15204","raw,processed","True","False"
"BWA","4h,1day,1week,3day","4h,1day,1week,3day","4","4","1993-08-09T00:00:00","2026-05-06T13:30:00","16285","raw,processed","True","False"
"BWXT","4h,1day,1week,3day","4h,1day,1week,3day","4","4","2010-07-26T00:00:00","2026-05-06T13:30:00","9699","raw,processed","True","False"
"BX","4h,1day,1week,3day","4h,1day,1week,3day","4","4","2007-06-18T00:00:00","2026-05-06T13:30:00","10886","raw,processed","True","False"
"BXP","4h,1day,1week,3day","4h,1day,1week,3day","4","4","1997-06-16T00:00:00","2026-05-06T13:30:00","14786","raw,processed","True","False"
"BYD","4h,1day,1week,3day","4h,1day,1week,3day","4","4","1993-10-11T00:00:00","2026-05-06T13:30:00","16202","raw,processed","True","False"
"BZ","4h,1day,1week,3day","4h,1day,1week,3day","4","4","2021-06-07T00:00:00","2026-05-06T13:30:00","4205","raw,processed","True","False"
"C","4h,1day,1week,3day","4h,1day,1week,3day","4","4","1977-01-03T00:00:00","2026-05-06T13:30:00","22741","raw,processed","True","False"
"CAAP","4h,1day,1week,3day","4h,1day,1week,3day","4","4","2018-01-29T00:00:00","2026-05-06T13:30:00","6773","raw,processed","True","False"
"CACC","4h,1day,1week,3day","4h,1day,1week,3day","4","4","1992-06-01T00:00:00","2026-05-06T13:30:00","16737","raw,processed","True","False"
"CACI","4h,1day,1week,3day","4h,1day,1week,3day","4","4","1980-04-14T00:00:00","2026-05-06T13:30:00","19804","raw,processed","True","False"
"CAE","4h,1day,1week,3day","4h,1day,1week,3day","4","4","2002-07-29T00:00:00","2026-05-06T13:30:00","12804","raw,processed","True","False"
"CAG","4h,1day,1week,3day","4h,1day,1week,3day","4","4","1980-03-10T00:00:00","2026-05-06T13:30:00","21527","raw,processed","True","False"
"CAH","4h,1day,1week,3day","4h,1day,1week,3day","4","4","1983-10-24T00:00:00","2026-05-06T13:30:00","18280","raw,processed","True","False"
"CAI","4h,1day,1week,3day","4h,1day,1week,3day","4","4","2019-06-20T08:00:00","2026-05-06T13:30:00","2153","raw,processed","True","False"
"CALM","4h,1day,1week,3day","4h,1day,1week,3day","4","4","1996-12-09T00:00:00","2026-05-06T13:30:00","14979","raw,processed","True","False"
"CAMT","4h,1day,1week,3day","4h,1day,1week,3day","4","4","2000-07-24T00:00:00","2026-05-06T13:30:00","13548","raw,processed","True","False"
"CAR","4h,1day,1week,3day","4h,1day,1week,3day","4","4","1983-10-31T00:00:00","2026-05-06T13:30:00","17686","raw,processed","True","False"
"CARR","4h,1day,1week,3day","4h,1day,1week,3day","4","4","2020-03-16T00:00:00","2026-05-06T13:30:00","5386","raw,processed","True","False"
"CART","4h,1day,1week,3day","4h,1day,1week,3day","4","4","2019-06-20T08:00:00","2026-05-06T13:30:00","2633","raw,processed","True","False"
"CASY","4h,1day,1week,3day","4h,1day,1week,3day","4","4","1983-10-17T00:00:00","2026-05-06T13:30:00","20100","raw,processed","True","False"
"CAT","4h,1day,1week,3day","4h,1day,1week,3day","4","4","1969-12-29T00:00:00","2026-05-06T13:30:00","25475","raw,processed","True","False"
"CATY","4h,1day,1week,3day","4h,1day,1week,3day","4","4","1990-12-10T00:00:00","2026-05-06T13:30:00","17319","raw,processed","True","False"
"CAVA","4h,1day,1week,3day","4h,1day,1week,3day","4","4","2023-06-12T00:00:00","2026-05-06T13:30:00","2561","raw,processed","True","False"
"CB","4h,1day,1week,3day","4h,1day,1week,3day","4","4","1993-03-22T00:00:00","2026-05-06T13:30:00","16432","raw,processed","True","False"
"CBC","4h,1day,1week,3day","4h,1day,1week,3day","4","4","2025-11-17T00:00:00","2026-05-06T13:30:00","402","raw,processed","True","False"
"CBOE","4h,1day,1week,3day","4h,1day,1week,3day","4","4","2010-06-14T00:00:00","2026-05-06T13:30:00","9761","raw,processed","True","False"
"CBRE","4h,1day,1week,3day","4h,1day,1week,3day","4","4","2004-06-07T00:00:00","2026-05-06T13:30:00","12076","raw,processed","True","False"
"CBSH","4h,1day,1week,3day","4h,1day,1week,3day","4","4","1980-03-10T00:00:00","2026-05-06T13:30:00","21505","raw,processed","True","False"
"CBT","4h,1day,1week,3day","4h,1day,1week,3day","4","4","1980-11-03T00:00:00","2026-05-06T13:30:00","21238","raw,processed","True","False"
"CC","4h,1day,1week,3day","4h,1day,1week,3day","4","4","2015-06-15T00:00:00","2026-05-06T13:30:00","7802","raw,processed","True","False"
"CCEP","4h,1day,1week,3day","4h,1day,1week,3day","4","4","1986-11-24T00:00:00","2026-05-06T13:30:00","18898","raw,processed","True","False"
"CCI","4h,1day,1week,3day","4h,1day,1week,3day","4","4","1998-08-17T00:00:00","2026-05-06T13:30:00","14335","raw,processed","True","False"
"CCJ","4h,1day,1week,3day","4h,1day,1week,3day","4","4","1996-03-11T00:00:00","2026-05-06T13:30:00","15278","raw,processed","True","False"
"CCK","4h,1day,1week,3day","4h,1day,1week,3day","4","4","1984-12-17T00:00:00","2026-05-06T13:30:00","19642","raw,processed","True","False"
"CCL","4h,1day,1week,3day","4h,1day,1week,3day","4","4","1989-01-02T00:00:00","2026-05-06T13:30:00","18074","raw,processed","True","False"
"CCZ","4h,1day,1week,3day","4h,1day,1week,3day","4","4","2019-06-21T08:00:00","2026-05-06T13:30:00","3081","raw,processed","True","False"
"CDE","4h,1day,1week,3day","4h,1day,1week,3day","4","4","1981-08-03T00:00:00","2026-05-06T13:30:00","17603","raw,processed","True","False"
"CDNS","4h,1day,1week,3day","4h,1day,1week,3day","4","4","1987-08-10T00:00:00","2026-05-06T13:30:00","17603","raw,processed","True","False"
"CDP","4h,1day,1week,3day","4h,1day,1week,3day","4","4","1991-12-31T00:00:00","2026-05-06T13:30:00","13161","raw,processed","True","False"
"CDW","4h,1day,1week,3day","4h,1day,1week,3day","4","4","2013-06-24T00:00:00","2026-05-06T13:30:00","8573","raw,processed","True","False"
"CE","4h,1day,1week,3day","4h,1day,1week,3day","4","4","2005-01-17T00:00:00","2026-05-06T13:30:00","11845","raw,processed","True","False"
"CEG","4h,1day,1week,3day","4h,1day,1week,3day","4","4","2022-01-17T00:00:00","2026-05-06T13:30:00","3692","raw,processed","True","False"
"CELC","4h,1day,1week,3day","4h,1day,1week,3day","4","4","2017-09-18T00:00:00","2026-05-06T13:30:00","6900","raw,processed","True","False"
"CELH","4h,1day,1week,3day","4h,1day,1week,3day","4","4","2007-01-22T00:00:00","2026-05-06T13:30:00","11053","raw,processed","True","False"
"CENX","4h,1day,1week,3day","4h,1day,1week,3day","4","4","1996-03-25T00:00:00","2026-05-06T13:30:00","15277","raw,processed","True","False"
"CET","4h,1day,1week,3day","4h,1day,1week,3day","4","4","1980-04-21T00:00:00","2026-05-06T13:30:00","17363","raw,processed","True","False"
"CF","4h,1day,1week,3day","4h,1day,1week,3day","4","4","2005-08-08T00:00:00","2026-05-06T13:30:00","11648","raw,processed","True","False"
"CFG","4h,1day,1week,3day","4h,1day,1week,3day","4","4","2014-09-22T00:00:00","2026-05-06T13:30:00","8086","raw,processed","True","False"
"CFR","4h,1day,1week,3day","4h,1day,1week,3day","4","4","1980-03-17T00:00:00","2026-05-06T13:30:00","21387","raw,processed","True","False"
"CG","4h,1day,1week,3day","4h,1day,1week,3day","4","4","2012-04-30T00:00:00","2026-05-06T13:30:00","9000","raw,processed","True","False"
"CGNX","4h,1day,1week,3day","4h,1day,1week,3day","4","4","1989-10-02T00:00:00","2026-05-06T13:30:00","17758","raw,processed","True","False"
"CGON","4h,1day,1week,3day","4h,1day,1week,3day","4","4","2024-01-22T00:00:00","2026-05-06T13:30:00","2020","raw,processed","True","False"
"CHD","4h,1day,1week,3day","4h,1day,1week,3day","4","4","1980-03-17T00:00:00","2026-05-06T13:30:00","19503","raw,processed","True","False"
"CHDN","4h,1day,1week,3day","4h,1day,1week,3day","4","4","1993-03-29T00:00:00","2026-05-06T13:30:00","16428","raw,processed","True","False"
"CHE","4h,1day,1week,3day","4h,1day,1week,3day","4","4","1973-04-30T00:00:00","2026-05-06T13:30:00","24167","raw,processed","True","False"
"CHH","4h,1day,1week,3day","4h,1day,1week,3day","4","4","1996-10-14T00:00:00","2026-05-06T13:30:00","15044","raw,processed","True","False"
"CHKP","4h,1day,1week,3day","4h,1day,1week,3day","4","4","1996-06-24T00:00:00","2026-05-06T13:30:00","15154","raw,processed","True","False"
"CHRD","4h,1day,1week,3day","4h,1day,1week,3day","4","4","2010-06-14T00:00:00","2026-05-06T13:30:00","8075","raw,processed","True","False"
"CHRW","4h,1day,1week,3day","4h,1day,1week,3day","4","4","1997-10-13T00:00:00","2026-05-06T13:30:00","14661","raw,processed","True","False"
"CHT","4h,1day,1week,3day","4h,1day,1week,3day","4","4","2003-07-14T00:00:00","2026-05-06T13:30:00","12412","raw,processed","True","False"
"CHTR","4h,1day,1week,3day","4h,1day,1week,3day","4","4","2010-01-04T00:00:00","2026-05-06T13:30:00","9927","raw,processed","True","False"
"CHWY","4h,1day,1week,3day","4h,1day,1week,3day","4","4","2019-06-10T00:00:00","2026-05-06T13:30:00","6264","raw,processed","True","False"
"CHYM","4h,1day,1week,3day","4h,1day,1week,3day","4","4","2025-06-09T00:00:00","2026-05-06T13:30:00","799","raw,processed","True","False"
"CI","4h,1day,1week,3day","4h,1day,1week,3day","4","4","1982-03-29T00:00:00","2026-05-06T13:30:00","20706","raw,processed","True","False"
"CIEN","4h,1day,1week,3day","4h,1day,1week,3day","4","4","1997-02-03T00:00:00","2026-05-06T13:30:00","14920","raw,processed","True","False"
"CIFR","4h,1day,1week,3day","4h,1day,1week,3day","4","4","2020-10-19T00:00:00","2026-05-06T13:30:00","4453","raw,processed","True","False"
"CIG","4h,1day,1week,3day","4h,1day,1week,3day","4","4","1996-11-18T00:00:00","2026-05-06T13:30:00","15007","raw,processed","True","False"
"CIGI","4h,1day,1week,3day","4h,1day,1week,3day","4","4","1995-01-16T00:00:00","2026-05-06T13:30:00","15728","raw,processed","True","False"
"CINF","4h,1day,1week,3day","4h,1day,1week,3day","4","4","1980-04-14T00:00:00","2026-05-06T13:30:00","17615","raw,processed","True","False"
"CL","4h,1day,1week,3day","4h,1day,1week,3day","4","4","1976-12-27T00:00:00","2026-05-06T13:30:00","22754","raw,processed","True","False"
"CLF","4h,1day,1week,3day","4h,1day,1week,3day","4","4","1973-03-05T00:00:00","2026-05-06T13:30:00","18620","raw,processed","True","False"
"CLH","4h,1day,1week,3day","4h,1day,1week,3day","4","4","1988-02-15T00:00:00","2026-05-06T13:30:00","17586","raw,processed","True","False"
"CLS","4h,1day,1week,3day","4h,1day,1week,3day","4","4","1998-06-29T00:00:00","2026-05-06T13:30:00","14379","raw,processed","True","False"
"CLX","4h,1day,1week,3day","4h,1day,1week,3day","4","4","1973-02-19T00:00:00","2026-05-06T13:30:00","24261","raw,processed","True","False"
"CM","4h,1day,1week,3day","4h,1day,1week,3day","4","4","1997-11-10T00:00:00","2026-05-06T13:30:00","14628","raw,processed","True","False"
"CMBT","4h,1day,1week,3day","4h,1day,1week,3day","4","4","2015-01-19T00:00:00","2026-05-06T13:30:00","5276","raw,processed","True","False"
"CMC","4h,1day,1week,3day","4h,1day,1week,3day","4","4","1980-05-19T00:00:00","2026-05-06T13:30:00","18540","raw,processed","True","False"
"CMCM","4h,1day,1week,3day","4h,1day,1week,3day","4","4","2014-05-05T00:00:00","2026-05-06T13:30:00","8196","raw,processed","True","False"
"CMCSA","4h,1day,1week,3day","4h,1day,1week,3day","4","4","1980-03-17T00:00:00","2026-05-06T13:30:00","21497","raw,processed","True","False"
"CME","4h,1day,1week,3day","4h,1day,1week,3day","4","4","2002-12-02T00:00:00","2026-05-06T13:30:00","12650","raw,processed","True","False"
"CMG","4h,1day,1week,3day","4h,1day,1week,3day","4","4","2006-01-23T00:00:00","2026-05-06T13:30:00","11456","raw,processed","True","False"
"CMI","4h,1day,1week,3day","4h,1day,1week,3day","4","4","1973-08-13T00:00:00","2026-05-06T13:30:00","19687","raw,processed","True","False"
"CMS","4h,1day,1week,3day","4h,1day,1week,3day","4","4","1975-04-07T00:00:00","2026-05-06T13:30:00","19640","raw,processed","True","False"
"CNA","4h,1day,1week,3day","4h,1day,1week,3day","4","4","1974-04-29T00:00:00","2026-05-06T13:30:00","19454","raw,processed","True","False"
"CNC","4h,1day,1week,3day","4h,1day,1week,3day","4","4","2001-12-10T00:00:00","2026-05-06T13:30:00","13061","raw,processed","True","False"
"CNH","4h,1day,1week,3day","4h,1day,1week,3day","4","4","2013-09-30T00:00:00","2026-05-06T13:30:00","5826","raw,processed","True","False"
"CNI","4h,1day,1week,3day","4h,1day,1week,3day","4","4","1996-11-25T00:00:00","2026-05-06T13:30:00","15002","raw,processed","True","False"
"CNM","4h,1day,1week,3day","4h,1day,1week,3day","4","4","2021-07-19T00:00:00","2026-05-06T13:30:00","4152","raw,processed","True","False"
"CNO","4h,1day,1week,3day","4h,1day,1week,3day","4","4","2003-09-08T00:00:00","2026-05-06T13:30:00","12379","raw,processed","True","False"
"CNP","4h,1day,1week,3day","4h,1day,1week,3day","4","4","1969-12-29T00:00:00","2026-05-06T13:30:00","25458","raw,processed","True","False"
"CNQ","4h,1day,1week,3day","4h,1day,1week,3day","4","4","2000-07-31T00:00:00","2026-05-06T13:30:00","13578","raw,processed","True","False"
"CNR","4h,1day,1week,3day","4h,1day,1week,3day","4","4","2017-11-13T00:00:00","2026-05-06T13:30:00","5632","raw,processed","True","False"
"CNS","4h,1day,1week,3day","4h,1day,1week,3day","4","4","2004-08-09T00:00:00","2026-05-06T13:30:00","12015","raw,processed","True","False"
"CNTA","4h,1day,1week,3day","4h,1day,1week,3day","4","4","2021-05-24T00:00:00","2026-05-06T13:30:00","4216","raw,processed","True","False"
"CNX","4h,1day,1week,3day","4h,1day,1week,3day","4","4","1999-04-26T00:00:00","2026-05-06T13:30:00","14065","raw,processed","True","False"
"COCO","4h,1day,1week,3day","4h,1day,1week,3day","4","4","2021-10-18T00:00:00","2026-05-06T13:30:00","4014","raw,processed","True","False"
"COF","4h,1day,1week,3day","4h,1day,1week,3day","4","4","1994-11-14T00:00:00","2026-05-06T13:30:00","15798","raw,processed","True","False"
"COGT","4h,1day,1week,3day","4h,1day,1week,3day","4","4","2018-03-26T00:00:00","2026-05-06T13:30:00","6708","raw,processed","True","False"
"COHR","4h,1day,1week,3day","4h,1day,1week,3day","4","4","1988-01-25T00:00:00","2026-05-06T13:30:00","17207","raw,processed","True","False"
"COIN","4h,1day,1week,3day","4h,1day,1week,3day","4","4","2021-04-12T00:00:00","2026-05-06T13:30:00","4497","raw,processed","True","False"
"COKE","4h,1day,1week,3day","4h,1day,1week,3day","4","4","1973-02-19T00:00:00","2026-05-06T13:30:00","24226","raw,processed","True","False"
"COLB","4h,1day,1week,3day","4h,1day,1week,3day","4","4","1992-06-15T00:00:00","2026-05-06T13:30:00","16725","raw,processed","True","False"
"COMP","4h,1day,1week,3day","4h,1day,1week,3day","4","4","2021-03-29T00:00:00","2026-05-06T13:30:00","4495","raw,processed","True","False"
"COO","4h,1day,1week,3day","4h,1day,1week,3day","4","4","1983-12-26T00:00:00","2026-05-06T13:30:00","20029","raw,processed","True","False"
"COP","4h,1day,1week,3day","4h,1day,1week,3day","4","4","1981-12-28T00:00:00","2026-05-06T13:30:00","20811","raw,processed","True","False"
"COR","4h,1day,1week,3day","4h,1day,1week,3day","4","4","1995-04-03T00:00:00","2026-05-06T13:30:00","15623","raw,processed","True","False"
"CORT","4h,1day,1week,3day","4h,1day,1week,3day","4","4","2004-04-12T00:00:00","2026-05-06T13:30:00","12133","raw,processed","True","False"
"CORZ","4h,1day,1week,3day","4h,1day,1week,3day","4","4","2022-01-25T13:30:00","2026-05-06T13:30:00","2089","raw,processed","True","False"
"COST","4h,1day,1week,3day","4h,1day,1week,3day","4","4","1986-07-07T00:00:00","2026-05-06T13:30:00","19057","raw,processed","True","False"
"CP","4h,1day,1week,3day","4h,1day,1week,3day","4","4","1983-12-26T00:00:00","2026-05-06T13:30:00","20010","raw,processed","True","False"
"CPA","4h,1day,1week,3day","4h,1day,1week,3day","4","4","2005-12-12T00:00:00","2026-05-06T13:30:00","11483","raw,processed","True","False"
"CPAY","4h,1day,1week,3day","4h,1day,1week,3day","4","4","2024-03-18T00:00:00","2026-05-06T13:30:00","1881","raw,processed","True","False"
"CPB","4h,1day,1week,3day","4h,1day,1week,3day","4","4","1985-07-01T00:00:00","2026-05-06T13:30:00","19445","raw,processed","True","False"
"CPNG","4h,1day,1week,3day","4h,1day,1week,3day","4","4","2021-03-08T00:00:00","2026-05-06T13:30:00","4540","raw,processed","True","False"
"CPRT","4h,1day,1week,3day","4h,1day,1week,3day","4","4","1994-03-14T00:00:00","2026-05-06T13:30:00","16053","raw,processed","True","False"
"CPRX","4h,1day,1week,3day","4h,1day,1week,3day","4","4","2006-11-06T00:00:00","2026-05-06T13:30:00","11146","raw,processed","True","False"
"CPT","4h,1day,1week,3day","4h,1day,1week,3day","4","4","1993-07-19T00:00:00","2026-05-06T13:30:00","16308","raw,processed","True","False"
"CR","4h,1day,1week,3day","4h,1day,1week,3day","4","4","2019-06-20T08:00:00","2026-05-06T13:30:00","4792","raw,processed","True","False"
"CRBG","4h,1day,1week,3day","4h,1day,1week,3day","4","4","2022-09-12T00:00:00","2026-05-06T13:30:00","3202","raw,processed","True","False"
"CRC","4h,1day,1week,3day","4h,1day,1week,3day","4","4","2014-11-10T00:00:00","2026-05-06T13:30:00","7782","raw,processed","True","False"
"CRCL","4h,1day,1week,3day","4h,1day,1week,3day","4","4","2025-06-02T00:00:00","2026-05-06T13:30:00","818","raw,processed","True","False"
"CRDO","4h,1day,1week,3day","4h,1day,1week,3day","4","4","2022-01-24T00:00:00","2026-05-06T13:30:00","3782","raw,processed","True","False"
"CRGY","4h,1day,1week,3day","4h,1day,1week,3day","4","4","2021-12-06T00:00:00","2026-05-06T13:30:00","3897","raw,processed","True","False"
"CRH","4h,1day,1week,3day","4h,1day,1week,3day","4","4","1989-07-10T00:00:00","2026-05-06T13:30:00","17819","raw,processed","True","False"
"CRK","4h,1day,1week,3day","4h,1day,1week,3day","4","4","1987-09-14T00:00:00","2026-05-06T13:30:00","17822","raw,processed","True","False"
"CRL","4h,1day,1week,3day","4h,1day,1week,3day","4","4","2000-06-19T00:00:00","2026-05-06T13:30:00","13604","raw,processed","True","False"
"CRM","4h,1day,1week,3day","4h,1day,1week,3day","4","4","2004-06-21T00:00:00","2026-05-06T13:30:00","12071","raw,processed","True","False"
"CRNX","4h,1day,1week,3day","4h,1day,1week,3day","4","4","2018-07-16T00:00:00","2026-05-06T13:30:00","6588","raw,processed","True","False"
"CROX","4h,1day,1week,3day","4h,1day,1week,3day","4","4","2006-02-06T00:00:00","2026-05-06T13:30:00","11432","raw,processed","True","False"
"CRS","4h,1day,1week,3day","4h,1day,1week,3day","4","4","1987-11-02T00:00:00","2026-05-06T13:30:00","18530","raw,processed","True","False"
"CRSP","4h,1day,1week,3day","4h,1day,1week,3day","4","4","2016-10-17T00:00:00","2026-05-06T13:30:00","7288","raw,processed","True","False"
"CRUS","4h,1day,1week,3day","4h,1day,1week,3day","4","4","1990-03-19T00:00:00","2026-05-06T13:30:00","17600","raw,processed","True","False"
"CRWD","4h,1day,1week,3day","4h,1day,1week,3day","4","4","2019-06-10T00:00:00","2026-05-06T13:30:00","6259","raw,processed","True","False"
"CRWV","4h,1day,1week,3day","4h,1day,1week,3day","4","4","2025-03-24T00:00:00","2026-05-06T13:30:00","980","raw,processed","True","False"
"CSAN","4h,1day,1week,3day","4h,1day,1week,3day","4","4","2021-03-08T00:00:00","2026-05-06T13:30:00","4306","raw,processed","True","False"
"CSCO","4h,1day,1week,3day","4h,1day,1week,3day","4","4","1990-03-19T00:00:00","2026-05-06T13:30:00","17605","raw,processed","True","False"
"CSGP","4h,1day,1week,3day","4h,1day,1week,3day","4","4","1998-06-29T00:00:00","2026-05-06T13:30:00","14366","raw,processed","True","False"
"CSL","4h,1day,1week,3day","4h,1day,1week,3day","4","4","1973-03-12T00:00:00","2026-05-06T13:30:00","18710","raw,processed","True","False"
"CSTM","4h,1day,1week,3day","4h,1day,1week,3day","4","4","2013-05-20T00:00:00","2026-05-06T13:30:00","8620","raw,processed","True","False"
"CSW","4h,1day,1week,3day","4h,1day,1week,3day","4","4","2015-09-28T00:00:00","2026-05-06T13:30:00","4561","raw,processed","True","False"
"CSX","4h,1day,1week,3day","4h,1day,1week,3day","4","4","1980-11-03T00:00:00","2026-05-06T13:30:00","21244","raw,processed","True","False"
"CTAS","4h,1day,1week,3day","4h,1day,1week,3day","4","4","1983-08-15T00:00:00","2026-05-06T13:30:00","20165","raw,processed","True","False"
"CTRA","4h,1day,1week,3day","4h,1day,1week,3day","4","4","1990-02-05T00:00:00","2026-05-06T13:30:00","17659","raw,processed","True","False"
"CTRE","4h,1day,1week,3day","4h,1day,1week,3day","4","4","2014-05-26T00:00:00","2026-05-06T13:30:00","8203","raw,processed","True","False"
"CTRI","4h,1day,1week,3day","4h,1day,1week,3day","4","4","2024-04-15T00:00:00","2026-05-06T13:30:00","1815","raw,processed","True","False"
"CTSH","4h,1day,1week,3day","4h,1day,1week,3day","4","4","1998-06-15T00:00:00","2026-05-06T13:30:00","14402","raw,processed","True","False"
"CTVA","4h,1day,1week,3day","4h,1day,1week,3day","4","4","2019-05-20T00:00:00","2026-05-06T13:30:00","6288","raw,processed","True","False"
"CUBE","4h,1day,1week,3day","4h,1day,1week,3day","4","4","2004-10-18T00:00:00","2026-05-06T13:30:00","11941","raw,processed","True","False"
"CUK","4h,1day,1week,3day","4h,1day,1week,3day","4","4","2000-10-23T00:00:00","2026-05-06T13:30:00","13482","raw,processed","True","False"
"CUZ","4h,1day,1week,3day","4h,1day,1week,3day","4","4","1980-04-14T00:00:00","2026-05-06T13:30:00","17819","raw,processed","True","False"
"CVCO","4h,1day,1week,3day","4h,1day,1week,3day","4","4","2003-06-30T00:00:00","2026-05-06T13:30:00","12447","raw,processed","True","False"
"CVE","4h,1day,1week,3day","4h,1day,1week,3day","4","4","2009-11-16T00:00:00","2026-05-06T13:30:00","9961","raw,processed","True","False"
"CVI","4h,1day,1week,3day","4h,1day,1week,3day","4","4","2007-10-22T00:00:00","2026-05-06T13:30:00","10774","raw,processed","True","False"
"CVLT","4h,1day,1week,3day","4h,1day,1week,3day","4","4","2006-09-18T00:00:00","2026-05-06T13:30:00","11191","raw,processed","True","False"
"CVNA","4h,1day,1week,3day","4h,1day,1week,3day","4","4","2017-04-24T00:00:00","2026-05-06T13:30:00","7087","raw,processed","True","False"
"CVS","4h,1day,1week,3day","4h,1day,1week,3day","4","4","1973-02-19T00:00:00","2026-05-06T13:30:00","24270","raw,processed","True","False"
"CVSA","4h,1day,1week,3day","4h,1day,1week,3day","4","4","1991-06-24T00:00:00","2026-05-06T13:30:00","17118","raw,processed","True","False"
"CVX","4h,1day,1week,3day","4h,1day,1week,3day","4","4","1969-12-29T00:00:00","2026-05-06T13:30:00","25479","raw,processed","True","False"
"CW","4h,1day,1week,3day","4h,1day,1week,3day","4","4","1981-03-02T00:00:00","2026-05-06T13:30:00","18608","raw,processed","True","False"
"CWAN","4h,1day,1week,3day","4h,1day,1week,3day","4","4","2021-09-20T00:00:00","2026-05-06T13:30:00","4086","raw,processed","True","False"
"CWEN","4h,1day,1week,3day","4h,1day,1week,3day","4","4","2015-05-11T00:00:00","2026-05-06T13:30:00","7842","raw,processed","True","False"
"CWST","4h,1day,1week,3day","4h,1day,1week,3day","4","4","1997-10-27T00:00:00","2026-05-06T13:30:00","14629","raw,processed","True","False"
"CX","4h,1day,1week,3day","4h,1day,1week,3day","4","4","1999-09-13T00:00:00","2026-05-06T13:30:00","13906","raw,processed","True","False"
"CYTK","4h,1day,1week,3day","4h,1day,1week,3day","4","4","2004-04-26T00:00:00","2026-05-06T13:30:00","12129","raw,processed","True","False"
"CZR","4h,1day,1week,3day","4h,1day,1week,3day","4","4","2014-09-22T00:00:00","2026-05-06T13:30:00","8098","raw,processed","True","False"
"D","4h,1day,1week,3day","4h,1day,1week,3day","4","4","1983-05-16T00:00:00","2026-05-06T13:30:00","19736","raw,processed","True","False"
"DAL","4h,1day,1week,3day","4h,1day,1week,3day","4","4","2007-04-30T00:00:00","2026-05-06T13:30:00","10967","raw,processed","True","False"
"DAN","4h,1day,1week,3day","4h,1day,1week,3day","4","4","2007-12-31T00:00:00","2026-05-06T13:30:00","10702","raw,processed","True","False"
"DAR","4h,1day,1week,3day","4h,1day,1week,3day","4","4","1994-09-05T00:00:00","2026-05-06T13:30:00","15863","raw,processed","True","False"
"DASH","4h,1day,1week,3day","4h,1day,1week,3day","4","4","2020-12-07T00:00:00","2026-05-06T13:30:00","4766","raw,processed","True","False"
"DB","4h,1day,1week,3day","4h,1day,1week,3day","4","4","1996-11-18T00:00:00","2026-05-06T13:30:00","15004","raw,processed","True","False"
"DBX","4h,1day,1week,3day","4h,1day,1week,3day","4","4","2018-03-19T00:00:00","2026-05-06T13:30:00","6740","raw,processed","True","False"
"DCI","4h,1day,1week,3day","4h,1day,1week,3day","4","4","1980-03-17T00:00:00","2026-05-06T13:30:00","21451","raw,processed","True","False"
"DD","4h,1day,1week,3day","4h,1day,1week,3day","4","4","1972-05-29T00:00:00","2026-05-06T13:30:00","24534","raw,processed","True","False"
"DDOG","4h,1day,1week,3day","4h,1day,1week,3day","4","4","2019-09-16T00:00:00","2026-05-06T13:30:00","5577","raw,processed","True","False"
"DDS","4h,1day,1week,3day","4h,1day,1week,3day","4","4","1980-03-17T00:00:00","2026-05-06T13:30:00","18226","raw,processed","True","False"
"DE","4h,1day,1week,3day","4h,1day,1week,3day","4","4","1972-05-29T00:00:00","2026-05-06T13:30:00","24539","raw,processed","True","False"
"DECK","4h,1day,1week,3day","4h,1day,1week,3day","4","4","1993-10-11T00:00:00","2026-05-06T13:30:00","16221","raw,processed","True","False"
"DELL","4h,1day,1week,3day","4h,1day,1week,3day","4","4","2016-08-15T00:00:00","2026-05-06T13:30:00","7363","raw,processed","True","False"
"DEO","4h,1day,1week,3day","4h,1day,1week,3day","4","4","1991-11-04T00:00:00","2026-05-06T13:30:00","16952","raw,processed","True","False"
"DG","4h,1day,1week,3day","4h,1day,1week,3day","4","4","2009-11-09T00:00:00","2026-05-06T13:30:00","9989","raw,processed","True","False"
"DGX","4h,1day,1week,3day","4h,1day,1week,3day","4","4","1996-12-16T00:00:00","2026-05-06T13:30:00","14966","raw,processed","True","False"
"DHI","4h,1day,1week,3day","4h,1day,1week,3day","4","4","1992-06-01T00:00:00","2026-05-06T13:30:00","16745","raw,processed","True","False"
"DHR","4h,1day,1week,3day","4h,1day,1week,3day","4","4","1979-01-01T00:00:00","2026-05-06T13:30:00","18543","raw,processed","True","False"
"DINO","4h,1day,1week,3day","4h,1day,1week,3day","4","4","1980-03-17T00:00:00","2026-05-06T13:30:00","19915","raw,processed","True","False"
"DIOD","4h,1day,1week,3day","4h,1day,1week,3day","4","4","1973-03-12T00:00:00","2026-05-06T13:30:00","18350","raw,processed","True","False"
"DIS","4h,1day,1week,3day","4h,1day,1week,3day","4","4","1969-12-29T00:00:00","2026-05-06T13:30:00","25472","raw,processed","True","False"
"DKNG","4h,1day,1week,3day","4h,1day,1week,3day","4","4","2019-07-22T00:00:00","2026-05-06T13:30:00","5638","raw,processed","True","False"
"DKS","4h,1day,1week,3day","4h,1day,1week,3day","4","4","2002-10-14T00:00:00","2026-05-06T13:30:00","12742","raw,processed","True","False"
"DLB","4h,1day,1week,3day","4h,1day,1week,3day","4","4","2005-02-14T00:00:00","2026-05-06T13:30:00","11809","raw,processed","True","False"
"DLO","4h,1day,1week,3day","4h,1day,1week,3day","4","4","2021-05-31T00:00:00","2026-05-06T13:30:00","4213","raw,processed","True","False"
"DLR","4h,1day,1week,3day","4h,1day,1week,3day","4","4","2004-10-25T00:00:00","2026-05-06T13:30:00","11941","raw,processed","True","False"
"DLTR","4h,1day,1week,3day","4h,1day,1week,3day","4","4","1995-03-06T00:00:00","2026-05-06T13:30:00","15661","raw,processed","True","False"
"DNTH","4h,1day,1week,3day","4h,1day,1week,3day","4","4","2018-06-18T00:00:00","2026-05-06T13:30:00","6613","raw,processed","True","False"
"DOC","4h,1day,1week,3day","4h,1day,1week,3day","4","4","1987-11-02T00:00:00","2026-05-06T13:30:00","18531","raw,processed","True","False"
"DOCN","4h,1day,1week,3day","4h,1day,1week,3day","4","4","2021-03-22T00:00:00","2026-05-06T13:30:00","4448","raw,processed","True","False"
"DOCS","4h,1day,1week,3day","4h,1day,1week,3day","4","4","2021-06-21T00:00:00","2026-05-06T13:30:00","4191","raw,processed","True","False"
"DOCU","4h,1day,1week,3day","4h,1day,1week,3day","4","4","2018-04-23T00:00:00","2026-05-06T13:30:00","6712","raw,processed","True","False"
"DOO","4h,1day,1week,3day","4h,1day,1week,3day","4","4","2007-12-31T00:00:00","2026-05-06T13:30:00","9056","raw,processed","True","False"
"DORM","4h,1day,1week,3day","4h,1day,1week,3day","4","4","1991-03-11T00:00:00","2026-05-06T13:30:00","17211","raw,processed","True","False"
"DOV","4h,1day,1week,3day","4h,1day,1week,3day","4","4","1985-06-24T00:00:00","2026-05-06T13:30:00","19438","raw,processed","True","False"
"DOW","4h,1day,1week,3day","4h,1day,1week,3day","4","4","2019-03-18T00:00:00","2026-05-06T13:30:00","6362","raw,processed","True","False"
"DOX","4h,1day,1week,3day","4h,1day,1week,3day","4","4","1998-06-15T00:00:00","2026-05-06T13:30:00","14404","raw,processed","True","False"
"DPZ","4h,1day,1week,3day","4h,1day,1week,3day","4","4","2004-07-12T00:00:00","2026-05-06T13:30:00","12044","raw,processed","True","False"
"DRI","4h,1day,1week,3day","4h,1day,1week,3day","4","4","1995-05-08T00:00:00","2026-05-06T13:30:00","15624","raw,processed","True","False"
"DRS","4h,1day,1week,3day","4h,1day,1week,3day","4","4","1985-06-24T00:00:00","2026-05-06T13:30:00","18148","raw,processed","True","False"
"DSGX","4h,1day,1week,3day","4h,1day,1week,3day","4","4","1999-01-25T00:00:00","2026-05-06T13:30:00","14133","raw,processed","True","False"
"DT","4h,1day,1week,3day","4h,1day,1week,3day","4","4","2019-07-29T00:00:00","2026-05-06T13:30:00","5757","raw,processed","True","False"
"DTE","4h,1day,1week,3day","4h,1day,1week,3day","4","4","1969-12-29T00:00:00","2026-05-06T13:30:00","25447","raw,processed","True","False"
"DTM","4h,1day,1week,3day","4h,1day,1week,3day","4","4","2021-06-28T00:00:00","2026-05-06T13:30:00","4175","raw,processed","True","False"
"DUK","4h,1day,1week,3day","4h,1day,1week,3day","4","4","1983-04-04T00:00:00","2026-05-06T13:30:00","20304","raw,processed","True","False"
"DUOL","4h,1day,1week,3day","4h,1day,1week,3day","4","4","2021-07-26T00:00:00","2026-05-06T13:30:00","4149","raw,processed","True","False"
"DVA","4h,1day,1week,3day","4h,1day,1week,3day","4","4","1995-10-30T00:00:00","2026-05-06T13:30:00","15421","raw,processed","True","False"
"DVN","4h,1day,1week,3day","4h,1day,1week,3day","4","4","1985-08-05T00:00:00","2026-05-06T13:30:00","17010","raw,processed","True","False"
"DXCM","4h,1day,1week,3day","4h,1day,1week,3day","4","4","2005-04-11T00:00:00","2026-05-06T13:30:00","11754","raw,processed","True","False"
"DY","4h,1day,1week,3day","4h,1day,1week,3day","4","4","1984-06-04T00:00:00","2026-05-06T13:30:00","17785","raw,processed","True","False"
"E","4h,1day,1week,3day","4h,1day,1week,3day","4","4","1995-11-27T00:00:00","2026-05-06T13:30:00","15369","raw,processed","True","False"
"EA","4h,1day,1week,3day","4h,1day,1week,3day","4","4","1990-01-15T00:00:00","2026-05-06T13:30:00","17588","raw,processed","True","False"
"EAT","4h,1day,1week,3day","4h,1day,1week,3day","4","4","1985-05-13T00:00:00","2026-05-06T13:30:00","17866","raw,processed","True","False"
"EBAY","4h,1day,1week,3day","4h,1day,1week,3day","4","4","1998-09-21T00:00:00","2026-05-06T13:30:00","14292","raw,processed","True","False"
"EBC","4h,1day,1week,3day","4h,1day,1week,3day","4","4","2020-10-12T00:00:00","2026-05-06T13:30:00","4808","raw,processed","True","False"
"EC","4h,1day,1week,3day","4h,1day,1week,3day","4","4","2008-09-15T00:00:00","2026-05-06T13:30:00","10413","raw,processed","True","False"
"ECG","4h,1day,1week,3day","4h,1day,1week,3day","4","4","2024-10-28T00:00:00","2026-05-06T13:30:00","1336","raw,processed","True","False"
"ECL","4h,1day,1week,3day","4h,1day,1week,3day","4","4","1973-02-19T00:00:00","2026-05-06T13:30:00","18567","raw,processed","True","False"
"ED","4h,1day,1week,3day","4h,1day,1week,3day","4","4","1969-12-29T00:00:00","2026-05-06T13:30:00","25463","raw,processed","True","False"
"EDU","4h,1day,1week,3day","4h,1day,1week,3day","4","4","2006-09-11T00:00:00","2026-05-06T13:30:00","11198","raw,processed","True","False"
"EE","4h,1day,1week,3day","4h,1day,1week,3day","4","4","2019-06-20T08:00:00","2026-05-06T13:30:00","3442","raw,processed","True","False"
"EFX","4h,1day,1week,3day","4h,1day,1week,3day","4","4","1980-03-10T00:00:00","2026-05-06T13:30:00","21485","raw,processed","True","False"
"EG","4h,1day,1week,3day","4h,1day,1week,3day","4","4","1995-10-02T00:00:00","2026-05-06T13:30:00","15439","raw,processed","True","False"
"EGO","4h,1day,1week,3day","4h,1day,1week,3day","4","4","2003-01-20T00:00:00","2026-05-06T13:30:00","12619","raw,processed","True","False"
"EGP","4h,1day,1week,3day","4h,1day,1week,3day","4","4","1973-02-19T00:00:00","2026-05-06T13:30:00","17960","raw,processed","True","False"
"EHC","4h,1day,1week,3day","4h,1day,1week,3day","4","4","1986-11-17T00:00:00","2026-05-06T13:30:00","17804","raw,processed","True","False"
"EIX","4h,1day,1week,3day","4h,1day,1week,3day","4","4","1979-12-31T00:00:00","2026-05-06T13:30:00","21575","raw,processed","True","False"
"EL","4h,1day,1week,3day","4h,1day,1week,3day","4","4","1995-11-13T00:00:00","2026-05-06T13:30:00","15402","raw,processed","True","False"
"ELAN","4h,1day,1week,3day","4h,1day,1week,3day","4","4","2018-09-17T00:00:00","2026-05-06T13:30:00","6562","raw,processed","True","False"
"ELF","4h,1day,1week,3day","4h,1day,1week,3day","4","4","2016-09-19T00:00:00","2026-05-06T13:30:00","7324","raw,processed","True","False"
"ELPC","4h,1day,1week,3day","4h,1day,1week,3day","4","4","2023-12-25T00:00:00","2026-05-06T13:30:00","2006","raw,processed","True","False"
"ELS","4h,1day,1week,3day","4h,1day,1week,3day","4","4","1993-02-22T00:00:00","2026-05-06T13:30:00","16451","raw,processed","True","False"
"ELV","4h,1day,1week,3day","4h,1day,1week,3day","4","4","2001-10-29T00:00:00","2026-05-06T13:30:00","11365","raw,processed","True","False"
"EMA","4h,1day,1week,3day","4h,1day,1week,3day","4","4","2010-01-04T00:00:00","2026-05-06T13:30:00","6799","raw,processed","True","False"
"EMBJ","4h,1day,1week,3day","4h,1day,1week,3day","4","4","2025-10-27T00:00:00","2026-05-06T13:30:00","455","raw,processed","True","False"
"EME","4h,1day,1week,3day","4h,1day,1week,3day","4","4","1995-01-09T00:00:00","2026-05-06T13:30:00","15735","raw,processed","True","False"
"EMN","4h,1day,1week,3day","4h,1day,1week,3day","4","4","1993-12-13T00:00:00","2026-05-06T13:30:00","16157","raw,processed","True","False"
"EMR","4h,1day,1week,3day","4h,1day,1week,3day","4","4","1972-05-29T00:00:00","2026-05-06T13:30:00","24522","raw,processed","True","False"
"ENB","4h,1day,1week,3day","4h,1day,1week,3day","4","4","1984-03-12T00:00:00","2026-05-06T13:30:00","19244","raw,processed","True","False"
"ENIC","4h,1day,1week,3day","4h,1day,1week,3day","4","4","2016-04-18T00:00:00","2026-05-06T13:30:00","7483","raw,processed","True","False"
"ENLT","4h,1day,1week,3day","4h,1day,1week,3day","4","4","2023-01-02T00:00:00","2026-05-06T13:30:00","2866","raw,processed","True","False"
"ENPH","4h,1day,1week,3day","4h,1day,1week,3day","4","4","2012-03-26T00:00:00","2026-05-06T13:30:00","9038","raw,processed","True","False"
"ENS","4h,1day,1week,3day","4h,1day,1week,3day","4","4","2004-07-26T00:00:00","2026-05-06T13:30:00","12024","raw,processed","True","False"
"ENSG","4h,1day,1week,3day","4h,1day,1week,3day","4","4","2007-11-05T00:00:00","2026-05-06T13:30:00","10761","raw,processed","True","False"
"ENTG","4h,1day,1week,3day","4h,1day,1week,3day","4","4","2000-07-10T00:00:00","2026-05-06T13:30:00","13584","raw,processed","True","False"
"ENVA","4h,1day,1week,3day","4h,1day,1week,3day","4","4","2014-11-10T00:00:00","2026-05-06T13:30:00","8043","raw,processed","True","False"
"EOG","4h,1day,1week,3day","4h,1day,1week,3day","4","4","1989-10-02T00:00:00","2026-05-06T13:30:00","17785","raw,processed","True","False"
"EPAM","4h,1day,1week,3day","4h,1day,1week,3day","4","4","2012-02-06T00:00:00","2026-05-06T13:30:00","9100","raw,processed","True","False"
"EPD","4h,1day,1week,3day","4h,1day,1week,3day","4","4","1998-07-27T00:00:00","2026-05-06T13:30:00","14342","raw,processed","True","False"
"EPR","4h,1day,1week,3day","4h,1day,1week,3day","4","4","1997-11-17T00:00:00","2026-05-06T13:30:00","14616","raw,processed","True","False"
"EPRT","4h,1day,1week,3day","4h,1day,1week,3day","4","4","2018-06-18T00:00:00","2026-05-06T13:30:00","6644","raw,processed","True","False"
"EQH","4h,1day,1week,3day","4h,1day,1week,3day","4","4","2018-05-07T00:00:00","2026-05-06T13:30:00","6688","raw,processed","True","False"
"EQIX","4h,1day,1week,3day","4h,1day,1week,3day","4","4","2000-08-07T00:00:00","2026-05-06T13:30:00","13568","raw,processed","True","False"
"EQNR","4h,1day,1week,3day","4h,1day,1week,3day","4","4","2001-06-18T00:00:00","2026-05-06T13:30:00","13216","raw,processed","True","False"
"EQPT","4h,1day,1week,3day","4h,1day,1week,3day","4","4","2026-01-19T00:00:00","2026-05-06T13:30:00","256","raw,processed","True","False"
"EQR","4h,1day,1week,3day","4h,1day,1week,3day","4","4","1993-08-09T00:00:00","2026-05-06T13:30:00","16288","raw,processed","True","False"
"EQT","4h,1day,1week,3day","4h,1day,1week,3day","4","4","1982-05-31T00:00:00","2026-05-06T13:30:00","18529","raw,processed","True","False"
"EQX","4h,1day,1week,3day","4h,1day,1week,3day","4","4","2018-12-31T00:00:00","2026-05-06T13:30:00","5988","raw,processed","True","False"
"ERIC","4h,1day,1week,3day","4h,1day,1week,3day","4","4","1981-08-24T00:00:00","2026-05-06T13:30:00","18235","raw,processed","True","False"
"ERIE","4h,1day,1week,3day","4h,1day,1week,3day","4","4","1995-10-02T00:00:00","2026-05-06T13:30:00","15445","raw,processed","True","False"
"ES","4h,1day,1week,3day","4h,1day,1week,3day","4","4","1975-04-07T00:00:00","2026-05-06T13:30:00","19767","raw,processed","True","False"
"ESAB","4h,1day,1week,3day","4h,1day,1week,3day","4","4","2022-03-28T00:00:00","2026-05-06T13:30:00","3619","raw,processed","True","False"
"ESE","4h,1day,1week,3day","4h,1day,1week,3day","4","4","1990-09-24T00:00:00","2026-05-06T13:30:00","17392","raw,processed","True","False"
"ESI","4h,1day,1week,3day","4h,1day,1week,3day","4","4","2013-10-21T00:00:00","2026-05-06T13:30:00","8451","raw,processed","True","False"
"ESLT","4h,1day,1week,3day","4h,1day,1week,3day","4","4","1996-11-25T00:00:00","2026-05-06T13:30:00","15013","raw,processed","True","False"
"ESNT","4h,1day,1week,3day","4h,1day,1week,3day","4","4","2013-10-28T00:00:00","2026-05-06T13:30:00","8437","raw,processed","True","False"
"ESS","4h,1day,1week,3day","4h,1day,1week,3day","4","4","1994-06-06T00:00:00","2026-05-06T13:30:00","15962","raw,processed","True","False"
"ESTC","4h,1day,1week,3day","4h,1day,1week,3day","4","4","2018-10-01T00:00:00","2026-05-06T13:30:00","6542","raw,processed","True","False"
"ETN","4h,1day,1week,3day","4h,1day,1week,3day","4","4","1972-05-29T00:00:00","2026-05-06T13:30:00","24519","raw,processed","True","False"
"ETR","4h,1day,1week,3day","4h,1day,1week,3day","4","4","1980-03-10T00:00:00","2026-05-06T13:30:00","21507","raw,processed","True","False"
"ETSY","4h,1day,1week,3day","4h,1day,1week,3day","4","4","2015-04-13T00:00:00","2026-05-06T13:30:00","7872","raw,processed","True","False"
"EVR","4h,1day,1week,3day","4h,1day,1week,3day","4","4","2006-08-07T00:00:00","2026-05-06T13:30:00","11239","raw,processed","True","False"
"EVRG","4h,1day,1week,3day","4h,1day,1week,3day","4","4","1973-03-26T00:00:00","2026-05-06T13:30:00","18614","raw,processed","True","False"
"EW","4h,1day,1week,3day","4h,1day,1week,3day","4","4","2000-03-27T00:00:00","2026-05-06T13:30:00","13701","raw,processed","True","False"
"EWBC","4h,1day,1week,3day","4h,1day,1week,3day","4","4","1999-02-01T00:00:00","2026-05-06T13:30:00","14151","raw,processed","True","False"
"EWTX","4h,1day,1week,3day","4h,1day,1week,3day","4","4","2021-03-22T00:00:00","2026-05-06T13:30:00","4436","raw,processed","True","False"
"EXC","4h,1day,1week,3day","4h,1day,1week,3day","4","4","1975-04-07T00:00:00","2026-05-06T13:30:00","21577","raw,processed","True","False"
"EXE","4h,1day,1week,3day","4h,1day,1week,3day","4","4","2021-02-08T00:00:00","2026-05-06T13:30:00","2819","raw,processed","True","False"
"EXEL","4h,1day,1week,3day","4h,1day,1week,3day","4","4","2000-04-17T00:00:00","2026-05-06T13:30:00","13683","raw,processed","True","False"
"EXLS","4h,1day,1week,3day","4h,1day,1week,3day","4","4","2006-10-16T00:00:00","2026-05-06T13:30:00","11151","raw,processed","True","False"
"EXP","4h,1day,1week,3day","4h,1day,1week,3day","4","4","1994-04-11T00:00:00","2026-05-06T13:30:00","16025","raw,processed","True","False"
"EXPD","4h,1day,1week,3day","4h,1day,1week,3day","4","4","1984-09-24T00:00:00","2026-05-06T13:30:00","19738","raw,processed","True","False"
"EXPE","4h,1day,1week,3day","4h,1day,1week,3day","4","4","2005-07-18T00:00:00","2026-05-06T13:30:00","11662","raw,processed","True","False"
"EXR","4h,1day,1week,3day","4h,1day,1week,3day","4","4","2004-08-09T00:00:00","2026-05-06T13:30:00","11997","raw,processed","True","False"
"F","4h,1day,1week,3day","4h,1day,1week,3day","4","4","1972-05-29T00:00:00","2026-05-06T13:30:00","24529","raw,processed","True","False"
"FAF","4h,1day,1week,3day","4h,1day,1week,3day","4","4","2010-05-24T00:00:00","2026-05-06T13:30:00","9765","raw,processed","True","False"
"FANG","4h,1day,1week,3day","4h,1day,1week,3day","4","4","2012-10-08T00:00:00","2026-05-06T13:30:00","8820","raw,processed","True","False"
"FAST","4h,1day,1week,3day","4h,1day,1week,3day","4","4","1987-08-17T00:00:00","2026-05-06T13:30:00","18628","raw,processed","True","False"
"FBIN","4h,1day,1week,3day","4h,1day,1week,3day","4","4","2011-09-12T00:00:00","2026-05-06T13:30:00","7865","raw,processed","True","False"
"FBP","4h,1day,1week,3day","4h,1day,1week,3day","4","4","1987-06-15T00:00:00","2026-05-06T13:30:00","17195","raw,processed","True","False"
"FCFS","4h,1day,1week,3day","4h,1day,1week,3day","4","4","1991-09-16T00:00:00","2026-05-06T13:30:00","16725","raw,processed","True","False"
"FCN","4h,1day,1week,3day","4h,1day,1week,3day","4","4","1996-05-06T00:00:00","2026-05-06T13:30:00","15210","raw,processed","True","False"
"FCNCA","4h,1day,1week,3day","4h,1day,1week,3day","4","4","1986-10-20T00:00:00","2026-05-06T13:30:00","17753","raw,processed","True","False"
"FCX","4h,1day,1week,3day","4h,1day,1week,3day","4","4","1995-07-03T00:00:00","2026-05-06T13:30:00","15552","raw,processed","True","False"
"FDS","4h,1day,1week,3day","4h,1day,1week,3day","4","4","1996-06-24T00:00:00","2026-05-06T13:30:00","15168","raw,processed","True","False"
"FDX","4h,1day,1week,3day","4h,1day,1week,3day","4","4","1978-04-10T00:00:00","2026-05-06T13:30:00","22254","raw,processed","True","False"
"FE","4h,1day,1week,3day","4h,1day,1week,3day","4","4","1997-11-03T00:00:00","2026-05-06T13:30:00","14648","raw,processed","True","False"
"FELE","4h,1day,1week,3day","4h,1day,1week,3day","4","4","1980-09-29T00:00:00","2026-05-06T13:30:00","18146","raw,processed","True","False"
"FER","4h,1day,1week,3day","4h,1day,1week,3day","4","4","2012-08-13T00:00:00","2026-05-06T13:30:00","6310","raw,processed","True","False"
"FERG","4h,1day,1week,3day","4h,1day,1week,3day","4","4","2010-01-04T00:00:00","2026-05-06T13:30:00","8847","raw,processed","True","False"
"FFIN","4h,1day,1week,3day","4h,1day,1week,3day","4","4","1993-11-01T00:00:00","2026-05-06T13:30:00","16188","raw,processed","True","False"
"FFIV","4h,1day,1week,3day","4h,1day,1week,3day","4","4","1999-05-31T00:00:00","2026-05-06T13:30:00","14020","raw,processed","True","False"
"FG","4h,1day,1week,3day","4h,1day,1week,3day","4","4","2019-06-20T08:00:00","2026-05-06T13:30:00","3118","raw,processed","True","False"
"FHI","4h,1day,1week,3day","4h,1day,1week,3day","4","4","1998-05-11T00:00:00","2026-05-06T13:30:00","13967","raw,processed","True","False"
"FHN","4h,1day,1week,3day","4h,1day,1week,3day","4","4","1980-05-26T00:00:00","2026-05-06T13:30:00","17606","raw,processed","True","False"
"FIBK","4h,1day,1week,3day","4h,1day,1week,3day","4","4","2010-03-22T00:00:00","2026-05-06T13:30:00","9841","raw,processed","True","False"
"FICO","4h,1day,1week,3day","4h,1day,1week,3day","4","4","1987-09-14T00:00:00","2026-05-06T13:30:00","17706","raw,processed","True","False"
"FIG","4h,1day,1week,3day","4h,1day,1week,3day","4","4","2025-07-28T00:00:00","2026-05-06T13:30:00","683","raw,processed","True","False"
"FIGR","4h,1day,1week,3day","4h,1day,1week,3day","4","4","1999-02-15T00:00:00","2026-05-06T13:30:00","9643","raw,processed","True","False"
"FIS","4h,1day,1week,3day","4h,1day,1week,3day","4","4","2001-06-18T00:00:00","2026-05-06T13:30:00","13234","raw,processed","True","False"
"FISV","4h,1day,1week,3day","4h,1day,1week,3day","4","4","1986-09-22T00:00:00","2026-05-06T13:30:00","15607","raw,processed","True","False"
"FITB","4h,1day,1week,3day","4h,1day,1week,3day","4","4","1980-03-31T00:00:00","2026-05-06T13:30:00","17947","raw,processed","True","False"
"FIVE","4h,1day,1week,3day","4h,1day,1week,3day","4","4","2012-07-16T00:00:00","2026-05-06T13:30:00","8952","raw,processed","True","False"
"FIX","4h,1day,1week,3day","4h,1day,1week,3day","4","4","1997-06-23T00:00:00","2026-05-06T13:30:00","14790","raw,processed","True","False"
"FLEX","4h,1day,1week,3day","4h,1day,1week,3day","4","4","1994-03-14T00:00:00","2026-05-06T13:30:00","16051","raw,processed","True","False"
"FLG","4h,1day,1week,3day","4h,1day,1week,3day","4","4","1993-11-22T00:00:00","2026-05-06T13:30:00","13335","raw,processed","True","False"
"FLR","4h,1day,1week,3day","4h,1day,1week,3day","4","4","2000-11-27T00:00:00","2026-05-06T13:30:00","13441","raw,processed","True","False"
"FLS","4h,1day,1week,3day","4h,1day,1week,3day","4","4","1981-08-03T00:00:00","2026-05-06T13:30:00","17636","raw,processed","True","False"
"FLUT","4h,1day,1week,3day","4h,1day,1week,3day","4","4","2002-10-04T00:00:00","2026-05-06T13:30:00","9684","raw,processed","True","False"
"FLY","4h,1day,1week,3day","4h,1day,1week,3day","4","4","2019-06-20T08:00:00","2026-05-06T13:30:00","1881","raw,processed","True","False"
"FMS","4h,1day,1week,3day","4h,1day,1week,3day","4","4","1996-09-16T00:00:00","2026-05-06T13:30:00","15084","raw,processed","True","False"
"FMX","4h,1day,1week,3day","4h,1day,1week,3day","4","4","1998-05-11T00:00:00","2026-05-06T13:30:00","14428","raw,processed","True","False"
"FN","4h,1day,1week,3day","4h,1day,1week,3day","4","4","2010-06-21T00:00:00","2026-05-06T13:30:00","9741","raw,processed","True","False"
"FNB","4h,1day,1week,3day","4h,1day,1week,3day","4","4","1986-09-08T00:00:00","2026-05-06T13:30:00","17078","raw,processed","True","False"
"FND","4h,1day,1week,3day","4h,1day,1week,3day","4","4","2017-04-24T00:00:00","2026-05-06T13:30:00","7081","raw,processed","True","False"
"FNF","4h,1day,1week,3day","4h,1day,1week,3day","4","4","2005-10-10T00:00:00","2026-05-06T13:30:00","11553","raw,processed","True","False"
"FNV","4h,1day,1week,3day","4h,1day,1week,3day","4","4","2007-12-03T00:00:00","2026-05-06T13:30:00","10726","raw,processed","True","False"
"FORM","4h,1day,1week,3day","4h,1day,1week,3day","4","4","2003-06-09T00:00:00","2026-05-06T13:30:00","12461","raw,processed","True","False"
"FOX","4h,1day,1week,3day","4h,1day,1week,3day","4","4","2019-03-11T00:00:00","2026-05-06T13:30:00","6354","raw,processed","True","False"
"FOXA","4h,1day,1week,3day","4h,1day,1week,3day","4","4","2019-03-11T00:00:00","2026-05-06T13:30:00","6349","raw,processed","True","False"
"FPS","4h,1day,1week,3day","4h,1day,1week,3day","4","4","2026-02-02T00:00:00","2026-05-06T13:30:00","224","raw,processed","True","False"
"FR","4h,1day,1week,3day","4h,1day,1week,3day","4","4","1994-06-20T00:00:00","2026-05-06T13:30:00","15935","raw,processed","True","False"
"FRHC","4h,1day,1week,3day","4h,1day,1week,3day","4","4","2018-02-05T00:00:00","2026-05-06T13:30:00","6338","raw,processed","True","False"
"FRO","4h,1day,1week,3day","4h,1day,1week,3day","4","4","2001-08-06T00:00:00","2026-05-06T13:30:00","13184","raw,processed","True","False"
"FROG","4h,1day,1week,3day","4h,1day,1week,3day","4","4","2020-09-14T00:00:00","2026-05-06T13:30:00","4987","raw,processed","True","False"
"FRT","4h,1day,1week,3day","4h,1day,1week,3day","4","4","1973-04-30T00:00:00","2026-05-06T13:30:00","24173","raw,processed","True","False"
"FSLR","4h,1day,1week,3day","4h,1day,1week,3day","4","4","2006-11-13T00:00:00","2026-05-06T13:30:00","11141","raw,processed","True","False"
"FSLY","4h,1day,1week,3day","4h,1day,1week,3day","4","4","2019-05-13T00:00:00","2026-05-06T13:30:00","6297","raw,processed","True","False"
"FSS","4h,1day,1week,3day","4h,1day,1week,3day","4","4","1980-03-10T00:00:00","2026-05-06T13:30:00","21496","raw,processed","True","False"
"FSV","4h,1day,1week,3day","4h,1day,1week,3day","4","4","2015-06-01T00:00:00","2026-05-06T13:30:00","7805","raw,processed","True","False"
"FTAI","4h,1day,1week,3day","4h,1day,1week,3day","4","4","2015-05-11T00:00:00","2026-05-06T13:30:00","7834","raw,processed","True","False"
"FTDR","4h,1day,1week,3day","4h,1day,1week,3day","4","4","2018-09-10T00:00:00","2026-05-06T13:30:00","6553","raw,processed","True","False"
"FTI","4h,1day,1week,3day","4h,1day,1week,3day","4","4","2001-06-11T00:00:00","2026-05-06T13:30:00","13238","raw,processed","True","False"
"FTNT","4h,1day,1week,3day","4h,1day,1week,3day","4","4","2009-11-16T00:00:00","2026-05-06T13:30:00","9968","raw,processed","True","False"
"FTS","4h,1day,1week,3day","4h,1day,1week,3day","4","4","2010-01-04T00:00:00","2026-05-06T13:30:00","9913","raw,processed","True","False"
"FTV","4h,1day,1week,3day","4h,1day,1week,3day","4","4","2016-07-04T00:00:00","2026-05-06T13:30:00","7425","raw,processed","True","False"
"FULT","4h,1day,1week,3day","4h,1day,1week,3day","4","4","1985-09-02T00:00:00","2026-05-06T13:30:00","17751","raw,processed","True","False"
"FUTU","4h,1day,1week,3day","4h,1day,1week,3day","4","4","2019-03-04T00:00:00","2026-05-06T13:30:00","5916","raw,processed","True","False"
"FWONA","4h,1day,1week,3day","4h,1day,1week,3day","4","4","2013-01-07T00:00:00","2026-05-06T13:30:00","8527","raw,processed","True","False"
"FWONK","4h,1day,1week,3day","4h,1day,1week,3day","4","4","2014-07-07T00:00:00","2026-05-06T13:30:00","7973","raw,processed","True","False"
"G","4h,1day,1week,3day","4h,1day,1week,3day","4","4","2007-07-30T00:00:00","2026-05-06T13:30:00","10866","raw,processed","True","False"
"GAP","4h,1day,1week,3day","4h,1day,1week,3day","4","4","1980-04-28T00:00:00","2026-05-06T13:30:00","15914","raw,processed","True","False"
"GATX","4h,1day,1week,3day","4h,1day,1week,3day","4","4","1987-11-02T00:00:00","2026-05-06T13:30:00","18530","raw,processed","True","False"
"GBCI","4h,1day,1week,3day","4h,1day,1week,3day","4","4","1984-04-30T00:00:00","2026-05-06T13:30:00","18171","raw,processed","True","False"
"GBTG","4h,1day,1week,3day","4h,1day,1week,3day","4","4","2022-08-12T09:30:00","2026-05-06T13:30:00","3300","raw,processed","True","False"
"GD","4h,1day,1week,3day","4h,1day,1week,3day","4","4","1976-08-16T00:00:00","2026-05-06T13:30:00","22755","raw,processed","True","False"
"GDDY","4h,1day,1week,3day","4h,1day,1week,3day","4","4","2015-03-30T00:00:00","2026-05-06T13:30:00","7896","raw,processed","True","False"
"GDS","4h,1day,1week,3day","4h,1day,1week,3day","4","4","2016-10-31T00:00:00","2026-05-06T13:30:00","7259","raw,processed","True","False"
"GE","4h,1day,1week,3day","4h,1day,1week,3day","4","4","1969-12-29T00:00:00","2026-05-06T13:30:00","25463","raw,processed","True","False"
"GEHC","4h,1day,1week,3day","4h,1day,1week,3day","4","4","2022-03-10T02:00:00","2026-05-06T13:30:00","3189","raw,processed","True","False"
"GEN","4h,1day,1week,3day","4h,1day,1week,3day","4","4","1989-10-09T00:00:00","2026-05-06T13:30:00","16887","raw,processed","True","False"
"GEV","4h,1day,1week,3day","4h,1day,1week,3day","4","4","2024-04-01T00:00:00","2026-05-06T13:30:00","1858","raw,processed","True","False"
"GFF","4h,1day,1week,3day","4h,1day,1week,3day","4","4","1973-04-30T00:00:00","2026-05-06T13:30:00","24179","raw,processed","True","False"
"GFI","4h,1day,1week,3day","4h,1day,1week,3day","4","4","1981-07-06T00:00:00","2026-05-06T13:30:00","17188","raw,processed","True","False"
"GFL","4h,1day,1week,3day","4h,1day,1week,3day","4","4","2020-03-02T00:00:00","2026-05-06T13:30:00","5403","raw,processed","True","False"
"GFS","4h,1day,1week,3day","4h,1day,1week,3day","4","4","2021-10-25T00:00:00","2026-05-06T13:30:00","3943","raw,processed","True","False"
"GGAL","4h,1day,1week,3day","4h,1day,1week,3day","4","4","2000-07-24T00:00:00","2026-05-06T13:30:00","13572","raw,processed","True","False"
"GGB","4h,1day,1week,3day","4h,1day,1week,3day","4","4","1999-03-08T00:00:00","2026-05-06T13:30:00","14120","raw,processed","True","False"
"GGG","4h,1day,1week,3day","4h,1day,1week,3day","4","4","1980-03-31T00:00:00","2026-05-06T13:30:00","19396","raw,processed","True","False"
"GH","4h,1day,1week,3day","4h,1day,1week,3day","4","4","2018-10-01T00:00:00","2026-05-06T13:30:00","6533","raw,processed","True","False"
"GHC","4h,1day,1week,3day","4h,1day,1week,3day","4","4","1973-03-12T00:00:00","2026-05-06T13:30:00","17967","raw,processed","True","False"
"GIB","4h,1day,1week,3day","4h,1day,1week,3day","4","4","1998-10-05T00:00:00","2026-05-06T13:30:00","14273","raw,processed","True","False"
"GIL","4h,1day,1week,3day","4h,1day,1week,3day","4","4","1998-06-15T00:00:00","2026-05-06T13:30:00","14400","raw,processed","True","False"
"GILD","4h,1day,1week,3day","4h,1day,1week,3day","4","4","1992-01-20T00:00:00","2026-05-06T13:30:00","16894","raw,processed","True","False"
"GIS","4h,1day,1week,3day","4h,1day,1week,3day","4","4","1980-03-10T00:00:00","2026-05-06T13:30:00","21494","raw,processed","True","False"
"GKOS","4h,1day,1week,3day","4h,1day,1week,3day","4","4","2015-06-22T00:00:00","2026-05-06T13:30:00","7807","raw,processed","True","False"
"GL","4h,1day,1week,3day","4h,1day,1week,3day","4","4","1980-09-29T00:00:00","2026-05-06T13:30:00","20838","raw,processed","True","False"
"GLBE","4h,1day,1week,3day","4h,1day,1week,3day","4","4","2021-05-10T00:00:00","2026-05-06T13:30:00","4389","raw,processed","True","False"
"GLNG","4h,1day,1week,3day","4h,1day,1week,3day","4","4","2003-07-14T00:00:00","2026-05-06T13:30:00","12435","raw,processed","True","False"
"GLPI","4h,1day,1week,3day","4h,1day,1week,3day","4","4","2013-10-14T00:00:00","2026-05-06T13:30:00","8445","raw,processed","True","False"
"GLW","4h,1day,1week,3day","4h,1day,1week,3day","4","4","1981-12-28T00:00:00","2026-05-06T13:30:00","20798","raw,processed","True","False"
"GLXY","4h,1day,1week,3day","4h,1day,1week,3day","4","4","2025-05-12T00:00:00","2026-05-06T13:30:00","863","raw,processed","True","False"
"GM","4h,1day,1week,3day","4h,1day,1week,3day","4","4","2009-01-19T00:00:00","2026-05-06T13:30:00","10188","raw,processed","True","False"
"GMAB","4h,1day,1week,3day","4h,1day,1week,3day","4","4","2009-06-01T00:00:00","2026-05-06T13:30:00","9564","raw,processed","True","False"
"GME","4h,1day,1week,3day","4h,1day,1week,3day","4","4","2002-02-11T00:00:00","2026-05-06T13:30:00","12979","raw,processed","True","False"
"GMED","4h,1day,1week,3day","4h,1day,1week,3day","4","4","2012-07-30T00:00:00","2026-05-06T13:30:00","8919","raw,processed","True","False"
"GNRC","4h,1day,1week,3day","4h,1day,1week,3day","4","4","2010-02-08T00:00:00","2026-05-06T13:30:00","9890","raw,processed","True","False"
"GNTX","4h,1day,1week,3day","4h,1day,1week,3day","4","4","1982-05-17T00:00:00","2026-05-06T13:30:00","17610","raw,processed","True","False"
"GOLF","4h,1day,1week,3day","4h,1day,1week,3day","4","4","2016-10-24T00:00:00","2026-05-06T13:30:00","7263","raw,processed","True","False"
"GOOG","4h,1day,1week,3day","4h,1day,1week,3day","4","4","2004-08-16T00:00:00","2026-05-06T13:30:00","12015","raw,processed","True","False"
"GOOGL","4h,1day,1week,3day","4h,1day,1week,3day","4","4","2004-08-16T00:00:00","2026-05-06T13:30:00","12012","raw,processed","True","False"
"GPC","4h,1day,1week,3day","4h,1day,1week,3day","4","4","1983-04-04T00:00:00","2026-05-06T13:30:00","20309","raw,processed","True","False"
"GPGI","4h,1day,1week,3day","4h,1day,1week,3day","4","4","2020-11-16T00:00:00","2026-05-06T13:30:00","2257","raw,processed","True","False"
"GPI","4h,1day,1week,3day","4h,1day,1week,3day","4","4","1997-10-27T00:00:00","2026-05-06T13:30:00","14638","raw,processed","True","False"
"GPN","4h,1day,1week,3day","4h,1day,1week,3day","4","4","2001-01-15T00:00:00","2026-05-06T13:30:00","13384","raw,processed","True","False"
"GPOR","4h,1day,1week,3day","4h,1day,1week,3day","4","4","2019-06-20T08:00:00","2026-05-06T13:30:00","5519","raw,processed","True","False"
"GRAB","4h,1day,1week,3day","4h,1day,1week,3day","4","4","2020-11-30T00:00:00","2026-05-06T13:30:00","4310","raw,processed","True","False"
"GRFS","4h,1day,1week,3day","4h,1day,1week,3day","4","4","2011-05-30T00:00:00","2026-05-06T13:30:00","9383","raw,processed","True","False"
"GRMN","4h,1day,1week,3day","4h,1day,1week,3day","4","4","2000-12-04T00:00:00","2026-05-06T13:30:00","13434","raw,processed","True","False"
"GS","4h,1day,1week,3day","4h,1day,1week,3day","4","4","1999-05-03T00:00:00","2026-05-06T13:30:00","14051","raw,processed","True","False"
"GSAT","4h,1day,1week,3day","4h,1day,1week,3day","4","4","2006-10-30T00:00:00","2026-05-06T13:30:00","11136","raw,processed","True","False"
"GSK","4h,1day,1week,3day","4h,1day,1week,3day","4","4","1980-03-24T00:00:00","2026-05-06T13:30:00","19275","raw,processed","True","False"
"GTES","4h,1day,1week,3day","4h,1day,1week,3day","4","4","2018-01-22T00:00:00","2026-05-06T13:30:00","6800","raw,processed","True","False"
"GTLB","4h,1day,1week,3day","4h,1day,1week,3day","4","4","2021-10-11T00:00:00","2026-05-06T13:30:00","4015","raw,processed","True","False"
"GTLS","4h,1day,1week,3day","4h,1day,1week,3day","4","4","2006-07-24T00:00:00","2026-05-06T13:30:00","11260","raw,processed","True","False"
"GTX","4h,1day,1week,3day","4h,1day,1week,3day","4","4","2018-09-17T00:00:00","2026-05-06T13:30:00","6530","raw,processed","True","False"
"GVA","4h,1day,1week,3day","4h,1day,1week,3day","4","4","1990-09-10T00:00:00","2026-05-06T13:30:00","16955","raw,processed","True","False"
"GWRE","4h,1day,1week,3day","4h,1day,1week,3day","4","4","2012-01-23T00:00:00","2026-05-06T13:30:00","9137","raw,processed","True","False"
"GWW","4h,1day,1week,3day","4h,1day,1week,3day","4","4","1973-02-19T00:00:00","2026-05-06T13:30:00","19773","raw,processed","True","False"
"GXO","4h,1day,1week,3day","4h,1day,1week,3day","4","4","2021-07-19T00:00:00","2026-05-06T13:30:00","4154","raw,processed","True","False"
"H","4h,1day,1week,3day","4h,1day,1week,3day","4","4","2009-11-02T00:00:00","2026-05-06T13:30:00","9971","raw,processed","True","False"
"HAFN","4h,1day,1week,3day","4h,1day,1week,3day","4","4","2024-04-08T00:00:00","2026-05-06T13:30:00","1839","raw,processed","True","False"
"HAL","4h,1day,1week,3day","4h,1day,1week,3day","4","4","1972-05-29T00:00:00","2026-05-06T13:30:00","24537","raw,processed","True","False"
"HALO","4h,1day,1week,3day","4h,1day,1week,3day","4","4","2004-03-15T00:00:00","2026-05-06T13:30:00","12178","raw,processed","True","False"
"HAS","4h,1day,1week,3day","4h,1day,1week,3day","4","4","1980-03-31T00:00:00","2026-05-06T13:30:00","19767","raw,processed","True","False"
"HASI","4h,1day,1week,3day","4h,1day,1week,3day","4","4","2013-04-15T00:00:00","2026-05-06T13:30:00","8650","raw,processed","True","False"
"HBAN","4h,1day,1week,3day","4h,1day,1week,3day","4","4","1980-03-17T00:00:00","2026-05-06T13:30:00","17665","raw,processed","True","False"
"HBM","4h,1day,1week,3day","4h,1day,1week,3day","4","4","2001-11-05T00:00:00","2026-05-06T13:30:00","11966","raw,processed","True","False"
"HCA","4h,1day,1week,3day","4h,1day,1week,3day","4","4","2011-03-07T00:00:00","2026-05-06T13:30:00","9458","raw,processed","True","False"
"HCC","4h,1day,1week,3day","4h,1day,1week,3day","4","4","2017-04-10T00:00:00","2026-05-06T13:30:00","7113","raw,processed","True","False"
"HD","4h,1day,1week,3day","4h,1day,1week,3day","4","4","1981-09-21T00:00:00","2026-05-06T13:30:00","20916","raw,processed","True","False"
"HDB","4h,1day,1week,3day","4h,1day,1week,3day","4","4","2001-07-16T00:00:00","2026-05-06T13:30:00","13203","raw,processed","True","False"
"HEI","4h,1day,1week,3day","4h,1day,1week,3day","4","4","1980-05-19T00:00:00","2026-05-06T13:30:00","17144","raw,processed","True","False"
"HESM","4h,1day,1week,3day","4h,1day,1week,3day","4","4","2017-04-03T00:00:00","2026-05-06T13:30:00","7101","raw,processed","True","False"
"HGTY","4h,1day,1week,3day","4h,1day,1week,3day","4","4","2021-05-31T00:00:00","2026-05-06T13:30:00","4104","raw,processed","True","False"
"HGV","4h,1day,1week,3day","4h,1day,1week,3day","4","4","2017-01-02T00:00:00","2026-05-06T13:30:00","7201","raw,processed","True","False"
"HHH","4h,1day,1week,3day","4h,1day,1week,3day","4","4","2010-11-05T00:00:00","2026-05-06T13:30:00","7208","raw,processed","True","False"
"HIG","4h,1day,1week,3day","4h,1day,1week,3day","4","4","1995-12-11T00:00:00","2026-05-06T13:30:00","15370","raw,processed","True","False"
"HII","4h,1day,1week,3day","4h,1day,1week,3day","4","4","2011-03-21T00:00:00","2026-05-06T13:30:00","9437","raw,processed","True","False"
"HIMS","4h,1day,1week,3day","4h,1day,1week,3day","4","4","2019-09-09T00:00:00","2026-05-06T13:30:00","5200","raw,processed","True","False"
"HL","4h,1day,1week,3day","4h,1day,1week,3day","4","4","1985-02-11T00:00:00","2026-05-06T13:30:00","19590","raw,processed","True","False"
"HLI","4h,1day,1week,3day","4h,1day,1week,3day","4","4","2015-08-10T00:00:00","2026-05-06T13:30:00","7743","raw,processed","True","False"
"HLN","4h,1day,1week,3day","4h,1day,1week,3day","4","4","2022-07-18T00:00:00","2026-05-06T13:30:00","3366","raw,processed","True","False"
"HLNE","4h,1day,1week,3day","4h,1day,1week,3day","4","4","2017-02-27T00:00:00","2026-05-06T13:30:00","7150","raw,processed","True","False"
"HLT","4h,1day,1week,3day","4h,1day,1week,3day","4","4","2013-12-09T00:00:00","2026-05-06T13:30:00","8406","raw,processed","True","False"
"HMC","4h,1day,1week,3day","4h,1day,1week,3day","4","4","1980-03-17T00:00:00","2026-05-06T13:30:00","21502","raw,processed","True","False"
"HMY","4h,1day,1week,3day","4h,1day,1week,3day","4","4","1994-05-16T00:00:00","2026-05-06T13:30:00","15374","raw,processed","True","False"
"HNGE","4h,1day,1week,3day","4h,1day,1week,3day","4","4","2025-05-19T00:00:00","2026-05-06T13:30:00","848","raw,processed","True","False"
"HOMB","4h,1day,1week,3day","4h,1day,1week,3day","4","4","2006-06-19T00:00:00","2026-05-06T13:30:00","11291","raw,processed","True","False"
"HON","4h,1day,1week,3day","4h,1day,1week,3day","4","4","1969-12-29T00:00:00","2026-05-06T13:30:00","25478","raw,processed","True","False"
"HOOD","4h,1day,1week,3day","4h,1day,1week,3day","4","4","2021-07-26T00:00:00","2026-05-06T13:30:00","4226","raw,processed","True","False"
"HP","4h,1day,1week,3day","4h,1day,1week,3day","4","4","1980-10-13T00:00:00","2026-05-06T13:30:00","21264","raw,processed","True","False"
"HPE","4h,1day,1week,3day","4h,1day,1week,3day","4","4","2015-10-19T00:00:00","2026-05-06T13:30:00","7681","raw,processed","True","False"
"HPQ","4h,1day,1week,3day","4h,1day,1week,3day","4","4","1969-12-29T00:00:00","2026-05-06T13:30:00","25486","raw,processed","True","False"
"HQY","4h,1day,1week,3day","4h,1day,1week,3day","4","4","2014-07-28T00:00:00","2026-05-06T13:30:00","8145","raw,processed","True","False"
"HR","4h,1day,1week,3day","4h,1day,1week,3day","4","4","1993-05-24T00:00:00","2026-05-06T13:30:00","16367","raw,processed","True","False"
"HRB","4h,1day,1week,3day","4h,1day,1week,3day","4","4","1975-04-07T00:00:00","2026-05-06T13:30:00","18911","raw,processed","True","False"
"HRI","4h,1day,1week,3day","4h,1day,1week,3day","4","4","2006-11-13T00:00:00","2026-05-06T13:30:00","11138","raw,processed","True","False"
"HRL","4h,1day,1week,3day","4h,1day,1week,3day","4","4","1980-05-19T00:00:00","2026-05-06T13:30:00","17748","raw,processed","True","False"
"HSBC","4h,1day,1week,3day","4h,1day,1week,3day","4","4","1999-07-12T00:00:00","2026-05-06T13:30:00","13976","raw,processed","True","False"
"HSIC","4h,1day,1week,3day","4h,1day,1week,3day","4","4","1995-10-30T00:00:00","2026-05-06T13:30:00","15413","raw,processed","True","False"
"HST","4h,1day,1week,3day","4h,1day,1week,3day","4","4","1983-04-04T00:00:00","2026-05-06T13:30:00","20309","raw,processed","True","False"
"HSY","4h,1day,1week,3day","4h,1day,1week,3day","4","4","1980-03-10T00:00:00","2026-05-06T13:30:00","21491","raw,processed","True","False"
"HTHT","4h,1day,1week,3day","4h,1day,1week,3day","4","4","2010-03-22T00:00:00","2026-05-06T13:30:00","9821","raw,processed","True","False"
"HUBB","4h,1day,1week,3day","4h,1day,1week,3day","4","4","1972-06-05T00:00:00","2026-05-06T13:30:00","24362","raw,processed","True","False"
"HUBS","4h,1day,1week,3day","4h,1day,1week,3day","4","4","2014-10-06T00:00:00","2026-05-06T13:30:00","8085","raw,processed","True","False"
"HUM","4h,1day,1week,3day","4h,1day,1week,3day","4","4","1981-12-28T00:00:00","2026-05-06T13:30:00","20800","raw,processed","True","False"
"HUT","4h,1day,1week,3day","4h,1day,1week,3day","4","4","2018-03-05T00:00:00","2026-05-06T13:30:00","5461","raw,processed","True","False"
"HWC","4h,1day,1week,3day","4h,1day,1week,3day","4","4","1991-06-03T00:00:00","2026-05-06T13:30:00","17127","raw,processed","True","False"
"HWM","4h,1day,1week,3day","4h,1day,1week,3day","4","4","2016-10-31T00:00:00","2026-05-06T13:30:00","6696","raw,processed","True","False"
"HXL","4h,1day,1week,3day","4h,1day,1week,3day","4","4","1981-07-06T00:00:00","2026-05-06T13:30:00","18525","raw,processed","True","False"
"IAG","4h,1day,1week,3day","4h,1day,1week,3day","4","4","2003-07-14T00:00:00","2026-05-06T13:30:00","12440","raw,processed","True","False"
"IBKR","4h,1day,1week,3day","4h,1day,1week,3day","4","4","2007-04-30T00:00:00","2026-05-06T13:30:00","10963","raw,processed","True","False"
"IBM","4h,1day,1week,3day","4h,1day,1week,3day","4","4","1969-12-29T00:00:00","2026-05-06T13:30:00","25459","raw,processed","True","False"
"IBN","4h,1day,1week,3day","4h,1day,1week,3day","4","4","2000-03-27T00:00:00","2026-05-06T13:30:00","13714","raw,processed","True","False"
"IBOC","4h,1day,1week,3day","4h,1day,1week,3day","4","4","1995-08-28T00:00:00","2026-05-06T13:30:00","15482","raw,processed","True","False"
"IBP","4h,1day,1week,3day","4h,1day,1week,3day","4","4","2014-02-10T00:00:00","2026-05-06T13:30:00","8330","raw,processed","True","False"
"IBRX","4h,1day,1week,3day","4h,1day,1week,3day","4","4","2015-07-27T00:00:00","2026-05-06T13:30:00","6639","raw,processed","True","False"
"ICE","4h,1day,1week,3day","4h,1day,1week,3day","4","4","2005-11-14T00:00:00","2026-05-06T13:30:00","11527","raw,processed","True","False"
"ICL","4h,1day,1week,3day","4h,1day,1week,3day","4","4","2005-03-21T00:00:00","2026-05-06T13:30:00","11768","raw,processed","True","False"
"ICLR","4h,1day,1week,3day","4h,1day,1week,3day","4","4","1998-05-11T00:00:00","2026-05-06T13:30:00","14439","raw,processed","True","False"
"IDA","4h,1day,1week,3day","4h,1day,1week,3day","4","4","1986-10-13T00:00:00","2026-05-06T13:30:00","18929","raw,processed","True","False"
"IDCC","4h,1day,1week,3day","4h,1day,1week,3day","4","4","1990-03-19T00:00:00","2026-05-06T13:30:00","17591","raw,processed","True","False"
"IDXX","4h,1day,1week,3day","4h,1day,1week,3day","4","4","1991-06-17T00:00:00","2026-05-06T13:30:00","17117","raw,processed","True","False"
"IESC","4h,1day,1week,3day","4h,1day,1week,3day","4","4","1998-01-26T00:00:00","2026-05-06T13:30:00","14515","raw,processed","True","False"
"IEX","4h,1day,1week,3day","4h,1day,1week,3day","4","4","1989-06-26T00:00:00","2026-05-06T13:30:00","17880","raw,processed","True","False"
"IFF","4h,1day,1week,3day","4h,1day,1week,3day","4","4","1981-12-28T00:00:00","2026-05-06T13:30:00","20787","raw,processed","True","False"
"IFS","4h,1day,1week,3day","4h,1day,1week,3day","4","4","2019-07-01T00:00:00","2026-05-06T13:30:00","5785","raw,processed","True","False"
"IHG","4h,1day,1week,3day","4h,1day,1week,3day","4","4","2003-04-07T00:00:00","2026-05-06T13:30:00","12525","raw,processed","True","False"
"ILMN","4h,1day,1week,3day","4h,1day,1week,3day","4","4","2000-07-24T00:00:00","2026-05-06T13:30:00","13581","raw,processed","True","False"
"IMO","4h,1day,1week,3day","4h,1day,1week,3day","4","4","1986-07-14T00:00:00","2026-05-06T13:30:00","19039","raw,processed","True","False"
"IMVT","4h,1day,1week,3day","4h,1day,1week,3day","4","4","2019-06-17T00:00:00","2026-05-06T13:30:00","5806","raw,processed","True","False"
"INCY","4h,1day,1week,3day","4h,1day,1week,3day","4","4","1993-11-01T00:00:00","2026-05-06T13:30:00","16193","raw,processed","True","False"
"INDB","4h,1day,1week,3day","4h,1day,1week,3day","4","4","1986-05-19T00:00:00","2026-05-06T13:30:00","18124","raw,processed","True","False"
"INDV","4h,1day,1week,3day","4h,1day,1week,3day","4","4","2014-12-29T00:00:00","2026-05-06T13:30:00","5839","raw,processed","True","False"
"INFY","4h,1day,1week,3day","4h,1day,1week,3day","4","4","1999-03-08T00:00:00","2026-05-06T13:30:00","14116","raw,processed","True","False"
"ING","4h,1day,1week,3day","4h,1day,1week,3day","4","4","1994-05-16T00:00:00","2026-05-06T13:30:00","15151","raw,processed","True","False"
"INGM","4h,1day,1week,3day","4h,1day,1week,3day","4","4","2024-10-21T00:00:00","2026-05-06T13:30:00","1352","raw,processed","True","False"
"INGR","4h,1day,1week,3day","4h,1day,1week,3day","4","4","1997-12-08T00:00:00","2026-05-06T13:30:00","14593","raw,processed","True","False"
"INSM","4h,1day,1week,3day","4h,1day,1week,3day","4","4","2000-05-29T00:00:00","2026-05-06T13:30:00","13627","raw,processed","True","False"
"INSW","4h,1day,1week,3day","4h,1day,1week,3day","4","4","2016-11-14T00:00:00","2026-05-06T13:30:00","7252","raw,processed","True","False"
"INTC","4h,1day,1week,3day","4h,1day,1week,3day","4","4","1980-03-10T00:00:00","2026-05-06T13:30:00","21516","raw,processed","True","False"
"INTU","4h,1day,1week,3day","4h,1day,1week,3day","4","4","1993-03-08T00:00:00","2026-05-06T13:30:00","16445","raw,processed","True","False"
"INVH","4h,1day,1week,3day","4h,1day,1week,3day","4","4","2017-01-30T00:00:00","2026-05-06T13:30:00","7173","raw,processed","True","False"
"IONQ","4h,1day,1week,3day","4h,1day,1week,3day","4","4","2021-01-04T00:00:00","2026-05-06T13:30:00","4357","raw,processed","True","False"
"IONS","4h,1day,1week,3day","4h,1day,1week,3day","4","4","1991-05-13T00:00:00","2026-05-06T13:30:00","17159","raw,processed","True","False"
"IOT","4h,1day,1week,3day","4h,1day,1week,3day","4","4","2021-12-13T00:00:00","2026-05-06T13:30:00","3889","raw,processed","True","False"
"IP","4h,1day,1week,3day","4h,1day,1week,3day","4","4","1969-12-29T00:00:00","2026-05-06T13:30:00","25460","raw,processed","True","False"
"IPGP","4h,1day,1week,3day","4h,1day,1week,3day","4","4","2006-12-11T00:00:00","2026-05-06T13:30:00","11095","raw,processed","True","False"
"IQV","4h,1day,1week,3day","4h,1day,1week,3day","4","4","2013-05-06T00:00:00","2026-05-06T13:30:00","8620","raw,processed","True","False"
"IR","4h,1day,1week,3day","4h,1day,1week,3day","4","4","2017-05-08T00:00:00","2026-05-06T13:30:00","7077","raw,processed","True","False"
"IRDM","4h,1day,1week,3day","4h,1day,1week,3day","4","4","2008-03-17T00:00:00","2026-05-06T13:30:00","10618","raw,processed","True","False"
"IREN","4h,1day,1week,3day","4h,1day,1week,3day","4","4","2021-11-15T00:00:00","2026-05-06T13:30:00","3924","raw,processed","True","False"
"IRM","4h,1day,1week,3day","4h,1day,1week,3day","4","4","1996-01-29T00:00:00","2026-05-06T13:30:00","15323","raw,processed","True","False"
"IRT","4h,1day,1week,3day","4h,1day,1week,3day","4","4","2013-08-12T00:00:00","2026-05-06T13:30:00","8509","raw,processed","True","False"
"IRTC","4h,1day,1week,3day","4h,1day,1week,3day","4","4","2016-10-17T00:00:00","2026-05-06T13:30:00","7292","raw,processed","True","False"
"ISRG","4h,1day,1week,3day","4h,1day,1week,3day","4","4","2000-06-12T00:00:00","2026-05-06T13:30:00","13633","raw,processed","True","False"
"IT","4h,1day,1week,3day","4h,1day,1week,3day","4","4","1993-10-04T00:00:00","2026-05-06T13:30:00","16229","raw,processed","True","False"
"ITRI","4h,1day,1week,3day","4h,1day,1week,3day","4","4","1993-11-01T00:00:00","2026-05-06T13:30:00","16183","raw,processed","True","False"
"ITT","4h,1day,1week,3day","4h,1day,1week,3day","4","4","1995-12-11T00:00:00","2026-05-06T13:30:00","15357","raw,processed","True","False"
"ITW","4h,1day,1week,3day","4h,1day,1week,3day","4","4","1973-04-02T00:00:00","2026-05-06T13:30:00","18715","raw,processed","True","False"
"IVZ","4h,1day,1week,3day","4h,1day,1week,3day","4","4","1995-08-21T00:00:00","2026-05-06T13:30:00","15496","raw,processed","True","False"
"IX","4h,1day,1week,3day","4h,1day,1week,3day","4","4","1998-09-14T00:00:00","2026-05-06T13:30:00","14288","raw,processed","True","False"
"J","4h,1day,1week,3day","4h,1day,1week,3day","4","4","1980-03-17T00:00:00","2026-05-06T13:30:00","20911","raw,processed","True","False"
"JAN","4h,1day,1week,3day","4h,1day,1week,3day","4","4","2020-02-07T07:00:00","2026-05-06T13:30:00","2349","raw,processed","True","False"
"JAZZ","4h,1day,1week,3day","4h,1day,1week,3day","4","4","2007-05-28T00:00:00","2026-05-06T13:30:00","10925","raw,processed","True","False"
"JBHT","4h,1day,1week,3day","4h,1day,1week,3day","4","4","1984-02-27T00:00:00","2026-05-06T13:30:00","17652","raw,processed","True","False"
"JBL","4h,1day,1week,3day","4h,1day,1week,3day","4","4","1993-05-03T00:00:00","2026-05-06T13:30:00","16392","raw,processed","True","False"
"JBS","4h,1day,1week,3day","4h,1day,1week,3day","4","4","2025-06-09T00:00:00","2026-05-06T13:30:00","795","raw,processed","True","False"
"JBTM","4h,1day,1week,3day","4h,1day,1week,3day","4","4","2008-07-21T00:00:00","2026-05-06T13:30:00","10482","raw,processed","True","False"
"JCI","4h,1day,1week,3day","4h,1day,1week,3day","4","4","1987-09-21T00:00:00","2026-05-06T13:30:00","18558","raw,processed","True","False"
"JD","4h,1day,1week,3day","4h,1day,1week,3day","4","4","2014-05-19T00:00:00","2026-05-06T13:30:00","8220","raw,processed","True","False"
"JEF","4h,1day,1week,3day","4h,1day,1week,3day","4","4","1980-04-28T00:00:00","2026-05-06T13:30:00","18641","raw,processed","True","False"
"JHG","4h,1day,1week,3day","4h,1day,1week,3day","4","4","2017-05-29T00:00:00","2026-05-06T13:30:00","7053","raw,processed","True","False"
"JHX","4h,1day,1week,3day","4h,1day,1week,3day","4","4","2001-10-22T00:00:00","2026-05-06T13:30:00","13096","raw,processed","True","False"
"JKHY","4h,1day,1week,3day","4h,1day,1week,3day","4","4","1986-09-01T00:00:00","2026-05-06T13:30:00","17766","raw,processed","True","False"
"JLL","4h,1day,1week,3day","4h,1day,1week,3day","4","4","1997-07-14T00:00:00","2026-05-06T13:30:00","14728","raw,processed","True","False"
"JNJ","4h,1day,1week,3day","4h,1day,1week,3day","4","4","1969-12-29T00:00:00","2026-05-06T13:30:00","25485","raw,processed","True","False"
"JOBY","4h,1day,1week,3day","4h,1day,1week,3day","4","4","2020-11-09T00:00:00","2026-05-06T13:30:00","4481","raw,processed","True","False"
"JOE","4h,1day,1week,3day","4h,1day,1week,3day","4","4","1991-10-07T00:00:00","2026-05-06T13:30:00","16965","raw,processed","True","False"
"JPM","4h,1day,1week,3day","4h,1day,1week,3day","4","4","1983-12-26T00:00:00","2026-05-06T13:30:00","20033","raw,processed","True","False"
"JXN","4h,1day,1week,3day","4h,1day,1week,3day","4","4","2021-08-30T00:00:00","2026-05-06T13:30:00","4114","raw,processed","True","False"
"KB","4h,1day,1week,3day","4h,1day,1week,3day","4","4","2001-11-12T00:00:00","2026-05-06T13:30:00","13051","raw,processed","True","False"
"KBR","4h,1day,1week,3day","4h,1day,1week,3day","4","4","2006-11-13T00:00:00","2026-05-06T13:30:00","11119","raw,processed","True","False"
"KC","4h,1day,1week,3day","4h,1day,1week,3day","4","4","2020-05-04T00:00:00","2026-05-06T13:30:00","5321","raw,processed","True","False"
"KDP","4h,1day,1week,3day","4h,1day,1week,3day","4","4","2008-05-05T00:00:00","2026-05-06T13:30:00","10576","raw,processed","True","False"
"KEN","4h,1day,1week,3day","4h,1day,1week,3day","4","4","2015-01-12T00:00:00","2026-05-06T13:30:00","7627","raw,processed","True","False"
"KEP","4h,1day,1week,3day","4h,1day,1week,3day","4","4","1994-10-24T00:00:00","2026-05-06T13:30:00","15775","raw,processed","True","False"
"KEX","4h,1day,1week,3day","4h,1day,1week,3day","4","4","1980-09-08T00:00:00","2026-05-06T13:30:00","17064","raw,processed","True","False"
"KEY","4h,1day,1week,3day","4h,1day,1week,3day","4","4","1980-03-17T00:00:00","2026-05-06T13:30:00","21496","raw,processed","True","False"
"KEYS","4h,1day,1week,3day","4h,1day,1week,3day","4","4","2014-10-20T00:00:00","2026-05-06T13:30:00","8086","raw,processed","True","False"
"KGC","4h,1day,1week,3day","4h,1day,1week,3day","4","4","1981-03-16T00:00:00","2026-05-06T13:30:00","18501","raw,processed","True","False"
"KGS","4h,1day,1week,3day","4h,1day,1week,3day","4","4","2023-06-26T00:00:00","2026-05-06T13:30:00","2529","raw,processed","True","False"
"KHC","4h,1day,1week,3day","4h,1day,1week,3day","4","4","2015-07-06T00:00:00","2026-05-06T13:30:00","7785","raw,processed","True","False"
"KIM","4h,1day,1week,3day","4h,1day,1week,3day","4","4","1991-11-18T00:00:00","2026-05-06T13:30:00","16951","raw,processed","True","False"
"KKR","4h,1day,1week,3day","4h,1day,1week,3day","4","4","2010-07-12T00:00:00","2026-05-06T13:30:00","9724","raw,processed","True","False"
"KLAC","4h,1day,1week,3day","4h,1day,1week,3day","4","4","1981-07-13T00:00:00","2026-05-06T13:30:00","17630","raw,processed","True","False"
"KLAR","4h,1day,1week,3day","4h,1day,1week,3day","4","4","2025-09-08T00:00:00","2026-05-06T13:30:00","583","raw,processed","True","False"
"KLIC","4h,1day,1week,3day","4h,1day,1week,3day","4","4","1973-02-19T00:00:00","2026-05-06T13:30:00","18145","raw,processed","True","False"
"KMB","4h,1day,1week,3day","4h,1day,1week,3day","4","4","1984-12-10T00:00:00","2026-05-06T13:30:00","19644","raw,processed","True","False"
"KMI","4h,1day,1week,3day","4h,1day,1week,3day","4","4","2011-02-07T00:00:00","2026-05-06T13:30:00","9489","raw,processed","True","False"
"KMX","4h,1day,1week,3day","4h,1day,1week,3day","4","4","1997-02-03T00:00:00","2026-05-06T13:30:00","14904","raw,processed","True","False"
"KNF","4h,1day,1week,3day","4h,1day,1week,3day","4","4","2023-06-05T00:00:00","2026-05-06T13:30:00","2577","raw,processed","True","False"
"KNSA","4h,1day,1week,3day","4h,1day,1week,3day","4","4","2018-05-21T00:00:00","2026-05-06T13:30:00","6644","raw,processed","True","False"
"KNSL","4h,1day,1week,3day","4h,1day,1week,3day","4","4","2016-07-25T00:00:00","2026-05-06T13:30:00","7378","raw,processed","True","False"
"KNTK","4h,1day,1week,3day","4h,1day,1week,3day","4","4","2017-05-01T00:00:00","2026-05-06T13:30:00","5201","raw,processed","True","False"
"KNX","4h,1day,1week,3day","4h,1day,1week,3day","4","4","1994-10-24T00:00:00","2026-05-06T13:30:00","15805","raw,processed","True","False"
"KO","4h,1day,1week,3day","4h,1day,1week,3day","4","4","1969-12-29T00:00:00","2026-05-06T13:30:00","25474","raw,processed","True","False"
"KR","4h,1day,1week,3day","4h,1day,1week,3day","4","4","1976-12-27T00:00:00","2026-05-06T13:30:00","22755","raw,processed","True","False"
"KRC","4h,1day,1week,3day","4h,1day,1week,3day","4","4","1997-01-27T00:00:00","2026-05-06T13:30:00","14933","raw,processed","True","False"
"KRG","4h,1day,1week,3day","4h,1day,1week,3day","4","4","2004-08-09T00:00:00","2026-05-06T13:30:00","12020","raw,processed","True","False"
"KRMN","4h,1day,1week,3day","4h,1day,1week,3day","4","4","2025-02-10T00:00:00","2026-05-06T13:30:00","1079","raw,processed","True","False"
"KRYS","4h,1day,1week,3day","4h,1day,1week,3day","4","4","2017-09-18T00:00:00","2026-05-06T13:30:00","6921","raw,processed","True","False"
"KSPI","4h,1day,1week,3day","4h,1day,1week,3day","4","4","2024-01-15T00:00:00","2026-05-06T13:30:00","2028","raw,processed","True","False"
"KT","4h,1day,1week,3day","4h,1day,1week,3day","4","4","1999-05-24T00:00:00","2026-05-06T13:30:00","14050","raw,processed","True","False"
"KTB","4h,1day,1week,3day","4h,1day,1week,3day","4","4","2019-05-27T00:00:00","2026-05-06T13:30:00","6276","raw,processed","True","False"
"KTOS","4h,1day,1week,3day","4h,1day,1week,3day","4","4","1999-11-01T00:00:00","2026-05-06T13:30:00","13853","raw,processed","True","False"
"KVUE","4h,1day,1week,3day","4h,1day,1week,3day","4","4","2023-05-01T00:00:00","2026-05-06T13:30:00","2663","raw,processed","True","False"
"KVYO","4h,1day,1week,3day","4h,1day,1week,3day","4","4","2023-09-18T00:00:00","2026-05-06T13:30:00","2326","raw,processed","True","False"
"KYMR","4h,1day,1week,3day","4h,1day,1week,3day","4","4","2020-08-17T00:00:00","2026-05-06T13:30:00","4868","raw,processed","True","False"
"L","4h,1day,1week,3day","4h,1day,1week,3day","4","4","1981-10-19T00:00:00","2026-05-06T13:30:00","18674","raw,processed","True","False"
"LAD","4h,1day,1week,3day","4h,1day,1week,3day","4","4","1996-12-16T00:00:00","2026-05-06T13:30:00","14974","raw,processed","True","False"
"LAMR","4h,1day,1week,3day","4h,1day,1week,3day","4","4","1996-07-29T00:00:00","2026-05-06T13:30:00","15123","raw,processed","True","False"
"LASR","4h,1day,1week,3day","4h,1day,1week,3day","4","4","2018-04-23T00:00:00","2026-05-06T13:30:00","6708","raw,processed","True","False"
"LAUR","4h,1day,1week,3day","4h,1day,1week,3day","4","4","2017-01-30T00:00:00","2026-05-06T13:30:00","7182","raw,processed","True","False"
"LAZ","4h,1day,1week,3day","4h,1day,1week,3day","4","4","2005-05-02T00:00:00","2026-05-06T13:30:00","11731","raw,processed","True","False"
"LB","4h,1day,1week,3day","4h,1day,1week,3day","4","4","2019-06-20T08:00:00","2026-05-06T13:30:00","4307","raw,processed","True","False"
"LBRDA","4h,1day,1week,3day","4h,1day,1week,3day","4","4","2014-11-03T00:00:00","2026-05-06T13:30:00","8062","raw,processed","True","False"
"LBRDK","4h,1day,1week,3day","4h,1day,1week,3day","4","4","2014-11-03T00:00:00","2026-05-06T13:30:00","8019","raw,processed","True","False"
"LBRT","4h,1day,1week,3day","4h,1day,1week,3day","4","4","2018-01-08T00:00:00","2026-05-06T13:30:00","6808","raw,processed","True","False"
"LBTYA","4h,1day,1week,3day","4h,1day,1week,3day","4","4","2004-05-31T00:00:00","2026-05-06T13:30:00","12085","raw,processed","True","False"
"LBTYB","4h,1day,1week,3day","4h,1day,1week,3day","4","4","2004-06-07T00:00:00","2026-05-06T13:30:00","9813","raw,processed","True","False"
"LBTYK","4h,1day,1week,3day","4h,1day,1week,3day","4","4","2005-09-05T00:00:00","2026-05-06T13:30:00","11587","raw,processed","True","False"
"LDOS","4h,1day,1week,3day","4h,1day,1week,3day","4","4","2006-10-16T00:00:00","2026-05-06T13:30:00","11171","raw,processed","True","False"
"LEA","4h,1day,1week,3day","4h,1day,1week,3day","4","4","2009-11-09T00:00:00","2026-05-06T13:30:00","9959","raw,processed","True","False"
"LECO","4h,1day,1week,3day","4h,1day,1week,3day","4","4","1994-04-04T00:00:00","2026-05-06T13:30:00","16031","raw,processed","True","False"
"LEGN","4h,1day,1week,3day","4h,1day,1week,3day","4","4","2020-06-01T00:00:00","2026-05-06T13:30:00","5032","raw,processed","True","False"
"LEN","4h,1day,1week,3day","4h,1day,1week,3day","4","4","1980-03-17T00:00:00","2026-05-06T13:30:00","21492","raw,processed","True","False"
"LEU","4h,1day,1week,3day","4h,1day,1week,3day","4","4","1998-07-20T00:00:00","2026-05-06T13:30:00","14314","raw,processed","True","False"
"LEVI","4h,1day,1week,3day","4h,1day,1week,3day","4","4","2019-03-18T00:00:00","2026-05-06T13:30:00","6359","raw,processed","True","False"
"LFUS","4h,1day,1week,3day","4h,1day,1week,3day","4","4","1992-09-21T00:00:00","2026-05-06T13:30:00","16633","raw,processed","True","False"
"LGN","4h,1day,1week,3day","4h,1day,1week,3day","4","4","2025-09-08T00:00:00","2026-05-06T13:30:00","577","raw,processed","True","False"
"LGND","4h,1day,1week,3day","4h,1day,1week,3day","4","4","1992-11-16T00:00:00","2026-05-06T13:30:00","16558","raw,processed","True","False"
"LH","4h,1day,1week,3day","4h,1day,1week,3day","4","4","1990-03-26T00:00:00","2026-05-06T13:30:00","17595","raw,processed","True","False"
"LHX","4h,1day,1week,3day","4h,1day,1week,3day","4","4","1981-12-28T00:00:00","2026-05-06T13:30:00","20354","raw,processed","True","False"
"LI","4h,1day,1week,3day","4h,1day,1week,3day","4","4","2020-07-27T00:00:00","2026-05-06T13:30:00","4973","raw,processed","True","False"
"LIF","4h,1day,1week,3day","4h,1day,1week,3day","4","4","2024-06-03T00:00:00","2026-05-06T13:30:00","1694","raw,processed","True","False"
"LII","4h,1day,1week,3day","4h,1day,1week,3day","4","4","1999-07-26T00:00:00","2026-05-06T13:30:00","13963","raw,processed","True","False"
"LIN","4h,1day,1week,3day","4h,1day,1week,3day","4","4","1992-06-15T00:00:00","2026-05-06T13:30:00","16737","raw,processed","True","False"
"LINE","4h,1day,1week,3day","4h,1day,1week,3day","4","4","2024-07-22T00:00:00","2026-05-06T13:30:00","1578","raw,processed","True","False"
"LION","4h,1day,1week,3day","4h,1day,1week,3day","4","4","2022-02-28T00:00:00","2026-05-06T13:30:00","2604","raw,processed","True","False"
"LITE","4h,1day,1week,3day","4h,1day,1week,3day","4","4","2015-07-20T00:00:00","2026-05-06T13:30:00","7762","raw,processed","True","False"
"LKQ","4h,1day,1week,3day","4h,1day,1week,3day","4","4","2003-09-29T00:00:00","2026-05-06T13:30:00","12353","raw,processed","True","False"
"LLY","4h,1day,1week,3day","4h,1day,1week,3day","4","4","1972-05-29T00:00:00","2026-05-06T13:30:00","24513","raw,processed","True","False"
"LLYVA","4h,1day,1week,3day","4h,1day,1week,3day","4","4","2023-08-14T00:00:00","2026-05-06T13:30:00","2355","raw,processed","True","False"
"LLYVK","4h,1day,1week,3day","4h,1day,1week,3day","4","4","2023-08-07T00:00:00","2026-05-06T13:30:00","2361","raw,processed","True","False"
"LMND","4h,1day,1week,3day","4h,1day,1week,3day","4","4","2020-06-29T00:00:00","2026-05-06T13:30:00","5137","raw,processed","True","False"
"LMT","4h,1day,1week,3day","4h,1day,1week,3day","4","4","1977-01-03T00:00:00","2026-05-06T13:30:00","22747","raw,processed","True","False"
"LNC","4h,1day,1week,3day","4h,1day,1week,3day","4","4","1984-10-01T00:00:00","2026-05-06T13:30:00","19724","raw,processed","True","False"
"LNG","4h,1day,1week,3day","4h,1day,1week,3day","4","4","1994-04-04T00:00:00","2026-05-06T13:30:00","16026","raw,processed","True","False"
"LNT","4h,1day,1week,3day","4h,1day,1week,3day","4","4","1988-01-04T00:00:00","2026-05-06T13:30:00","18467","raw,processed","True","False"
"LNTH","4h,1day,1week,3day","4h,1day,1week,3day","4","4","2015-06-22T00:00:00","2026-05-06T13:30:00","7795","raw,processed","True","False"
"LOAR","4h,1day,1week,3day","4h,1day,1week,3day","4","4","2024-04-22T00:00:00","2026-05-06T13:30:00","1797","raw,processed","True","False"
"LOGI","4h,1day,1week,3day","4h,1day,1week,3day","4","4","1997-03-24T00:00:00","2026-05-06T13:30:00","14866","raw,processed","True","False"
"LOPE","4h,1day,1week,3day","4h,1day,1week,3day","4","4","2008-11-17T00:00:00","2026-05-06T13:30:00","10352","raw,processed","True","False"
"LOW","4h,1day,1week,3day","4h,1day,1week,3day","4","4","1985-06-24T00:00:00","2026-05-06T13:30:00","19443","raw,processed","True","False"
"LPLA","4h,1day,1week,3day","4h,1day,1week,3day","4","4","2010-11-15T00:00:00","2026-05-06T13:30:00","9582","raw,processed","True","False"
"LPX","4h,1day,1week,3day","4h,1day,1week,3day","4","4","1981-12-28T00:00:00","2026-05-06T13:30:00","20795","raw,processed","True","False"
"LQDA","4h,1day,1week,3day","4h,1day,1week,3day","4","4","2018-07-23T00:00:00","2026-05-06T13:30:00","6571","raw,processed","True","False"
"LRCX","4h,1day,1week,3day","4h,1day,1week,3day","4","4","1984-04-30T00:00:00","2026-05-06T13:30:00","19898","raw,processed","True","False"
"LRN","4h,1day,1week,3day","4h,1day,1week,3day","4","4","2007-12-10T00:00:00","2026-05-06T13:30:00","10732","raw,processed","True","False"
"LSCC","4h,1day,1week,3day","4h,1day,1week,3day","4","4","1990-03-19T00:00:00","2026-05-06T13:30:00","17598","raw,processed","True","False"
"LSTR","4h,1day,1week,3day","4h,1day,1week,3day","4","4","1993-03-01T00:00:00","2026-05-06T13:30:00","16449","raw,processed","True","False"
"LTH","4h,1day,1week,3day","4h,1day,1week,3day","4","4","2021-10-04T00:00:00","2026-05-06T13:30:00","3964","raw,processed","True","False"
"LTM","4h,1day,1week,3day","4h,1day,1week,3day","4","4","2019-06-20T08:00:00","2026-05-06T13:30:00","2837","raw,processed","True","False"
"LULU","4h,1day,1week,3day","4h,1day,1week,3day","4","4","2007-07-23T00:00:00","2026-05-06T13:30:00","10874","raw,processed","True","False"
"LUMN","4h,1day,1week,3day","4h,1day,1week,3day","4","4","1987-11-02T00:00:00","2026-05-06T13:30:00","18526","raw,processed","True","False"
"LUNR","4h,1day,1week,3day","4h,1day,1week,3day","4","4","2021-11-15T00:00:00","2026-05-06T13:30:00","3281","raw,processed","True","False"
"LUV","4h,1day,1week,3day","4h,1day,1week,3day","4","4","1979-12-31T00:00:00","2026-05-06T13:30:00","21570","raw,processed","True","False"
"LVS","4h,1day,1week,3day","4h,1day,1week,3day","4","4","2004-12-13T00:00:00","2026-05-06T13:30:00","11878","raw,processed","True","False"
"LW","4h,1day,1week,3day","4h,1day,1week,3day","4","4","2016-11-07T00:00:00","2026-05-06T13:30:00","7254","raw,processed","True","False"
"LYB","4h,1day,1week,3day","4h,1day,1week,3day","4","4","2010-04-26T00:00:00","2026-05-06T13:30:00","9814","raw,processed","True","False"
"LYFT","4h,1day,1week,3day","4h,1day,1week,3day","4","4","2019-03-25T00:00:00","2026-05-06T13:30:00","6367","raw,processed","True","False"
"LYG","4h,1day,1week,3day","4h,1day,1week,3day","4","4","2001-11-26T00:00:00","2026-05-06T13:30:00","13073","raw,processed","True","False"
"LYV","4h,1day,1week,3day","4h,1day,1week,3day","4","4","2005-12-19T00:00:00","2026-05-06T13:30:00","11494","raw,processed","True","False"
"M","4h,1day,1week,3day","4h,1day,1week,3day","4","4","1992-02-03T00:00:00","2026-05-06T13:30:00","16878","raw,processed","True","False"
"MA","4h,1day,1week,3day","4h,1day,1week,3day","4","4","2006-05-22T00:00:00","2026-05-06T13:30:00","11322","raw,processed","True","False"
"MAA","4h,1day,1week,3day","4h,1day,1week,3day","4","4","1994-01-24T00:00:00","2026-05-06T13:30:00","16110","raw,processed","True","False"
"MAAS","4h,1day,1week,3day","4h,1day,1week,3day","4","4","2019-03-25T00:00:00","2026-05-06T13:30:00","3223","raw,processed","True","False"
"MAC","4h,1day,1week,3day","4h,1day,1week,3day","4","4","1994-03-07T00:00:00","2026-05-06T13:30:00","16065","raw,processed","True","False"
"MAIN","4h,1day,1week,3day","4h,1day,1week,3day","4","4","2007-10-08T00:00:00","2026-05-06T13:30:00","10776","raw,processed","True","False"
"MAIR","4h,1day,1week,3day","4h,1day,1week,3day","4","4","2000-01-03T00:00:00","2026-05-06T13:30:00","4536","raw,processed","True","False"
"MANE","4h,1day,1week,3day","4h,1day,1week,3day","4","4","2026-02-02T00:00:00","2026-05-06T13:30:00","228","raw,processed","True","False"
"MANH","4h,1day,1week,3day","4h,1day,1week,3day","4","4","1998-04-20T00:00:00","2026-05-06T13:30:00","14447","raw,processed","True","False"
"MAR","4h,1day,1week,3day","4h,1day,1week,3day","4","4","1998-03-16T00:00:00","2026-05-06T13:30:00","14488","raw,processed","True","False"
"MARA","4h,1day,1week,3day","4h,1day,1week,3day","4","4","2012-04-30T00:00:00","2026-05-06T13:30:00","8986","raw,processed","True","False"
"MAS","4h,1day,1week,3day","4h,1day,1week,3day","4","4","1983-06-06T00:00:00","2026-05-06T13:30:00","20232","raw,processed","True","False"
"MASI","4h,1day,1week,3day","4h,1day,1week,3day","4","4","2007-08-06T00:00:00","2026-05-06T13:30:00","10858","raw,processed","True","False"
"MAT","4h,1day,1week,3day","4h,1day,1week,3day","4","4","1977-04-18T00:00:00","2026-05-06T13:30:00","20801","raw,processed","True","False"
"MATX","4h,1day,1week,3day","4h,1day,1week,3day","4","4","1973-04-30T00:00:00","2026-05-06T13:30:00","24151","raw,processed","True","False"
"MBLY","4h,1day,1week,3day","4h,1day,1week,3day","4","4","2022-10-24T00:00:00","2026-05-06T13:30:00","3110","raw,processed","True","False"
"MC","4h,1day,1week,3day","4h,1day,1week,3day","4","4","2014-04-14T00:00:00","2026-05-06T13:30:00","8258","raw,processed","True","False"
"MCD","4h,1day,1week,3day","4h,1day,1week,3day","4","4","1969-12-29T00:00:00","2026-05-06T13:30:00","25454","raw,processed","True","False"
"MCHP","4h,1day,1week,3day","4h,1day,1week,3day","4","4","1993-03-15T00:00:00","2026-05-06T13:30:00","16436","raw,processed","True","False"
"MCK","4h,1day,1week,3day","4h,1day,1week,3day","4","4","1994-11-07T00:00:00","2026-05-06T13:30:00","15800","raw,processed","True","False"
"MCO","4h,1day,1week,3day","4h,1day,1week,3day","4","4","1994-10-31T00:00:00","2026-05-06T13:30:00","15812","raw,processed","True","False"
"MCY","4h,1day,1week,3day","4h,1day,1week,3day","4","4","1988-03-28T00:00:00","2026-05-06T13:30:00","17613","raw,processed","True","False"
"MDA","4h,1day,1week,3day","4h,1day,1week,3day","4","4","2026-03-09T00:00:00","2026-05-06T13:30:00","127","raw,processed","True","False"
"MDB","4h,1day,1week,3day","4h,1day,1week,3day","4","4","2017-10-16T00:00:00","2026-05-06T13:30:00","6902","raw,processed","True","False"
"MDGL","4h,1day,1week,3day","4h,1day,1week,3day","4","4","2007-02-05T00:00:00","2026-05-06T13:30:00","11051","raw,processed","True","False"
"MDLN","4h,1day,1week,3day","4h,1day,1week,3day","4","4","2025-12-15T00:00:00","2026-05-06T13:30:00","340","raw,processed","True","False"
"MDLZ","4h,1day,1week,3day","4h,1day,1week,3day","4","4","2001-06-11T00:00:00","2026-05-06T13:30:00","13230","raw,processed","True","False"
"MDT","4h,1day,1week,3day","4h,1day,1week,3day","4","4","1975-04-07T00:00:00","2026-05-06T13:30:00","20821","raw,processed","True","False"
"MDU","4h,1day,1week,3day","4h,1day,1week,3day","4","4","1973-02-19T00:00:00","2026-05-06T13:30:00","24244","raw,processed","True","False"
"MEDP","4h,1day,1week,3day","4h,1day,1week,3day","4","4","2016-08-08T00:00:00","2026-05-06T13:30:00","7374","raw,processed","True","False"
"MELI","4h,1day,1week,3day","4h,1day,1week,3day","4","4","2007-08-06T00:00:00","2026-05-06T13:30:00","10852","raw,processed","True","False"
"MEOH","4h,1day,1week,3day","4h,1day,1week,3day","4","4","1992-05-18T00:00:00","2026-05-06T13:30:00","16760","raw,processed","True","False"
"MET","4h,1day,1week,3day","4h,1day,1week,3day","4","4","2000-04-03T00:00:00","2026-05-06T13:30:00","13680","raw,processed","True","False"
"META","4h,1day,1week,3day","4h,1day,1week,3day","4","4","2012-05-14T00:00:00","2026-05-06T13:30:00","9010","raw,processed","True","False"
"MFC","4h,1day,1week,3day","4h,1day,1week,3day","4","4","1999-09-20T00:00:00","2026-05-06T13:30:00","13890","raw,processed","True","False"
"MFG","4h,1day,1week,3day","4h,1day,1week,3day","4","4","2006-11-06T00:00:00","2026-05-06T13:30:00","11134","raw,processed","True","False"
"MGA","4h,1day,1week,3day","4h,1day,1week,3day","4","4","1984-10-01T00:00:00","2026-05-06T13:30:00","17609","raw,processed","True","False"
"MGM","4h,1day,1week,3day","4h,1day,1week,3day","4","4","1988-05-02T00:00:00","2026-05-06T13:30:00","18031","raw,processed","True","False"
"MGY","4h,1day,1week,3day","4h,1day,1week,3day","4","4","2017-06-26T00:00:00","2026-05-06T13:30:00","7016","raw,processed","True","False"
"MHK","4h,1day,1week,3day","4h,1day,1week,3day","4","4","1992-03-30T00:00:00","2026-05-06T13:30:00","16806","raw,processed","True","False"
"MIAX","4h,1day,1week,3day","4h,1day,1week,3day","4","4","2025-08-11T00:00:00","2026-05-06T13:30:00","633","raw,processed","True","False"
"MICC","4h,1day,1week,3day","4h,1day,1week,3day","4","4","2025-12-08T00:00:00","2026-05-06T13:30:00","365","raw,processed","True","False"
"MIDD","4h,1day,1week,3day","4h,1day,1week,3day","4","4","1987-08-10T00:00:00","2026-05-06T13:30:00","17148","raw,processed","True","False"
"MIR","4h,1day,1week,3day","4h,1day,1week,3day","4","4","2020-08-17T00:00:00","2026-05-06T13:30:00","4461","raw,processed","True","False"
"MIRM","4h,1day,1week,3day","4h,1day,1week,3day","4","4","2019-07-15T00:00:00","2026-05-06T13:30:00","5767","raw,processed","True","False"
"MKC","4h,1day,1week,3day","4h,1day,1week,3day","4","4","1973-02-19T00:00:00","2026-05-06T13:30:00","17709","raw,processed","True","False"
"MKL","4h,1day,1week,3day","4h,1day,1week,3day","4","4","1987-03-16T00:00:00","2026-05-06T13:30:00","17674","raw,processed","True","False"
"MKSI","4h,1day,1week,3day","4h,1day,1week,3day","4","4","1999-03-29T00:00:00","2026-05-06T13:30:00","14075","raw,processed","True","False"
"MKTX","4h,1day,1week,3day","4h,1day,1week,3day","4","4","2004-11-01T00:00:00","2026-05-06T13:30:00","11920","raw,processed","True","False"
"MLI","4h,1day,1week,3day","4h,1day,1week,3day","4","4","1991-02-18T00:00:00","2026-05-06T13:30:00","17240","raw,processed","True","False"
"MLM","4h,1day,1week,3day","4h,1day,1week,3day","4","4","1994-02-14T00:00:00","2026-05-06T13:30:00","16067","raw,processed","True","False"
"MMM","4h,1day,1week,3day","4h,1day,1week,3day","4","4","1969-12-29T00:00:00","2026-05-06T13:30:00","25471","raw,processed","True","False"
"MMS","4h,1day,1week,3day","4h,1day,1week,3day","4","4","1997-06-09T00:00:00","2026-05-06T13:30:00","14789","raw,processed","True","False"
"MMSI","4h,1day,1week,3day","4h,1day,1week,3day","4","4","1990-05-14T00:00:00","2026-05-06T13:30:00","17027","raw,processed","True","False"
"MMYT","4h,1day,1week,3day","4h,1day,1week,3day","4","4","2010-08-09T00:00:00","2026-05-06T13:30:00","9685","raw,processed","True","False"
"MNDY","4h,1day,1week,3day","4h,1day,1week,3day","4","4","2021-06-07T00:00:00","2026-05-06T13:30:00","4248","raw,processed","True","False"
"MNSO","4h,1day,1week,3day","4h,1day,1week,3day","4","4","2020-10-12T00:00:00","2026-05-06T13:30:00","4905","raw,processed","True","False"
"MNST","4h,1day,1week,3day","4h,1day,1week,3day","4","4","1989-06-19T00:00:00","2026-05-06T13:30:00","17040","raw,processed","True","False"
"MO","4h,1day,1week,3day","4h,1day,1week,3day","4","4","1969-12-29T00:00:00","2026-05-06T13:30:00","25468","raw,processed","True","False"
"MOD","4h,1day,1week,3day","4h,1day,1week,3day","4","4","1982-09-20T00:00:00","2026-05-06T13:30:00","17741","raw,processed","True","False"
"MOH","4h,1day,1week,3day","4h,1day,1week,3day","4","4","2003-06-30T00:00:00","2026-05-06T13:30:00","12457","raw,processed","True","False"
"MORN","4h,1day,1week,3day","4h,1day,1week,3day","4","4","2005-05-02T00:00:00","2026-05-06T13:30:00","11722","raw,processed","True","False"
"MOS","4h,1day,1week,3day","4h,1day,1week,3day","4","4","1988-01-25T00:00:00","2026-05-06T13:30:00","18440","raw,processed","True","False"
"MP","4h,1day,1week,3day","4h,1day,1week,3day","4","4","2020-06-22T00:00:00","2026-05-06T13:30:00","4996","raw,processed","True","False"
"MPC","4h,1day,1week,3day","4h,1day,1week,3day","4","4","2011-06-20T00:00:00","2026-05-06T13:30:00","9348","raw,processed","True","False"
"MPWR","4h,1day,1week,3day","4h,1day,1week,3day","4","4","2004-11-15T00:00:00","2026-05-06T13:30:00","11912","raw,processed","True","False"
"MRCY","4h,1day,1week,3day","4h,1day,1week,3day","4","4","1998-01-26T00:00:00","2026-05-06T13:30:00","14539","raw,processed","True","False"
"MRK","4h,1day,1week,3day","4h,1day,1week,3day","4","4","1969-12-29T00:00:00","2026-05-06T13:30:00","25460","raw,processed","True","False"
"MRNA","4h,1day,1week,3day","4h,1day,1week,3day","4","4","2018-12-03T00:00:00","2026-05-06T13:30:00","6465","raw,processed","True","False"
"MRP","4h,1day,1week,3day","4h,1day,1week,3day","4","4","2025-02-03T00:00:00","2026-05-06T13:30:00","1096","raw,processed","True","False"
"MRSH","4h,1day,1week,3day","4h,1day,1week,3day","4","4","1973-02-19T00:00:00","2026-05-06T13:30:00","20813","raw,processed","True","False"
"MRVL","4h,1day,1week,3day","4h,1day,1week,3day","4","4","2000-06-26T00:00:00","2026-05-06T13:30:00","13611","raw,processed","True","False"
"MRX","4h,1day,1week,3day","4h,1day,1week,3day","4","4","2024-04-22T00:00:00","2026-05-06T13:30:00","1797","raw,processed","True","False"
"MS","4h,1day,1week,3day","4h,1day,1week,3day","4","4","1993-02-22T00:00:00","2026-05-06T13:30:00","16480","raw,processed","True","False"
"MSA","4h,1day,1week,3day","4h,1day,1week,3day","4","4","1973-02-19T00:00:00","2026-05-06T13:30:00","19816","raw,processed","True","False"
"MSCI","4h,1day,1week,3day","4h,1day,1week,3day","4","4","2007-11-12T00:00:00","2026-05-06T13:30:00","10728","raw,processed","True","False"
"MSFT","4h,1day,1week,3day","4h,1day,1week,3day","4","4","1986-03-10T00:00:00","2026-05-06T13:30:00","19239","raw,processed","True","False"
"MSGS","4h,1day,1week,3day","4h,1day,1week,3day","4","4","2015-09-14T00:00:00","2026-05-06T13:30:00","7132","raw,processed","True","False"
"MSI","4h,1day,1week,3day","4h,1day,1week,3day","4","4","1976-12-27T00:00:00","2026-05-06T13:30:00","22742","raw,processed","True","False"
"MSM","4h,1day,1week,3day","4h,1day,1week,3day","4","4","1995-12-11T00:00:00","2026-05-06T13:30:00","15377","raw,processed","True","False"
"MSTR","4h,1day,1week,3day","4h,1day,1week,3day","4","4","1998-06-08T00:00:00","2026-05-06T13:30:00","14401","raw,processed","True","False"
"MT","4h,1day,1week,3day","4h,1day,1week,3day","4","4","1997-08-04T00:00:00","2026-05-06T13:30:00","14728","raw,processed","True","False"
"MTB","4h,1day,1week,3day","4h,1day,1week,3day","4","4","1980-03-17T00:00:00","2026-05-06T13:30:00","21321","raw,processed","True","False"
"MTCH","4h,1day,1week,3day","4h,1day,1week,3day","4","4","1993-01-18T00:00:00","2026-05-06T13:30:00","16505","raw,processed","True","False"
"MTD","4h,1day,1week,3day","4h,1day,1week,3day","4","4","1997-11-10T00:00:00","2026-05-06T13:30:00","14618","raw,processed","True","False"
"MTDR","4h,1day,1week,3day","4h,1day,1week,3day","4","4","2012-01-30T00:00:00","2026-05-06T13:30:00","9109","raw,processed","True","False"
"MTG","4h,1day,1week,3day","4h,1day,1week,3day","4","4","1991-08-05T00:00:00","2026-05-06T13:30:00","17059","raw,processed","True","False"
"MTH","4h,1day,1week,3day","4h,1day,1week,3day","4","4","1988-07-25T00:00:00","2026-05-06T00:00:00","16251","raw,processed","True","False"
"MTN","4h,1day,1week,3day","4h,1day,1week,3day","4","4","1997-02-03T00:00:00","2026-05-06T13:30:00","14925","raw,processed","True","False"
"MTRN","4h,1day,1week,3day","4h,1day,1week,3day","4","4","1981-11-09T00:00:00","2026-05-06T13:30:00","19730","raw,processed","True","False"
"MTSI","4h,1day,1week,3day","4h,1day,1week,3day","4","4","2012-03-12T00:00:00","2026-05-06T13:30:00","9069","raw,processed","True","False"
"MTZ","4h,1day,1week,3day","4h,1day,1week,3day","4","4","1973-02-19T00:00:00","2026-05-06T13:30:00","17698","raw,processed","True","False"
"MU","4h,1day,1week,3day","4h,1day,1week,3day","4","4","1989-05-15T00:00:00","2026-05-06T13:30:00","17943","raw,processed","True","False"
"MUFG","4h,1day,1week,3day","4h,1day,1week,3day","4","4","2001-04-02T00:00:00","2026-05-06T13:30:00","13310","raw,processed","True","False"
"MUR","4h,1day,1week,3day","4h,1day,1week,3day","4","4","1983-04-04T00:00:00","2026-05-06T13:30:00","20320","raw,processed","True","False"
"MUSA","4h,1day,1week,3day","4h,1day,1week,3day","4","4","2013-08-19T00:00:00","2026-05-06T13:30:00","8521","raw,processed","True","False"
"MWA","4h,1day,1week,3day","4h,1day,1week,3day","4","4","2006-05-22T00:00:00","2026-05-06T13:30:00","11323","raw,processed","True","False"
"MWH","4h,1day,1week,3day","4h,1day,1week,3day","4","4","2026-02-09T00:00:00","2026-05-06T13:30:00","210","raw,processed","True","False"
"MXL","4h,1day,1week,3day","4h,1day,1week,3day","4","4","2010-03-22T00:00:00","2026-05-06T13:30:00","9811","raw,processed","True","False"
"MYRG","4h,1day,1week,3day","4h,1day,1week,3day","4","4","2008-08-11T00:00:00","2026-05-06T13:30:00","10459","raw,processed","True","False"
"NAVN","4h,1day,1week,3day","4h,1day,1week,3day","4","4","2025-10-27T00:00:00","2026-05-06T13:30:00","456","raw,processed","True","False"
"NBIS","4h,1day,1week,3day","4h,1day,1week,3day","4","4","2024-08-19T00:00:00","2026-05-06T13:30:00","1427","raw,processed","True","False"
"NBIX","4h,1day,1week,3day","4h,1day,1week,3day","4","4","1996-05-20T00:00:00","2026-05-06T13:30:00","15201","raw,processed","True","False"
"NCLH","4h,1day,1week,3day","4h,1day,1week,3day","4","4","2013-01-14T00:00:00","2026-05-06T13:30:00","8755","raw,processed","True","False"
"NDAQ","4h,1day,1week,3day","4h,1day,1week,3day","4","4","2002-06-24T00:00:00","2026-05-06T13:30:00","12840","raw,processed","True","False"
"NDSN","4h,1day,1week,3day","4h,1day,1week,3day","4","4","1980-03-24T00:00:00","2026-05-06T13:30:00","17918","raw,processed","True","False"
"NE","4h,1day,1week,3day","4h,1day,1week,3day","4","4","2019-06-20T08:00:00","2026-05-06T13:30:00","5605","raw,processed","True","False"
"NEE","4h,1day,1week,3day","4h,1day,1week,3day","4","4","1975-04-07T00:00:00","2026-05-06T13:30:00","20241","raw,processed","True","False"
"NEM","4h,1day,1week,3day","4h,1day,1week,3day","4","4","1983-04-04T00:00:00","2026-05-06T13:30:00","20317","raw,processed","True","False"
"NET","4h,1day,1week,3day","4h,1day,1week,3day","4","4","2019-09-09T00:00:00","2026-05-06T13:30:00","5718","raw,processed","True","False"
"NEU","4h,1day,1week,3day","4h,1day,1week,3day","4","4","1985-08-05T00:00:00","2026-05-06T13:30:00","19405","raw,processed","True","False"
"NFG","4h,1day,1week,3day","4h,1day,1week,3day","4","4","1973-04-30T00:00:00","2026-05-06T13:30:00","24171","raw,processed","True","False"
"NFLX","4h,1day,1week,3day","4h,1day,1week,3day","4","4","2002-05-20T00:00:00","2026-05-06T13:30:00","12887","raw,processed","True","False"
"NGG","4h,1day,1week,3day","4h,1day,1week,3day","4","4","2005-08-08T00:00:00","2026-05-06T13:30:00","11628","raw,processed","True","False"
"NHI","4h,1day,1week,3day","4h,1day,1week,3day","4","4","1991-10-07T00:00:00","2026-05-06T13:30:00","16994","raw,processed","True","False"
"NI","4h,1day,1week,3day","4h,1day,1week,3day","4","4","1975-04-07T00:00:00","2026-05-06T13:30:00","19715","raw,processed","True","False"
"NICE","4h,1day,1week,3day","4h,1day,1week,3day","4","4","1996-01-22T00:00:00","2026-05-06T13:30:00","15335","raw,processed","True","False"
"NIO","4h,1day,1week,3day","4h,1day,1week,3day","4","4","2018-09-10T00:00:00","2026-05-06T13:30:00","6566","raw,processed","True","False"
"NJR","4h,1day,1week,3day","4h,1day,1week,3day","4","4","1980-03-24T00:00:00","2026-05-06T13:30:00","18561","raw,processed","True","False"
"NKE","4h,1day,1week,3day","4h,1day,1week,3day","4","4","1980-12-01T00:00:00","2026-05-06T13:30:00","21230","raw,processed","True","False"
"NLY","4h,1day,1week,3day","4h,1day,1week,3day","4","4","1997-10-06T00:00:00","2026-05-06T13:30:00","14676","raw,processed","True","False"
"NMR","4h,1day,1week,3day","4h,1day,1week,3day","4","4","2001-12-17T00:00:00","2026-05-06T13:30:00","13049","raw,processed","True","False"
"NNI","4h,1day,1week,3day","4h,1day,1week,3day","4","4","2003-12-08T00:00:00","2026-05-06T13:30:00","12273","raw,processed","True","False"
"NNN","4h,1day,1week,3day","4h,1day,1week,3day","4","4","1984-10-08T00:00:00","2026-05-06T13:30:00","17750","raw,processed","True","False"
"NNNN","4h,1day,1week,3day","4h,1day,1week,3day","4","4","2025-02-17T00:00:00","2026-05-06T13:30:00","1071","raw,processed","True","False"
"NOC","4h,1day,1week,3day","4h,1day,1week,3day","4","4","1981-12-28T00:00:00","2026-05-06T13:30:00","20809","raw,processed","True","False"
"NOK","4h,1day,1week,3day","4h,1day,1week,3day","4","4","1994-06-27T00:00:00","2026-05-06T13:30:00","15938","raw,processed","True","False"
"NOV","4h,1day,1week,3day","4h,1day,1week,3day","4","4","1996-10-28T00:00:00","2026-05-06T13:30:00","15022","raw,processed","True","False"
"NOVT","4h,1day,1week,3day","4h,1day,1week,3day","4","4","1999-03-22T00:00:00","2026-05-06T13:30:00","14073","raw,processed","True","False"
"NOW","4h,1day,1week,3day","4h,1day,1week,3day","4","4","2012-06-25T00:00:00","2026-05-06T13:30:00","8961","raw,processed","True","False"
"NPO","4h,1day,1week,3day","4h,1day,1week,3day","4","4","2002-05-20T00:00:00","2026-05-06T13:30:00","12867","raw,processed","True","False"
"NRG","4h,1day,1week,3day","4h,1day,1week,3day","4","4","2003-12-01T00:00:00","2026-05-06T13:30:00","12287","raw,processed","True","False"
"NSC","4h,1day,1week,3day","4h,1day,1week,3day","4","4","1982-05-31T00:00:00","2026-05-06T13:30:00","20646","raw,processed","True","False"
"NTAP","4h,1day,1week,3day","4h,1day,1week,3day","4","4","1995-11-20T00:00:00","2026-05-06T13:30:00","15395","raw,processed","True","False"
"NTES","4h,1day,1week,3day","4h,1day,1week,3day","4","4","2000-06-26T00:00:00","2026-05-06T13:30:00","13598","raw,processed","True","False"
"NTNX","4h,1day,1week,3day","4h,1day,1week,3day","4","4","2016-09-26T00:00:00","2026-05-06T13:30:00","7300","raw,processed","True","False"
"NTR","4h,1day,1week,3day","4h,1day,1week,3day","4","4","2018-01-01T00:00:00","2026-05-06T13:30:00","6825","raw,processed","True","False"
"NTRA","4h,1day,1week,3day","4h,1day,1week,3day","4","4","2015-06-29T00:00:00","2026-05-06T13:30:00","7798","raw,processed","True","False"
"NTRS","4h,1day,1week,3day","4h,1day,1week,3day","4","4","1980-06-09T00:00:00","2026-05-06T13:30:00","17671","raw,processed","True","False"
"NTSK","4h,1day,1week,3day","4h,1day,1week,3day","4","4","2025-09-15T00:00:00","2026-05-06T13:30:00","562","raw,processed","True","False"
"NU","4h,1day,1week,3day","4h,1day,1week,3day","4","4","2021-12-06T00:00:00","2026-05-06T13:30:00","3901","raw,processed","True","False"
"NUE","4h,1day,1week,3day","4h,1day,1week,3day","4","4","1983-08-29T00:00:00","2026-05-06T13:30:00","20148","raw,processed","True","False"
"NUVL","4h,1day,1week,3day","4h,1day,1week,3day","4","4","2021-07-26T00:00:00","2026-05-06T13:30:00","4146","raw,processed","True","False"
"NVDA","4h,1day,1week,3day","4h,1day,1week,3day","4","4","1999-01-18T00:00:00","2026-05-06T13:30:00","14181","raw,processed","True","False"
"NVMI","4h,1day,1week,3day","4h,1day,1week,3day","4","4","2000-04-10T00:00:00","2026-05-06T13:30:00","13689","raw,processed","True","False"
"NVO","4h,1day,1week,3day","4h,1day,1week,3day","4","4","1981-07-06T00:00:00","2026-05-06T13:30:00","20802","raw,processed","True","False"
"NVR","4h,1day,1week,3day","4h,1day,1week,3day","4","4","1985-07-22T00:00:00","2026-05-06T13:30:00","19422","raw,processed","True","False"
"NVS","4h,1day,1week,3day","4h,1day,1week,3day","4","4","1996-11-04T00:00:00","2026-05-06T13:30:00","15020","raw,processed","True","False"
"NVST","4h,1day,1week,3day","4h,1day,1week,3day","4","4","2019-09-16T00:00:00","2026-05-06T13:30:00","5708","raw,processed","True","False"
"NVT","4h,1day,1week,3day","4h,1day,1week,3day","4","4","2018-04-23T00:00:00","2026-05-06T13:30:00","6700","raw,processed","True","False"
"NVTS","4h,1day,1week,3day","4h,1day,1week,3day","4","4","2021-10-18T00:00:00","2026-05-06T13:30:00","4009","raw,processed","True","False"
"NWE","4h,1day,1week,3day","4h,1day,1week,3day","4","4","2007-12-24T00:00:00","2026-05-06T13:30:00","10695","raw,processed","True","False"
"NWG","4h,1day,1week,3day","4h,1day,1week,3day","4","4","2007-10-15T00:00:00","2026-05-06T13:30:00","10658","raw,processed","True","False"
"NWS","4h,1day,1week,3day","4h,1day,1week,3day","4","4","2019-06-20T08:00:00","2026-05-06T13:30:00","5855","raw,processed","True","False"
"NWSA","4h,1day,1week,3day","4h,1day,1week,3day","4","4","2013-06-17T00:00:00","2026-05-06T13:30:00","8580","raw,processed","True","False"
"NXE","4h,1day,1week,3day","4h,1day,1week,3day","4","4","2013-08-12T00:00:00","2026-05-06T13:30:00","8494","raw,processed","True","False"
"NXPI","4h,1day,1week,3day","4h,1day,1week,3day","4","4","2010-08-02T00:00:00","2026-05-06T13:30:00","9696","raw,processed","True","False"
"NXST","4h,1day,1week,3day","4h,1day,1week,3day","4","4","2003-11-24T00:00:00","2026-05-06T13:30:00","12289","raw,processed","True","False"
"NXT","4h,1day,1week,3day","4h,1day,1week,3day","4","4","2023-02-06T00:00:00","2026-05-06T13:30:00","2839","raw,processed","True","False"
"NYT","4h,1day,1week,3day","4h,1day,1week,3day","4","4","1973-04-30T00:00:00","2026-05-06T13:30:00","24189","raw,processed","True","False"
"O","4h,1day,1week,3day","4h,1day,1week,3day","4","4","1994-10-17T00:00:00","2026-05-06T13:30:00","15822","raw,processed","True","False"
"OBDC","4h,1day,1week,3day","4h,1day,1week,3day","4","4","2019-07-15T00:00:00","2026-05-06T13:30:00","5637","raw,processed","True","False"
"OC","4h,1day,1week,3day","4h,1day,1week,3day","4","4","2006-10-30T00:00:00","2026-05-06T13:30:00","11170","raw,processed","True","False"
"ODFL","4h,1day,1week,3day","4h,1day,1week,3day","4","4","1991-10-21T00:00:00","2026-05-06T13:30:00","16987","raw,processed","True","False"
"OGC","4h,1day,1week,3day","4h,1day,1week,3day","4","4","2008-06-23T00:00:00","2026-05-06T13:30:00","6964","raw,processed","True","False"
"OGE","4h,1day,1week,3day","4h,1day,1week,3day","4","4","1987-12-28T00:00:00","2026-05-06T13:30:00","18474","raw,processed","True","False"
"OGN","4h,1day,1week,3day","4h,1day,1week,3day","4","4","2021-05-10T00:00:00","2026-05-06T13:30:00","4342","raw,processed","True","False"
"OGS","4h,1day,1week,3day","4h,1day,1week,3day","4","4","2014-01-13T00:00:00","2026-05-06T13:30:00","8368","raw,processed","True","False"
"OHI","4h,1day,1week,3day","4h,1day,1week,3day","4","4","1992-08-03T00:00:00","2026-05-06T13:30:00","16672","raw,processed","True","False"
"OII","4h,1day,1week,3day","4h,1day,1week,3day","4","4","1975-10-27T00:00:00","2026-05-06T13:30:00","23199","raw,processed","True","False"
"OKE","4h,1day,1week,3day","4h,1day,1week,3day","4","4","1980-09-29T00:00:00","2026-05-06T13:30:00","21290","raw,processed","True","False"
"OKLO","4h,1day,1week,3day","4h,1day,1week,3day","4","4","2024-04-29T00:00:00","2026-05-06T13:30:00","1766","raw,processed","True","False"
"OKTA","4h,1day,1week,3day","4h,1day,1week,3day","4","4","2017-04-03T00:00:00","2026-05-06T13:30:00","7103","raw,processed","True","False"
"OLED","4h,1day,1week,3day","4h,1day,1week,3day","4","4","1996-04-08T00:00:00","2026-05-06T13:30:00","15250","raw,processed","True","False"
"OLLI","4h,1day,1week,3day","4h,1day,1week,3day","4","4","2015-07-13T00:00:00","2026-05-06T13:30:00","7785","raw,processed","True","False"
"OMAB","4h,1day,1week,3day","4h,1day,1week,3day","4","4","2006-11-27T00:00:00","2026-05-06T13:30:00","11098","raw,processed","True","False"
"OMC","4h,1day,1week,3day","4h,1day,1week,3day","4","4","1981-07-27T00:00:00","2026-05-06T13:30:00","17647","raw,processed","True","False"
"OMF","4h,1day,1week,3day","4h,1day,1week,3day","4","4","2013-10-14T00:00:00","2026-05-06T13:30:00","8452","raw,processed","True","False"
"ON","4h,1day,1week,3day","4h,1day,1week,3day","4","4","2000-05-01T00:00:00","2026-05-06T13:30:00","13671","raw,processed","True","False"
"ONB","4h,1day,1week,3day","4h,1day,1week,3day","4","4","1984-06-18T00:00:00","2026-05-06T13:30:00","19404","raw,processed","True","False"
"ONC","4h,1day,1week,3day","4h,1day,1week,3day","4","4","2016-02-01T00:00:00","2026-05-06T13:30:00","7554","raw,processed","True","False"
"ONDS","4h,1day,1week,3day","4h,1day,1week,3day","4","4","2020-02-14T11:00:00","2026-05-06T13:30:00","4376","raw,processed","True","False"
"ONON","4h,1day,1week,3day","4h,1day,1week,3day","4","4","2021-09-13T00:00:00","2026-05-06T13:30:00","4098","raw,processed","True","False"
"ONTO","4h,1day,1week,3day","4h,1day,1week,3day","4","4","2019-10-28T00:00:00","2026-05-06T13:30:00","5662","raw,processed","True","False"
"OPEN","4h,1day,1week,3day","4h,1day,1week,3day","4","4","2020-06-15T00:00:00","2026-05-06T13:30:00","4961","raw,processed","True","False"
"OPLN","4h,1day,1week,3day","4h,1day,1week,3day","4","4","2009-12-07T00:00:00","2026-05-06T13:30:00","6532","raw,processed","True","False"
"OR","4h,1day,1week,3day","4h,1day,1week,3day","4","4","2016-07-04T00:00:00","2026-05-06T13:30:00","7405","raw,processed","True","False"
"ORA","4h,1day,1week,3day","4h,1day,1week,3day","4","4","2004-11-08T00:00:00","2026-05-06T13:30:00","11898","raw,processed","True","False"
"ORCL","4h,1day,1week,3day","4h,1day,1week,3day","4","4","1986-03-10T00:00:00","2026-05-06T13:30:00","19164","raw,processed","True","False"
"ORI","4h,1day,1week,3day","4h,1day,1week,3day","4","4","1981-08-03T00:00:00","2026-05-06T13:30:00","17622","raw,processed","True","False"
"ORLA","4h,1day,1week,3day","4h,1day,1week,3day","4","4","2017-02-13T00:00:00","2026-05-06T13:30:00","6226","raw,processed","True","False"
"ORLY","4h,1day,1week,3day","4h,1day,1week,3day","4","4","1993-04-19T00:00:00","2026-05-06T13:30:00","16388","raw,processed","True","False"
"OSCR","4h,1day,1week,3day","4h,1day,1week,3day","4","4","2021-03-01T00:00:00","2026-05-06T13:30:00","4464","raw,processed","True","False"
"OSIS","4h,1day,1week,3day","4h,1day,1week,3day","4","4","1997-09-29T00:00:00","2026-05-06T13:30:00","14654","raw,processed","True","False"
"OSK","4h,1day,1week,3day","4h,1day,1week,3day","4","4","1987-06-22T00:00:00","2026-05-06T13:30:00","17617","raw,processed","True","False"
"OTEX","4h,1day,1week,3day","4h,1day,1week,3day","4","4","1996-01-22T00:00:00","2026-05-06T13:30:00","15332","raw,processed","True","False"
"OTF","4h,1day,1week,3day","4h,1day,1week,3day","4","4","2025-06-09T00:00:00","2026-05-06T13:30:00","799","raw,processed","True","False"
"OTIS","4h,1day,1week,3day","4h,1day,1week,3day","4","4","2020-03-16T00:00:00","2026-05-06T13:30:00","5379","raw,processed","True","False"
"OTTR","4h,1day,1week,3day","4h,1day,1week,3day","4","4","1974-03-18T00:00:00","2026-05-06T13:30:00","17610","raw,processed","True","False"
"OUT","4h,1day,1week,3day","4h,1day,1week,3day","4","4","2014-03-24T00:00:00","2026-05-06T13:30:00","8278","raw,processed","True","False"
"OVV","4h,1day,1week,3day","4h,1day,1week,3day","4","4","2002-04-01T00:00:00","2026-05-06T13:30:00","12477","raw,processed","True","False"
"OWL","4h,1day,1week,3day","4h,1day,1week,3day","4","4","2020-12-13T00:00:00","2026-05-06T13:30:00","4554","raw,processed","True","False"
"OXY","4h,1day,1week,3day","4h,1day,1week,3day","4","4","1981-12-28T00:00:00","2026-05-06T13:30:00","20813","raw,processed","True","False"
"OZK","4h,1day,1week,3day","4h,1day,1week,3day","4","4","1997-07-14T00:00:00","2026-05-06T13:30:00","14752","raw,processed","True","False"
"P","4h,1day,1week,3day","4h,1day,1week,3day","4","4","2011-06-13T00:00:00","2026-05-06T13:30:00","3010","raw,processed","True","False"
"PAAS","4h,1day,1week,3day","4h,1day,1week,3day","4","4","1995-06-05T00:00:00","2026-05-06T13:30:00","15578","raw,processed","True","False"
"PAC","4h,1day,1week,3day","4h,1day,1week,3day","4","4","2006-02-27T00:00:00","2026-05-06T13:30:00","11414","raw,processed","True","False"
"PACS","4h,1day,1week,3day","4h,1day,1week,3day","4","4","2024-04-08T00:00:00","2026-05-06T13:30:00","1832","raw,processed","True","False"
"PAG","4h,1day,1week,3day","4h,1day,1week,3day","4","4","1996-10-21T00:00:00","2026-05-06T13:30:00","15032","raw,processed","True","False"
"PAGP","4h,1day,1week,3day","4h,1day,1week,3day","4","4","2013-10-14T00:00:00","2026-05-06T13:30:00","8452","raw,processed","True","False"
"PAM","4h,1day,1week,3day","4h,1day,1week,3day","4","4","2009-10-05T00:00:00","2026-05-06T13:30:00","10013","raw,processed","True","False"
"PANW","4h,1day,1week,3day","4h,1day,1week,3day","4","4","2012-07-16T00:00:00","2026-05-06T13:30:00","8941","raw,processed","True","False"
"PATH","4h,1day,1week,3day","4h,1day,1week,3day","4","4","2021-04-19T00:00:00","2026-05-06T13:30:00","4415","raw,processed","True","False"
"PAYC","4h,1day,1week,3day","4h,1day,1week,3day","4","4","2014-04-14T00:00:00","2026-05-06T13:30:00","8275","raw,processed","True","False"
"PAYP","4h,1day,1week,3day","4h,1day,1week,3day","4","4","2026-03-09T00:00:00","2026-05-06T13:30:00","139","raw,processed","True","False"
"PAYX","4h,1day,1week,3day","4h,1day,1week,3day","4","4","1983-12-05T00:00:00","2026-05-06T13:30:00","17601","raw,processed","True","False"
"PB","4h,1day,1week,3day","4h,1day,1week,3day","4","4","1998-11-09T00:00:00","2026-05-06T13:30:00","14220","raw,processed","True","False"
"PBA","4h,1day,1week,3day","4h,1day,1week,3day","4","4","2010-10-04T00:00:00","2026-05-06T13:30:00","9650","raw,processed","True","False"
"PBF","4h,1day,1week,3day","4h,1day,1week,3day","4","4","2012-12-10T00:00:00","2026-05-06T13:30:00","8782","raw,processed","True","False"
"PBR","4h,1day,1week,3day","4h,1day,1week,3day","4","4","2000-08-07T00:00:00","2026-05-06T13:30:00","13542","raw,processed","True","False"
"PCAR","4h,1day,1week,3day","4h,1day,1week,3day","4","4","1981-08-03T00:00:00","2026-05-06T13:30:00","19047","raw,processed","True","False"
"PCG","4h,1day,1week,3day","4h,1day,1week,3day","4","4","1972-05-29T00:00:00","2026-05-06T13:30:00","24527","raw,processed","True","False"
"PCOR","4h,1day,1week,3day","4h,1day,1week,3day","4","4","2021-05-17T00:00:00","2026-05-06T13:30:00","4381","raw,processed","True","False"
"PCTY","4h,1day,1week,3day","4h,1day,1week,3day","4","4","2014-03-17T00:00:00","2026-05-06T13:30:00","8294","raw,processed","True","False"
"PCVX","4h,1day,1week,3day","4h,1day,1week,3day","4","4","2020-06-08T00:00:00","2026-05-06T13:30:00","4935","raw,processed","True","False"
"PDD","4h,1day,1week,3day","4h,1day,1week,3day","4","4","2018-07-23T00:00:00","2026-05-06T13:30:00","6594","raw,processed","True","False"
"PECO","4h,1day,1week,3day","4h,1day,1week,3day","4","4","2021-02-22T00:00:00","2026-05-06T13:30:00","4316","raw,processed","True","False"
"PEG","4h,1day,1week,3day","4h,1day,1week,3day","4","4","1979-12-31T00:00:00","2026-05-06T13:30:00","21572","raw,processed","True","False"
"PEGA","4h,1day,1week,3day","4h,1day,1week,3day","4","4","1996-07-15T00:00:00","2026-05-06T13:30:00","15134","raw,processed","True","False"
"PEN","4h,1day,1week,3day","4h,1day,1week,3day","4","4","2015-09-14T00:00:00","2026-05-06T13:30:00","7709","raw,processed","True","False"
"PEP","4h,1day,1week,3day","4h,1day,1week,3day","4","4","1972-05-29T00:00:00","2026-05-06T13:30:00","24533","raw,processed","True","False"
"PFE","4h,1day,1week,3day","4h,1day,1week,3day","4","4","1972-05-29T00:00:00","2026-05-06T13:30:00","24540","raw,processed","True","False"
"PFG","4h,1day,1week,3day","4h,1day,1week,3day","4","4","2001-10-22T00:00:00","2026-05-06T13:30:00","13092","raw,processed","True","False"
"PFGC","4h,1day,1week,3day","4h,1day,1week,3day","4","4","2015-09-28T00:00:00","2026-05-06T13:30:00","7702","raw,processed","True","False"
"PFSI","4h,1day,1week,3day","4h,1day,1week,3day","4","4","2013-05-06T00:00:00","2026-05-06T13:30:00","8650","raw,processed","True","False"
"PG","4h,1day,1week,3day","4h,1day,1week,3day","4","4","1969-12-29T00:00:00","2026-05-06T13:30:00","25469","raw,processed","True","False"
"PGR","4h,1day,1week,3day","4h,1day,1week,3day","4","4","1980-04-14T00:00:00","2026-05-06T13:30:00","19217","raw,processed","True","False"
"PH","4h,1day,1week,3day","4h,1day,1week,3day","4","4","1985-06-24T00:00:00","2026-05-06T13:30:00","19450","raw,processed","True","False"
"PHG","4h,1day,1week,3day","4h,1day,1week,3day","4","4","1980-04-07T00:00:00","2026-05-06T13:30:00","18472","raw,processed","True","False"
"PHI","4h,1day,1week,3day","4h,1day,1week,3day","4","4","1973-04-30T00:00:00","2026-05-06T13:30:00","24145","raw,processed","True","False"
"PHM","4h,1day,1week,3day","4h,1day,1week,3day","4","4","1980-03-17T00:00:00","2026-05-06T13:30:00","19463","raw,processed","True","False"
"PI","4h,1day,1week,3day","4h,1day,1week,3day","4","4","2016-07-18T00:00:00","2026-05-06T13:30:00","7383","raw,processed","True","False"
"PII","4h,1day,1week,3day","4h,1day,1week,3day","4","4","1987-09-14T00:00:00","2026-05-06T13:30:00","18586","raw,processed","True","False"
"PINS","4h,1day,1week,3day","4h,1day,1week,3day","4","4","2019-04-15T00:00:00","2026-05-06T13:30:00","6335","raw,processed","True","False"
"PIPR","4h,1day,1week,3day","4h,1day,1week,3day","4","4","2003-12-29T00:00:00","2026-05-06T13:30:00","11793","raw,processed","True","False"
"PJT","4h,1day,1week,3day","4h,1day,1week,3day","4","4","2015-09-21T00:00:00","2026-05-06T13:30:00","7690","raw,processed","True","False"
"PKG","4h,1day,1week,3day","4h,1day,1week,3day","4","4","2000-01-24T00:00:00","2026-05-06T13:30:00","13762","raw,processed","True","False"
"PKX","4h,1day,1week,3day","4h,1day,1week,3day","4","4","1994-10-10T00:00:00","2026-05-06T13:30:00","15827","raw,processed","True","False"
"PL","4h,1day,1week,3day","4h,1day,1week,3day","4","4","2021-04-26T00:00:00","2026-05-06T13:30:00","4142","raw,processed","True","False"
"PLD","4h,1day,1week,3day","4h,1day,1week,3day","4","4","1997-11-17T00:00:00","2026-05-06T13:30:00","14615","raw,processed","True","False"
"PLNT","4h,1day,1week,3day","4h,1day,1week,3day","4","4","2015-08-03T00:00:00","2026-05-06T13:30:00","7777","raw,processed","True","False"
"PLTR","4h,1day,1week,3day","4h,1day,1week,3day","4","4","2020-09-28T00:00:00","2026-05-06T13:30:00","4932","raw,processed","True","False"
"PLUG","4h,1day,1week,3day","4h,1day,1week,3day","4","4","1999-10-25T00:00:00","2026-05-06T13:30:00","13872","raw,processed","True","False"
"PLXS","4h,1day,1week,3day","4h,1day,1week,3day","4","4","1986-10-13T00:00:00","2026-05-06T13:30:00","17650","raw,processed","True","False"
"PM","4h,1day,1week,3day","4h,1day,1week,3day","4","4","2008-03-10T00:00:00","2026-05-06T13:30:00","10617","raw,processed","True","False"
"PNC","4h,1day,1week,3day","4h,1day,1week,3day","4","4","1976-06-28T00:00:00","2026-05-06T13:30:00","18274","raw,processed","True","False"
"PNFP","4h,1day,1week,3day","4h,1day,1week,3day","4","4","2000-08-21T00:00:00","2026-05-06T13:30:00","13542","raw,processed","True","False"
"PNR","4h,1day,1week,3day","4h,1day,1week,3day","4","4","1973-04-30T00:00:00","2026-05-06T13:30:00","24178","raw,processed","True","False"
"PNW","4h,1day,1week,3day","4h,1day,1week,3day","4","4","1975-04-07T00:00:00","2026-05-06T13:30:00","19831","raw,processed","True","False"
"PODD","4h,1day,1week,3day","4h,1day,1week,3day","4","4","2007-05-14T00:00:00","2026-05-06T13:30:00","10948","raw,processed","True","False"
"PONY","4h,1day,1week,3day","4h,1day,1week,3day","4","4","2024-11-25T00:00:00","2026-05-06T13:30:00","1267","raw,processed","True","False"
"POOL","4h,1day,1week,3day","4h,1day,1week,3day","4","4","1995-10-09T00:00:00","2026-05-06T13:30:00","15425","raw,processed","True","False"
"POR","4h,1day,1week,3day","4h,1day,1week,3day","4","4","2006-03-27T00:00:00","2026-05-06T13:30:00","11384","raw,processed","True","False"
"POST","4h,1day,1week,3day","4h,1day,1week,3day","4","4","2012-01-23T00:00:00","2026-05-06T13:30:00","9132","raw,processed","True","False"
"POWI","4h,1day,1week,3day","4h,1day,1week,3day","4","4","1997-12-08T00:00:00","2026-05-06T13:30:00","14597","raw,processed","True","False"
"POWL","4h,1day,1week,3day","4h,1day,1week,3day","4","4","1980-03-10T00:00:00","2026-05-06T13:30:00","21485","raw,processed","True","False"
"PPC","4h,1day,1week,3day","4h,1day,1week,3day","4","4","1987-12-28T00:00:00","2026-05-06T13:30:00","18444","raw,processed","True","False"
"PPG","4h,1day,1week,3day","4h,1day,1week,3day","4","4","1983-04-04T00:00:00","2026-05-06T13:30:00","20322","raw,processed","True","False"
"PPL","4h,1day,1week,3day","4h,1day,1week,3day","4","4","1985-04-01T00:00:00","2026-05-06T13:30:00","19528","raw,processed","True","False"
"PR","4h,1day,1week,3day","4h,1day,1week,3day","4","4","2016-04-11T00:00:00","2026-05-06T13:30:00","5728","raw,processed","True","False"
"PRAX","4h,1day,1week,3day","4h,1day,1week,3day","4","4","2020-10-12T00:00:00","2026-05-06T13:30:00","4903","raw,processed","True","False"
"PRI","4h,1day,1week,3day","4h,1day,1week,3day","4","4","2010-03-29T00:00:00","2026-05-06T13:30:00","9834","raw,processed","True","False"
"PRIM","4h,1day,1week,3day","4h,1day,1week,3day","4","4","2008-08-04T00:00:00","2026-05-06T13:30:00","10451","raw,processed","True","False"
"PRM","4h,1day,1week,3day","4h,1day,1week,3day","4","4","2021-11-08T00:00:00","2026-05-06T13:30:00","3933","raw,processed","True","False"
"PRMB","4h,1day,1week,3day","4h,1day,1week,3day","4","4","1992-06-15T00:00:00","2026-05-06T13:30:00","13876","raw,processed","True","False"
"PRU","4h,1day,1week,3day","4h,1day,1week,3day","4","4","2001-12-10T00:00:00","2026-05-06T13:30:00","13040","raw,processed","True","False"
"PS","4h,1day,1week,3day","4h,1day,1week,3day","4","4","2005-12-05T00:00:00","2026-05-06T13:30:00","5625","raw,processed","True","False"
"PSA","4h,1day,1week,3day","4h,1day,1week,3day","4","4","1980-11-17T00:00:00","2026-05-06T13:30:00","21246","raw,processed","True","False"
"PSKY","4h,1day,1week,3day","4h,1day,1week,3day","4","4","2005-12-05T00:00:00","2026-05-06T13:30:00","8286","raw,processed","True","False"
"PSMT","4h,1day,1week,3day","4h,1day,1week,3day","4","4","1997-08-18T00:00:00","2026-05-06T13:30:00","14635","raw,processed","True","False"
"PSN","4h,1day,1week,3day","4h,1day,1week,3day","4","4","2019-05-06T00:00:00","2026-05-06T13:30:00","6285","raw,processed","True","False"
"PSO","4h,1day,1week,3day","4h,1day,1week,3day","4","4","1996-11-18T00:00:00","2026-05-06T13:30:00","14999","raw,processed","True","False"
"PSX","4h,1day,1week,3day","4h,1day,1week,3day","4","4","2012-04-09T00:00:00","2026-05-06T13:30:00","9040","raw,processed","True","False"
"PTC","4h,1day,1week,3day","4h,1day,1week,3day","4","4","1990-03-19T00:00:00","2026-05-06T13:30:00","17600","raw,processed","True","False"
"PTCT","4h,1day,1week,3day","4h,1day,1week,3day","4","4","2013-06-17T00:00:00","2026-05-06T13:30:00","8601","raw,processed","True","False"
"PTEN","4h,1day,1week,3day","4h,1day,1week,3day","4","4","1993-11-01T00:00:00","2026-05-06T13:30:00","16192","raw,processed","True","False"
"PTGX","4h,1day,1week,3day","4h,1day,1week,3day","4","4","2016-08-08T00:00:00","2026-05-06T13:30:00","7359","raw,processed","True","False"
"PUK","4h,1day,1week,3day","4h,1day,1week,3day","4","4","2000-06-26T00:00:00","2026-05-06T13:30:00","13612","raw,processed","True","False"
"PVH","4h,1day,1week,3day","4h,1day,1week,3day","4","4","1980-04-07T00:00:00","2026-05-06T13:30:00","18731","raw,processed","True","False"
"PWR","4h,1day,1week,3day","4h,1day,1week,3day","4","4","1998-02-09T00:00:00","2026-05-06T13:30:00","14531","raw,processed","True","False"
"PYPL","4h,1day,1week,3day","4h,1day,1week,3day","4","4","2015-07-06T00:00:00","2026-05-06T13:30:00","7798","raw,processed","True","False"
"Q","4h,1day,1week,3day","4h,1day,1week,3day","4","4","2025-10-27T00:00:00","2026-05-06T13:30:00","455","raw,processed","True","False"
"QBTS","4h,1day,1week,3day","4h,1day,1week,3day","4","4","2020-12-07T00:00:00","2026-05-06T13:30:00","3953","raw,processed","True","False"
"QCOM","4h,1day,1week,3day","4h,1day,1week,3day","4","4","1991-12-09T00:00:00","2026-05-06T13:30:00","16936","raw,processed","True","False"
"QGEN","4h,1day,1week,3day","4h,1day,1week,3day","4","4","1996-06-24T00:00:00","2026-05-06T13:30:00","15164","raw,processed","True","False"
"QRVO","4h,1day,1week,3day","4h,1day,1week,3day","4","4","2014-12-29T00:00:00","2026-05-06T13:30:00","7985","raw,processed","True","False"
"QS","4h,1day,1week,3day","4h,1day,1week,3day","4","4","2020-08-17T00:00:00","2026-05-06T13:30:00","4904","raw,processed","True","False"
"QSR","4h,1day,1week,3day","4h,1day,1week,3day","4","4","2014-12-08T00:00:00","2026-05-06T13:30:00","8001","raw,processed","True","False"
"QXO","4h,1day,1week,3day","4h,1day,1week,3day","4","4","2024-05-27T00:00:00","2026-05-06T13:30:00","1701","raw,processed","True","False"
"R","4h,1day,1week,3day","4h,1day,1week,3day","4","4","1979-12-31T00:00:00","2026-05-06T13:30:00","21571","raw,processed","True","False"
"RACE","4h,1day,1week,3day","4h,1day,1week,3day","4","4","2015-10-19T00:00:00","2026-05-06T13:30:00","7683","raw,processed","True","False"
"RAL","4h,1day,1week,3day","4h,1day,1week,3day","4","4","2025-06-23T00:00:00","2026-05-06T13:30:00","764","raw,processed","True","False"
"RBA","4h,1day,1week,3day","4h,1day,1week,3day","4","4","1998-03-09T00:00:00","2026-05-06T13:30:00","14502","raw,processed","True","False"
"RBC","4h,1day,1week,3day","4h,1day,1week,3day","4","4","2005-08-08T00:00:00","2026-05-06T13:30:00","10564","raw,processed","True","False"
"RBLX","4h,1day,1week,3day","4h,1day,1week,3day","4","4","2021-03-08T00:00:00","2026-05-06T13:30:00","4560","raw,processed","True","False"
"RBRK","4h,1day,1week,3day","4h,1day,1week,3day","4","4","2024-04-22T00:00:00","2026-05-06T13:30:00","1797","raw,processed","True","False"
"RCI","4h,1day,1week,3day","4h,1day,1week,3day","4","4","1996-01-08T00:00:00","2026-05-06T13:30:00","15341","raw,processed","True","False"
"RCL","4h,1day,1week,3day","4h,1day,1week,3day","4","4","1993-04-26T00:00:00","2026-05-06T13:30:00","16424","raw,processed","True","False"
"RDDT","4h,1day,1week,3day","4h,1day,1week,3day","4","4","2024-03-18T00:00:00","2026-05-06T13:30:00","1879","raw,processed","True","False"
"RDN","4h,1day,1week,3day","4h,1day,1week,3day","4","4","1992-10-26T00:00:00","2026-05-06T13:30:00","16587","raw,processed","True","False"
"RDNT","4h,1day,1week,3day","4h,1day,1week,3day","4","4","1996-12-30T00:00:00","2026-05-06T13:30:00","14951","raw,processed","True","False"
"RDY","4h,1day,1week,3day","4h,1day,1week,3day","4","4","2001-04-09T00:00:00","2026-05-06T13:30:00","13297","raw,processed","True","False"
"REG","4h,1day,1week,3day","4h,1day,1week,3day","4","4","1993-10-25T00:00:00","2026-05-06T13:30:00","16198","raw,processed","True","False"
"REGN","4h,1day,1week,3day","4h,1day,1week,3day","4","4","1991-04-01T00:00:00","2026-05-06T13:30:00","17209","raw,processed","True","False"
"RELX","4h,1day,1week,3day","4h,1day,1week,3day","4","4","1994-10-03T00:00:00","2026-05-06T13:30:00","15835","raw,processed","True","False"
"RELY","4h,1day,1week,3day","4h,1day,1week,3day","4","4","2021-09-20T00:00:00","2026-05-06T13:30:00","4086","raw,processed","True","False"
"REXR","4h,1day,1week,3day","4h,1day,1week,3day","4","4","2013-07-15T00:00:00","2026-05-06T13:30:00","8564","raw,processed","True","False"
"REYN","4h,1day,1week,3day","4h,1day,1week,3day","4","4","2020-01-27T00:00:00","2026-05-06T13:30:00","5563","raw,processed","True","False"
"REZI","4h,1day,1week,3day","4h,1day,1week,3day","4","4","2018-10-29T00:00:00","2026-05-06T13:30:00","6511","raw,processed","True","False"
"RF","4h,1day,1week,3day","4h,1day,1week,3day","4","4","1980-03-17T00:00:00","2026-05-06T13:30:00","17660","raw,processed","True","False"
"RGA","4h,1day,1week,3day","4h,1day,1week,3day","4","4","2008-09-08T00:00:00","2026-05-06T13:30:00","10445","raw,processed","True","False"
"RGC","4h,1day,1week,3day","4h,1day,1week,3day","4","4","2021-07-12T00:00:00","2026-05-06T13:30:00","3693","raw,processed","True","False"
"RGEN","4h,1day,1week,3day","4h,1day,1week,3day","4","4","1988-09-12T00:00:00","2026-05-06T13:30:00","17614","raw,processed","True","False"
"RGLD","4h,1day,1week,3day","4h,1day,1week,3day","4","4","1981-08-03T00:00:00","2026-05-06T13:30:00","17647","raw,processed","True","False"
"RGTI","4h,1day,1week,3day","4h,1day,1week,3day","4","4","2021-04-19T00:00:00","2026-05-06T13:30:00","3816","raw,processed","True","False"
"RHP","4h,1day,1week,3day","4h,1day,1week,3day","4","4","1991-10-21T00:00:00","2026-05-06T13:30:00","16987","raw,processed","True","False"
"RIG","4h,1day,1week,3day","4h,1day,1week,3day","4","4","1993-05-24T00:00:00","2026-05-06T13:30:00","16344","raw,processed","True","False"
"RIO","4h,1day,1week,3day","4h,1day,1week,3day","4","4","1990-06-25T00:00:00","2026-05-06T13:30:00","17501","raw,processed","True","False"
"RIOT","4h,1day,1week,3day","4h,1day,1week,3day","4","4","2016-03-28T00:00:00","2026-05-06T13:30:00","7506","raw,processed","True","False"
"RITM","4h,1day,1week,3day","4h,1day,1week,3day","4","4","2013-04-29T00:00:00","2026-05-06T13:30:00","7338","raw,processed","True","False"
"RIVN","4h,1day,1week,3day","4h,1day,1week,3day","4","4","2021-11-08T00:00:00","2026-05-06T13:30:00","3969","raw,processed","True","False"
"RJF","4h,1day,1week,3day","4h,1day,1week,3day","4","4","1983-07-25T00:00:00","2026-05-06T13:30:00","18519","raw,processed","True","False"
"RKLB","4h,1day,1week,3day","4h,1day,1week,3day","4","4","2020-11-23T00:00:00","2026-05-06T13:30:00","4400","raw,processed","True","False"
"RKT","4h,1day,1week,3day","4h,1day,1week,3day","4","4","2020-08-03T00:00:00","2026-05-06T13:30:00","5067","raw,processed","True","False"
"RL","4h,1day,1week,3day","4h,1day,1week,3day","4","4","1997-06-09T00:00:00","2026-05-06T13:30:00","14786","raw,processed","True","False"
"RLI","4h,1day,1week,3day","4h,1day,1week,3day","4","4","1980-03-10T00:00:00","2026-05-06T13:30:00","21495","raw,processed","True","False"
"RMBS","4h,1day,1week,3day","4h,1day,1week,3day","4","4","1997-05-12T00:00:00","2026-05-06T13:30:00","14803","raw,processed","True","False"
"RMD","4h,1day,1week,3day","4h,1day,1week,3day","4","4","1995-05-29T00:00:00","2026-05-06T13:30:00","15567","raw,processed","True","False"
"RNG","4h,1day,1week,3day","4h,1day,1week,3day","4","4","2013-09-23T00:00:00","2026-05-06T13:30:00","8479","raw,processed","True","False"
"RNR","4h,1day,1week,3day","4h,1day,1week,3day","4","4","1995-07-24T00:00:00","2026-05-06T13:30:00","15508","raw,processed","True","False"
"RNST","4h,1day,1week,3day","4h,1day,1week,3day","4","4","1992-04-20T00:00:00","2026-05-06T13:30:00","16786","raw,processed","True","False"
"ROAD","4h,1day,1week,3day","4h,1day,1week,3day","4","4","2018-04-30T00:00:00","2026-05-06T13:30:00","6682","raw,processed","True","False"
"ROIV","4h,1day,1week,3day","4h,1day,1week,3day","4","4","2020-12-07T00:00:00","2026-05-06T13:30:00","4387","raw,processed","True","False"
"ROK","4h,1day,1week,3day","4h,1day,1week,3day","4","4","1981-12-28T00:00:00","2026-05-06T13:30:00","20801","raw,processed","True","False"
"ROKU","4h,1day,1week,3day","4h,1day,1week,3day","4","4","2017-09-25T00:00:00","2026-05-06T13:30:00","6935","raw,processed","True","False"
"ROL","4h,1day,1week,3day","4h,1day,1week,3day","4","4","1987-12-28T00:00:00","2026-05-06T13:30:00","18473","raw,processed","True","False"
"ROP","4h,1day,1week,3day","4h,1day,1week,3day","4","4","1992-02-10T00:00:00","2026-05-06T13:30:00","16871","raw,processed","True","False"
"ROST","4h,1day,1week,3day","4h,1day,1week,3day","4","4","1986-07-07T00:00:00","2026-05-06T13:30:00","19054","raw,processed","True","False"
"RPM","4h,1day,1week,3day","4h,1day,1week,3day","4","4","1981-08-03T00:00:00","2026-05-06T13:30:00","17587","raw,processed","True","False"
"RPRX","4h,1day,1week,3day","4h,1day,1week,3day","4","4","2020-06-15T00:00:00","2026-05-06T13:30:00","5036","raw,processed","True","False"
"RRC","4h,1day,1week,3day","4h,1day,1week,3day","4","4","1981-08-03T00:00:00","2026-05-06T13:30:00","18215","raw,processed","True","False"
"RRR","4h,1day,1week,3day","4h,1day,1week,3day","4","4","2016-04-25T00:00:00","2026-05-06T13:30:00","7485","raw,processed","True","False"
"RRX","4h,1day,1week,3day","4h,1day,1week,3day","4","4","1980-03-17T00:00:00","2026-05-06T13:30:00","20152","raw,processed","True","False"
"RS","4h,1day,1week,3day","4h,1day,1week,3day","4","4","1994-09-12T00:00:00","2026-05-06T13:30:00","15855","raw,processed","True","False"
"RSG","4h,1day,1week,3day","4h,1day,1week,3day","4","4","1998-06-29T00:00:00","2026-05-06T13:30:00","14388","raw,processed","True","False"
"RSI","4h,1day,1week,3day","4h,1day,1week,3day","4","4","2020-04-27T00:00:00","2026-05-06T13:30:00","4969","raw,processed","True","False"
"RTO","4h,1day,1week,3day","4h,1day,1week,3day","4","4","1996-11-18T00:00:00","2026-05-06T13:30:00","11130","raw,processed","True","False"
"RTX","4h,1day,1week,3day","4h,1day,1week,3day","4","4","1969-12-29T00:00:00","2026-05-06T13:30:00","24884","raw,processed","True","False"
"RUSHA","4h,1day,1week,3day","4h,1day,1week,3day","4","4","2003-10-06T00:00:00","2026-05-06T13:30:00","12280","raw,processed","True","False"
"RUSHB","4h,1day,1week,3day","4h,1day,1week,3day","4","4","1996-06-03T00:00:00","2026-05-06T13:30:00","15141","raw,processed","True","False"
"RVMD","4h,1day,1week,3day","4h,1day,1week,3day","4","4","2020-02-10T00:00:00","2026-05-06T13:30:00","5539","raw,processed","True","False"
"RVTY","4h,1day,1week,3day","4h,1day,1week,3day","4","4","1973-02-19T00:00:00","2026-05-06T13:30:00","20392","raw,processed","True","False"
"RY","4h,1day,1week,3day","4h,1day,1week,3day","4","4","1995-10-16T00:00:00","2026-05-06T13:30:00","15425","raw,processed","True","False"
"RYAAY","4h,1day,1week,3day","4h,1day,1week,3day","4","4","1997-05-26T00:00:00","2026-05-06T13:30:00","14811","raw,processed","True","False"
"RYAN","4h,1day,1week,3day","4h,1day,1week,3day","4","4","2021-07-19T00:00:00","2026-05-06T13:30:00","4154","raw,processed","True","False"
"RYN","4h,1day,1week,3day","4h,1day,1week,3day","4","4","1994-02-14T00:00:00","2026-05-06T13:30:00","16080","raw,processed","True","False"
"RYTM","4h,1day,1week,3day","4h,1day,1week,3day","4","4","2017-10-09T00:00:00","2026-05-06T13:30:00","6902","raw,processed","True","False"
"S","4h,1day,1week,3day","4h,1day,1week,3day","4","4","2019-06-20T08:00:00","2026-05-06T13:30:00","4788","raw,processed","True","False"
"SAIA","4h,1day,1week,3day","4h,1day,1week,3day","4","4","2002-09-09T00:00:00","2026-05-06T13:30:00","12752","raw,processed","True","False"
"SAIC","4h,1day,1week,3day","4h,1day,1week,3day","4","4","2013-09-16T00:00:00","2026-05-06T13:30:00","8488","raw,processed","True","False"
"SAIL","4h,1day,1week,3day","4h,1day,1week,3day","4","4","2019-06-20T08:00:00","2026-05-06T13:30:00","2827","raw,processed","True","False"
"SAN","4h,1day,1week,3day","4h,1day,1week,3day","4","4","1988-01-04T00:00:00","2026-05-06T13:30:00","18466","raw,processed","True","False"
"SANM","4h,1day,1week,3day","4h,1day,1week,3day","4","4","1993-04-12T00:00:00","2026-05-06T13:30:00","16414","raw,processed","True","False"
"SAP","4h,1day,1week,3day","4h,1day,1week,3day","4","4","1995-09-18T00:00:00","2026-05-06T13:30:00","15473","raw,processed","True","False"
"SARO","4h,1day,1week,3day","4h,1day,1week,3day","4","4","2024-09-30T00:00:00","2026-05-06T13:30:00","1408","raw,processed","True","False"
"SATS","4h,1day,1week,3day","4h,1day,1week,3day","4","4","2007-12-31T00:00:00","2026-05-06T13:30:00","10679","raw,processed","True","False"
"SBAC","4h,1day,1week,3day","4h,1day,1week,3day","4","4","1999-06-14T00:00:00","2026-05-06T13:30:00","13988","raw,processed","True","False"
"SBRA","4h,1day,1week,3day","4h,1day,1week,3day","4","4","2002-04-01T00:00:00","2026-05-06T13:30:00","12936","raw,processed","True","False"
"SBS","4h,1day,1week,3day","4h,1day,1week,3day","4","4","2002-05-06T00:00:00","2026-05-06T13:30:00","12884","raw,processed","True","False"
"SBSW","4h,1day,1week,3day","4h,1day,1week,3day","4","4","2013-02-04T00:00:00","2026-05-06T13:30:00","8142","raw,processed","True","False"
"SBUX","4h,1day,1week,3day","4h,1day,1week,3day","4","4","1992-06-22T00:00:00","2026-05-06T13:30:00","16717","raw,processed","True","False"
"SCCO","4h,1day,1week,3day","4h,1day,1week,3day","4","4","1996-01-01T00:00:00","2026-05-06T13:30:00","15350","raw,processed","True","False"
"SCHW","4h,1day,1week,3day","4h,1day,1week,3day","4","4","1987-09-21T00:00:00","2026-05-06T13:30:00","18576","raw,processed","True","False"
"SCI","4h,1day,1week,3day","4h,1day,1week,3day","4","4","1980-03-31T00:00:00","2026-05-06T13:30:00","18640","raw,processed","True","False"
"SE","4h,1day,1week,3day","4h,1day,1week,3day","4","4","2017-10-16T00:00:00","2026-05-06T13:30:00","6907","raw,processed","True","False"
"SEB","4h,1day,1week,3day","4h,1day,1week,3day","4","4","1973-02-26T00:00:00","2026-05-06T13:30:00","23009","raw,processed","True","False"
"SEI","4h,1day,1week,3day","4h,1day,1week,3day","4","4","2017-05-08T00:00:00","2026-05-06T13:30:00","4300","raw,processed","True","False"
"SEIC","4h,1day,1week,3day","4h,1day,1week,3day","4","4","1981-08-03T00:00:00","2026-05-06T13:30:00","17626","raw,processed","True","False"
"SF","4h,1day,1week,3day","4h,1day,1week,3day","4","4","1983-07-18T00:00:00","2026-05-06T13:30:00","20193","raw,processed","True","False"
"SFBS","4h,1day,1week,3day","4h,1day,1week,3day","4","4","2014-05-12T00:00:00","2026-05-06T13:30:00","8214","raw,processed","True","False"
"SFD","4h,1day,1week,3day","4h,1day,1week,3day","4","4","2025-01-27T00:00:00","2026-05-06T13:30:00","1130","raw,processed","True","False"
"SFM","4h,1day,1week,3day","4h,1day,1week,3day","4","4","2013-07-29T00:00:00","2026-05-06T13:30:00","8540","raw,processed","True","False"
"SGHC","4h,1day,1week,3day","4h,1day,1week,3day","4","4","2020-11-23T00:00:00","2026-05-06T13:30:00","3972","raw,processed","True","False"
"SGI","4h,1day,1week,3day","4h,1day,1week,3day","4","4","2003-12-15T00:00:00","2026-05-06T13:30:00","9275","raw,processed","True","False"
"SHAK","4h,1day,1week,3day","4h,1day,1week,3day","4","4","2015-01-26T00:00:00","2026-05-06T13:30:00","7967","raw,processed","True","False"
"SHC","4h,1day,1week,3day","4h,1day,1week,3day","4","4","2020-11-16T00:00:00","2026-05-06T13:30:00","4825","raw,processed","True","False"
"SHEL","4h,1day,1week,3day","4h,1day,1week,3day","4","4","1994-10-31T00:00:00","2026-05-06T13:30:00","14330","raw,processed","True","False"
"SHG","4h,1day,1week,3day","4h,1day,1week,3day","4","4","2003-09-15T00:00:00","2026-05-06T13:30:00","12339","raw,processed","True","False"
"SHOP","4h,1day,1week,3day","4h,1day,1week,3day","4","4","2015-05-18T00:00:00","2026-05-06T13:30:00","7835","raw,processed","True","False"
"SHW","4h,1day,1week,3day","4h,1day,1week,3day","4","4","1982-02-08T00:00:00","2026-05-06T13:30:00","19427","raw,processed","True","False"
"SIGI","4h,1day,1week,3day","4h,1day,1week,3day","4","4","1980-04-07T00:00:00","2026-05-06T13:30:00","17636","raw,processed","True","False"
"SIM","4h,1day,1week,3day","4h,1day,1week,3day","4","4","1993-06-28T00:00:00","2026-05-06T13:30:00","14618","raw,processed","True","False"
"SIMO","4h,1day,1week,3day","4h,1day,1week,3day","4","4","2005-06-27T00:00:00","2026-05-06T13:30:00","11668","raw,processed","True","False"
"SIRI","4h,1day,1week,3day","4h,1day,1week,3day","4","4","1994-09-12T00:00:00","2026-05-06T13:30:00","15866","raw,processed","True","False"
"SITE","4h,1day,1week,3day","4h,1day,1week,3day","4","4","2016-05-09T00:00:00","2026-05-06T13:30:00","7457","raw,processed","True","False"
"SITM","4h,1day,1week,3day","4h,1day,1week,3day","4","4","2019-11-18T00:00:00","2026-05-06T13:30:00","5640","raw,processed","True","False"
"SJM","4h,1day,1week,3day","4h,1day,1week,3day","4","4","1994-10-31T00:00:00","2026-05-06T13:30:00","15804","raw,processed","True","False"
"SKE","4h,1day,1week,3day","4h,1day,1week,3day","4","4","2002-02-04T00:00:00","2026-05-06T13:30:00","11592","raw,processed","True","False"
"SKM","4h,1day,1week,3day","4h,1day,1week,3day","4","4","1996-06-24T00:00:00","2026-05-06T13:30:00","15167","raw,processed","True","False"
"SKT","4h,1day,1week,3day","4h,1day,1week,3day","4","4","1993-05-24T00:00:00","2026-05-06T13:30:00","16362","raw,processed","True","False"
"SKY","4h,1day,1week,3day","4h,1day,1week,3day","4","4","1975-04-07T00:00:00","2026-05-06T13:30:00","20819","raw,processed","True","False"
"SLAB","4h,1day,1week,3day","4h,1day,1week,3day","4","4","2000-03-20T00:00:00","2026-05-06T13:30:00","13716","raw,processed","True","False"
"SLB","4h,1day,1week,3day","4h,1day,1week,3day","4","4","1981-12-28T00:00:00","2026-05-06T13:30:00","20806","raw,processed","True","False"
"SLF","4h,1day,1week,3day","4h,1day,1week,3day","4","4","2000-03-20T00:00:00","2026-05-06T13:30:00","13696","raw,processed","True","False"
"SLGN","4h,1day,1week,3day","4h,1day,1week,3day","4","4","1997-02-10T00:00:00","2026-05-06T13:30:00","14901","raw,processed","True","False"
"SLM","4h,1day,1week,3day","4h,1day,1week,3day","4","4","1983-09-19T00:00:00","2026-05-06T13:30:00","20134","raw,processed","True","False"
"SM","4h,1day,1week,3day","4h,1day,1week,3day","4","4","1992-12-14T00:00:00","2026-05-06T13:30:00","16541","raw,processed","True","False"
"SMCI","4h,1day,1week,3day","4h,1day,1week,3day","4","4","2007-03-26T00:00:00","2026-05-06T13:30:00","10545","raw,processed","True","False"
"SMFG","4h,1day,1week,3day","4h,1day,1week,3day","4","4","2006-01-23T00:00:00","2026-05-06T13:30:00","11444","raw,processed","True","False"
"SMMT","4h,1day,1week,3day","4h,1day,1week,3day","4","4","2015-03-02T00:00:00","2026-05-06T13:30:00","7902","raw,processed","True","False"
"SMR","4h,1day,1week,3day","4h,1day,1week,3day","4","4","2022-02-28T00:00:00","2026-05-06T13:30:00","3609","raw,processed","True","False"
"SMTC","4h,1day,1week,3day","4h,1day,1week,3day","4","4","1980-10-27T00:00:00","2026-05-06T13:30:00","17437","raw,processed","True","False"
"SN","4h,1day,1week,3day","4h,1day,1week,3day","4","4","2023-07-31T00:00:00","2026-05-06T13:30:00","2444","raw,processed","True","False"
"SNA","4h,1day,1week,3day","4h,1day,1week,3day","4","4","1973-02-19T00:00:00","2026-05-06T13:30:00","19548","raw,processed","True","False"
"SNAP","4h,1day,1week,3day","4h,1day,1week,3day","4","4","2017-02-27T00:00:00","2026-05-06T13:30:00","7147","raw,processed","True","False"
"SNDK","4h,1day,1week,3day","4h,1day,1week,3day","4","4","2025-02-10T00:00:00","2026-05-06T13:30:00","1071","raw,processed","True","False"
"SNDR","4h,1day,1week,3day","4h,1day,1week,3day","4","4","2017-04-03T00:00:00","2026-05-06T13:30:00","7113","raw,processed","True","False"
"SNEX","4h,1day,1week,3day","4h,1day,1week,3day","4","4","1995-02-27T00:00:00","2026-05-06T13:30:00","15644","raw,processed","True","False"
"SNN","4h,1day,1week,3day","4h,1day,1week,3day","4","4","1999-11-15T00:00:00","2026-05-06T13:30:00","13850","raw,processed","True","False"
"SNOW","4h,1day,1week,3day","4h,1day,1week,3day","4","4","2020-09-14T00:00:00","2026-05-06T13:30:00","4989","raw,processed","True","False"
"SNPS","4h,1day,1week,3day","4h,1day,1week,3day","4","4","1992-02-24T00:00:00","2026-05-06T13:30:00","16870","raw,processed","True","False"
"SNX","4h,1day,1week,3day","4h,1day,1week,3day","4","4","2003-11-24T00:00:00","2026-05-06T13:30:00","12279","raw,processed","True","False"
"SNY","4h,1day,1week,3day","4h,1day,1week,3day","4","4","2002-07-01T00:00:00","2026-05-06T13:30:00","12831","raw,processed","True","False"
"SO","4h,1day,1week,3day","4h,1day,1week,3day","4","4","1981-12-28T00:00:00","2026-05-06T13:30:00","20802","raw,processed","True","False"
"SOBO","4h,1day,1week,3day","4h,1day,1week,3day","4","4","2024-09-30T00:00:00","2026-05-06T13:30:00","1399","raw,processed","True","False"
"SOFI","4h,1day,1week,3day","4h,1day,1week,3day","4","4","2021-01-04T00:00:00","2026-05-06T13:30:00","4530","raw,processed","True","False"
"SOLS","4h,1day,1week,3day","4h,1day,1week,3day","4","4","2012-02-13T00:00:00","2026-05-06T13:30:00","6756","raw,processed","True","False"
"SOLV","4h,1day,1week,3day","4h,1day,1week,3day","4","4","2024-03-25T00:00:00","2026-05-06T13:30:00","1865","raw,processed","True","False"
"SON","4h,1day,1week,3day","4h,1day,1week,3day","4","4","1980-03-31T00:00:00","2026-05-06T13:30:00","19472","raw,processed","True","False"
"SONY","4h,1day,1week,3day","4h,1day,1week,3day","4","4","1973-02-19T00:00:00","2026-05-06T13:30:00","23116","raw,processed","True","False"
"SOUN","4h,1day,1week,3day","4h,1day,1week,3day","4","4","2022-04-25T00:00:00","2026-05-06T13:30:00","3533","raw,processed","True","False"
"SPG","4h,1day,1week,3day","4h,1day,1week,3day","4","4","1993-12-13T00:00:00","2026-05-06T13:30:00","16162","raw,processed","True","False"
"SPGI","4h,1day,1week,3day","4h,1day,1week,3day","4","4","1973-02-19T00:00:00","2026-05-06T13:30:00","19522","raw,processed","True","False"
"SPHR","4h,1day,1week,3day","4h,1day,1week,3day","4","4","2020-04-06T00:00:00","2026-05-06T13:30:00","5359","raw,processed","True","False"
"SPOT","4h,1day,1week,3day","4h,1day,1week,3day","4","4","2018-04-02T00:00:00","2026-05-06T13:30:00","6735","raw,processed","True","False"
"SPXC","4h,1day,1week,3day","4h,1day,1week,3day","4","4","1981-10-05T00:00:00","2026-05-06T13:30:00","19451","raw,processed","True","False"
"SQM","4h,1day,1week,3day","4h,1day,1week,3day","4","4","1993-09-20T00:00:00","2026-05-06T13:30:00","16241","raw,processed","True","False"
"SR","4h,1day,1week,3day","4h,1day,1week,3day","4","4","1973-05-28T00:00:00","2026-05-06T13:30:00","18578","raw,processed","True","False"
"SRAD","4h,1day,1week,3day","4h,1day,1week,3day","4","4","2021-09-13T00:00:00","2026-05-06T13:30:00","4096","raw,processed","True","False"
"SRE","4h,1day,1week,3day","4h,1day,1week,3day","4","4","1998-06-22T00:00:00","2026-05-06T13:30:00","14396","raw,processed","True","False"
"SRRK","4h,1day,1week,3day","4h,1day,1week,3day","4","4","2018-05-21T00:00:00","2026-05-06T13:30:00","6652","raw,processed","True","False"
"SSB","4h,1day,1week,3day","4h,1day,1week,3day","4","4","1997-01-27T00:00:00","2026-05-06T13:30:00","14935","raw,processed","True","False"
"SSD","4h,1day,1week,3day","4h,1day,1week,3day","4","4","1994-05-23T00:00:00","2026-05-06T13:30:00","15967","raw,processed","True","False"
"SSL","4h,1day,1week,3day","4h,1day,1week,3day","4","4","1982-04-26T00:00:00","2026-05-06T13:30:00","20672","raw,processed","True","False"
"SSNC","4h,1day,1week,3day","4h,1day,1week,3day","4","4","2010-03-29T00:00:00","2026-05-06T13:30:00","9824","raw,processed","True","False"
"SSRM","4h,1day,1week,3day","4h,1day,1week,3day","4","4","1996-07-29T00:00:00","2026-05-06T13:30:00","15106","raw,processed","True","False"
"ST","4h,1day,1week,3day","4h,1day,1week,3day","4","4","2010-03-08T00:00:00","2026-05-06T13:30:00","9855","raw,processed","True","False"
"STAG","4h,1day,1week,3day","4h,1day,1week,3day","4","4","2011-04-11T00:00:00","2026-05-06T13:30:00","9419","raw,processed","True","False"
"STE","4h,1day,1week,3day","4h,1day,1week,3day","4","4","1992-06-01T00:00:00","2026-05-06T13:30:00","16731","raw,processed","True","False"
"STEP","4h,1day,1week,3day","4h,1day,1week,3day","4","4","2020-09-14T00:00:00","2026-05-06T13:30:00","4839","raw,processed","True","False"
"STLA","4h,1day,1week,3day","4h,1day,1week,3day","4","4","2010-06-07T00:00:00","2026-05-06T13:30:00","8789","raw,processed","True","False"
"STLD","4h,1day,1week,3day","4h,1day,1week,3day","4","4","1996-11-18T00:00:00","2026-05-06T13:30:00","15002","raw,processed","True","False"
"STM","4h,1day,1week,3day","4h,1day,1week,3day","4","4","1994-12-05T00:00:00","2026-05-06T13:30:00","15770","raw,processed","True","False"
"STN","4h,1day,1week,3day","4h,1day,1week,3day","4","4","2005-08-01T00:00:00","2026-05-06T13:30:00","11609","raw,processed","True","False"
"STNG","4h,1day,1week,3day","4h,1day,1week,3day","4","4","2010-03-29T00:00:00","2026-05-06T13:30:00","9812","raw,processed","True","False"
"STRL","4h,1day,1week,3day","4h,1day,1week,3day","4","4","1991-07-08T00:00:00","2026-05-06T13:30:00","16795","raw,processed","True","False"
"STT","4h,1day,1week,3day","4h,1day,1week,3day","4","4","1980-11-03T00:00:00","2026-05-06T13:30:00","19045","raw,processed","True","False"
"STVN","4h,1day,1week,3day","4h,1day,1week,3day","4","4","2021-07-12T00:00:00","2026-05-06T13:30:00","4159","raw,processed","True","False"
"STX","4h,1day,1week,3day","4h,1day,1week,3day","4","4","2002-12-09T00:00:00","2026-05-06T13:30:00","12661","raw,processed","True","False"
"STZ","4h,1day,1week,3day","4h,1day,1week,3day","4","4","1992-03-16T00:00:00","2026-05-06T13:30:00","15326","raw,processed","True","False"
"SU","4h,1day,1week,3day","4h,1day,1week,3day","4","4","1980-04-07T00:00:00","2026-05-06T13:30:00","17164","raw,processed","True","False"
"SUI","4h,1day,1week,3day","4h,1day,1week,3day","4","4","1993-12-06T00:00:00","2026-05-06T13:30:00","16154","raw,processed","True","False"
"SUNB","4h,1day,1week,3day","4h,1day,1week,3day","4","4","2026-03-02T00:00:00","2026-05-06T13:30:00","165","raw,processed","True","False"
"SUZ","4h,1day,1week,3day","4h,1day,1week,3day","4","4","2008-11-03T00:00:00","2026-05-06T13:30:00","10375","raw,processed","True","False"
"SW","4h,1day,1week,3day","4h,1day,1week,3day","4","4","2024-07-08T00:00:00","2026-05-06T13:30:00","1623","raw,processed","True","False"
"SWK","4h,1day,1week,3day","4h,1day,1week,3day","4","4","1985-06-24T00:00:00","2026-05-06T13:30:00","19457","raw,processed","True","False"
"SWKS","4h,1day,1week,3day","4h,1day,1week,3day","4","4","1984-09-03T00:00:00","2026-05-06T13:30:00","19766","raw,processed","True","False"
"SWX","4h,1day,1week,3day","4h,1day,1week,3day","4","4","1974-12-09T00:00:00","2026-05-06T13:30:00","18481","raw,processed","True","False"
"SXT","4h,1day,1week,3day","4h,1day,1week,3day","4","4","1981-10-12T00:00:00","2026-05-06T13:30:00","18454","raw,processed","True","False"
"SYF","4h,1day,1week,3day","4h,1day,1week,3day","4","4","2014-07-28T00:00:00","2026-05-06T13:30:00","8166","raw,processed","True","False"
"SYK","4h,1day,1week,3day","4h,1day,1week,3day","4","4","1981-08-03T00:00:00","2026-05-06T13:30:00","18445","raw,processed","True","False"
"SYM","4h,1day,1week,3day","4h,1day,1week,3day","4","4","2021-03-08T00:00:00","2026-05-06T13:30:00","3861","raw,processed","True","False"
"SYNA","4h,1day,1week,3day","4h,1day,1week,3day","4","4","2002-01-28T00:00:00","2026-05-06T13:30:00","12979","raw,processed","True","False"
"SYRE","4h,1day,1week,3day","4h,1day,1week,3day","4","4","2016-04-04T00:00:00","2026-05-06T13:30:00","5072","raw,processed","True","False"
"SYY","4h,1day,1week,3day","4h,1day,1week,3day","4","4","1973-05-07T00:00:00","2026-05-06T13:30:00","24172","raw,processed","True","False"
"T","4h,1day,1week,3day","4h,1day,1week,3day","4","4","1984-07-16T00:00:00","2026-05-06T13:30:00","19816","raw,processed","True","False"
"TAC","4h,1day,1week,3day","4h,1day,1week,3day","4","4","2001-07-30T00:00:00","2026-05-06T13:30:00","13165","raw,processed","True","False"
"TAK","4h,1day,1week,3day","4h,1day,1week,3day","4","4","2010-01-04T00:00:00","2026-05-06T13:30:00","9911","raw,processed","True","False"
"TAL","4h,1day,1week,3day","4h,1day,1week,3day","4","4","2010-10-18T00:00:00","2026-05-06T13:30:00","9620","raw,processed","True","False"
"TAP","4h,1day,1week,3day","4h,1day,1week,3day","4","4","1975-07-28T00:00:00","2026-05-06T13:30:00","19764","raw,processed","True","False"
"TBBB","4h,1day,1week,3day","4h,1day,1week,3day","4","4","2024-02-05T00:00:00","2026-05-06T13:30:00","1980","raw,processed","True","False"
"TCBI","4h,1day,1week,3day","4h,1day,1week,3day","4","4","2003-08-11T00:00:00","2026-05-06T13:30:00","12376","raw,processed","True","False"
"TCOM","4h,1day,1week,3day","4h,1day,1week,3day","4","4","2003-12-08T00:00:00","2026-05-06T13:30:00","11825","raw,processed","True","False"
"TD","4h,1day,1week,3day","4h,1day,1week,3day","4","4","1996-08-26T00:00:00","2026-05-06T13:30:00","15093","raw,processed","True","False"
"TDG","4h,1day,1week,3day","4h,1day,1week,3day","4","4","2006-03-13T00:00:00","2026-05-06T13:30:00","11398","raw,processed","True","False"
"TDS","4h,1day,1week,3day","4h,1day,1week,3day","4","4","1982-03-08T00:00:00","2026-05-06T13:30:00","17039","raw,processed","True","False"
"TDW","4h,1day,1week,3day","4h,1day,1week,3day","4","4","1987-12-28T00:00:00","2026-05-06T13:30:00","18460","raw,processed","True","False"
"TDY","4h,1day,1week,3day","4h,1day,1week,3day","4","4","1999-11-22T00:00:00","2026-05-06T13:30:00","13848","raw,processed","True","False"
"TEAM","4h,1day,1week,3day","4h,1day,1week,3day","4","4","2015-12-07T00:00:00","2026-05-06T13:30:00","7633","raw,processed","True","False"
"TECH","4h,1day,1week,3day","4h,1day,1week,3day","4","4","1989-04-17T00:00:00","2026-05-06T13:30:00","16747","raw,processed","True","False"
"TECK","4h,1day,1week,3day","4h,1day,1week,3day","4","4","2002-07-15T00:00:00","2026-05-06T13:30:00","12818","raw,processed","True","False"
"TEL","4h,1day,1week,3day","4h,1day,1week,3day","4","4","2007-06-11T00:00:00","2026-05-06T13:30:00","10922","raw,processed","True","False"
"TEM","4h,1day,1week,3day","4h,1day,1week,3day","4","4","2024-06-10T00:00:00","2026-05-06T13:30:00","1673","raw,processed","True","False"
"TEO","4h,1day,1week,3day","4h,1day,1week,3day","4","4","1994-12-05T00:00:00","2026-05-06T13:30:00","15745","raw,processed","True","False"
"TER","4h,1day,1week,3day","4h,1day,1week,3day","4","4","1973-02-19T00:00:00","2026-05-06T13:30:00","18995","raw,processed","True","False"
"TEVA","4h,1day,1week,3day","4h,1day,1week,3day","4","4","1982-02-15T00:00:00","2026-05-06T13:30:00","18215","raw,processed","True","False"
"TEX","4h,1day,1week,3day","4h,1day,1week,3day","4","4","1980-03-17T00:00:00","2026-05-06T13:30:00","20163","raw,processed","True","False"
"TFC","4h,1day,1week,3day","4h,1day,1week,3day","4","4","1980-03-17T00:00:00","2026-05-06T13:30:00","21041","raw,processed","True","False"
"TFII","4h,1day,1week,3day","4h,1day,1week,3day","4","4","2005-11-14T00:00:00","2026-05-06T13:30:00","10932","raw,processed","True","False"
"TFPM","4h,1day,1week,3day","4h,1day,1week,3day","4","4","2022-03-07T00:00:00","2026-05-06T13:30:00","3918","raw,processed","True","False"
"TFSL","4h,1day,1week,3day","4h,1day,1week,3day","4","4","2007-04-23T00:00:00","2026-05-06T13:30:00","10963","raw,processed","True","False"
"TFX","4h,1day,1week,3day","4h,1day,1week,3day","4","4","1980-03-17T00:00:00","2026-05-06T13:30:00","21497","raw,processed","True","False"
"TGS","4h,1day,1week,3day","4h,1day,1week,3day","4","4","1994-11-14T00:00:00","2026-05-06T13:30:00","15779","raw,processed","True","False"
"TGT","4h,1day,1week,3day","4h,1day,1week,3day","4","4","1975-04-07T00:00:00","2026-05-06T13:30:00","20325","raw,processed","True","False"
"TGTX","4h,1day,1week,3day","4h,1day,1week,3day","4","4","2010-05-03T00:00:00","2026-05-06T13:30:00","9800","raw,processed","True","False"
"THC","4h,1day,1week,3day","4h,1day,1week,3day","4","4","1981-12-28T00:00:00","2026-05-06T13:30:00","20803","raw,processed","True","False"
"THG","4h,1day,1week,3day","4h,1day,1week,3day","4","4","1995-10-09T00:00:00","2026-05-06T13:30:00","15434","raw,processed","True","False"
"THO","4h,1day,1week,3day","4h,1day,1week,3day","4","4","1984-02-13T00:00:00","2026-05-06T13:30:00","18631","raw,processed","True","False"
"TIGO","4h,1day,1week,3day","4h,1day,1week,3day","4","4","2019-01-07T00:00:00","2026-05-06T13:30:00","6420","raw,processed","True","False"
"TIMB","4h,1day,1week,3day","4h,1day,1week,3day","4","4","1998-11-16T00:00:00","2026-05-06T13:30:00","13381","raw,processed","True","False"
"TJX","4h,1day,1week,3day","4h,1day,1week,3day","4","4","1988-01-04T00:00:00","2026-05-06T13:30:00","18469","raw,processed","True","False"
"TKC","4h,1day,1week,3day","4h,1day,1week,3day","4","4","2000-07-10T00:00:00","2026-05-06T13:30:00","13592","raw,processed","True","False"
"TKO","4h,1day,1week,3day","4h,1day,1week,3day","4","4","2023-09-11T00:00:00","2026-05-06T13:30:00","2324","raw,processed","True","False"
"TKR","4h,1day,1week,3day","4h,1day,1week,3day","4","4","1975-04-07T00:00:00","2026-05-06T13:30:00","19441","raw,processed","True","False"
"TLK","4h,1day,1week,3day","4h,1day,1week,3day","4","4","1995-11-13T00:00:00","2026-05-06T13:30:00","15387","raw,processed","True","False"
"TLN","4h,1day,1week,3day","4h,1day,1week,3day","4","4","2024-07-01T00:00:00","2026-05-06T13:30:00","1626","raw,processed","True","False"
"TLX","4h,1day,1week,3day","4h,1day,1week,3day","4","4","2024-11-11T00:00:00","2026-05-06T13:30:00","1289","raw,processed","True","False"
"TM","4h,1day,1week,3day","4h,1day,1week,3day","4","4","1980-03-17T00:00:00","2026-05-06T13:30:00","16969","raw,processed","True","False"
"TME","4h,1day,1week,3day","4h,1day,1week,3day","4","4","2018-12-10T00:00:00","2026-05-06T13:30:00","6454","raw,processed","True","False"
"TMHC","4h,1day,1week,3day","4h,1day,1week,3day","4","4","2013-04-08T00:00:00","2026-05-06T13:30:00","8675","raw,processed","True","False"
"TMO","4h,1day,1week,3day","4h,1day,1week,3day","4","4","1984-03-05T00:00:00","2026-05-06T13:30:00","18602","raw,processed","True","False"
"TMUS","4h,1day,1week,3day","4h,1day,1week,3day","4","4","2007-04-16T00:00:00","2026-05-06T13:30:00","10984","raw,processed","True","False"
"TNL","4h,1day,1week,3day","4h,1day,1week,3day","4","4","2006-07-17T00:00:00","2026-05-06T13:30:00","10213","raw,processed","True","False"
"TOL","4h,1day,1week,3day","4h,1day,1week,3day","4","4","1986-07-07T00:00:00","2026-05-06T13:30:00","19042","raw,processed","True","False"
"TOST","4h,1day,1week,3day","4h,1day,1week,3day","4","4","2021-09-20T00:00:00","2026-05-06T13:30:00","4090","raw,processed","True","False"
"TPC","4h,1day,1week,3day","4h,1day,1week,3day","4","4","1973-04-30T00:00:00","2026-05-06T13:30:00","24175","raw,processed","True","False"
"TPG","4h,1day,1week,3day","4h,1day,1week,3day","4","4","2022-01-10T00:00:00","2026-05-06T13:30:00","3801","raw,processed","True","False"
"TPH","4h,1day,1week,3day","4h,1day,1week,3day","4","4","2013-01-28T00:00:00","2026-05-06T13:30:00","8731","raw,processed","True","False"
"TPL","4h,1day,1week,3day","4h,1day,1week,3day","4","4","1980-03-10T00:00:00","2026-05-06T13:30:00","21465","raw,processed","True","False"
"TPR","4h,1day,1week,3day","4h,1day,1week,3day","4","4","2000-10-02T00:00:00","2026-05-06T13:30:00","13513","raw,processed","True","False"
"TREX","4h,1day,1week,3day","4h,1day,1week,3day","4","4","1999-04-05T00:00:00","2026-05-06T13:30:00","14086","raw,processed","True","False"
"TRGP","4h,1day,1week,3day","4h,1day,1week,3day","4","4","2010-12-06T00:00:00","2026-05-06T13:30:00","9573","raw,processed","True","False"
"TRI","4h,1day,1week,3day","4h,1day,1week,3day","4","4","2002-06-10T00:00:00","2026-05-06T13:30:00","12859","raw,processed","True","False"
"TRMB","4h,1day,1week,3day","4h,1day,1week,3day","4","4","1991-11-04T00:00:00","2026-05-06T13:30:00","16989","raw,processed","True","False"
"TRMD","4h,1day,1week,3day","4h,1day,1week,3day","4","4","2018-02-19T00:00:00","2026-05-06T13:30:00","6382","raw,processed","True","False"
"TRNO","4h,1day,1week,3day","4h,1day,1week,3day","4","4","2010-02-08T00:00:00","2026-05-06T13:30:00","9877","raw,processed","True","False"
"TROW","4h,1day,1week,3day","4h,1day,1week,3day","4","4","1988-09-05T00:00:00","2026-05-06T13:30:00","17827","raw,processed","True","False"
"TRP","4h,1day,1week,3day","4h,1day,1week,3day","4","4","1982-10-04T00:00:00","2026-05-06T13:30:00","18554","raw,processed","True","False"
"TRU","4h,1day,1week,3day","4h,1day,1week,3day","4","4","2015-06-22T00:00:00","2026-05-06T13:30:00","7793","raw,processed","True","False"
"TRV","4h,1day,1week,3day","4h,1day,1week,3day","4","4","1976-10-25T00:00:00","2026-05-06T13:30:00","19062","raw,processed","True","False"
"TS","4h,1day,1week,3day","4h,1day,1week,3day","4","4","2002-12-16T00:00:00","2026-05-06T13:30:00","12658","raw,processed","True","False"
"TSCO","4h,1day,1week,3day","4h,1day,1week,3day","4","4","1994-02-14T00:00:00","2026-05-06T13:30:00","16061","raw,processed","True","False"
"TSEM","4h,1day,1week,3day","4h,1day,1week,3day","4","4","1994-10-24T00:00:00","2026-05-06T13:30:00","15801","raw,processed","True","False"
"TSLA","4h,1day,1week,3day","4h,1day,1week,3day","4","4","2010-06-28T00:00:00","2026-05-06T13:30:00","9747","raw,processed","True","False"
"TSM","4h,1day,1week,3day","4h,1day,1week,3day","4","4","1997-10-06T00:00:00","2026-05-06T13:30:00","14652","raw,processed","True","False"
"TSN","4h,1day,1week,3day","4h,1day,1week,3day","4","4","1980-04-14T00:00:00","2026-05-06T13:30:00","19123","raw,processed","True","False"
"TT","4h,1day,1week,3day","4h,1day,1week,3day","4","4","1985-06-24T00:00:00","2026-05-06T13:30:00","18864","raw,processed","True","False"
"TTAN","4h,1day,1week,3day","4h,1day,1week,3day","4","4","2024-12-09T00:00:00","2026-05-06T13:30:00","1233","raw,processed","True","False"
"TTC","4h,1day,1week,3day","4h,1day,1week,3day","4","4","1987-12-28T00:00:00","2026-05-06T13:30:00","18469","raw,processed","True","False"
"TTD","4h,1day,1week,3day","4h,1day,1week,3day","4","4","2016-09-19T00:00:00","2026-05-06T13:30:00","7322","raw,processed","True","False"
"TTE","4h,1day,1week,3day","4h,1day,1week,3day","4","4","1991-10-21T00:00:00","2026-05-06T13:30:00","15803","raw,processed","True","False"
"TTEK","4h,1day,1week,3day","4h,1day,1week,3day","4","4","1991-12-16T00:00:00","2026-05-06T13:30:00","16928","raw,processed","True","False"
"TTMI","4h,1day,1week,3day","4h,1day,1week,3day","4","4","2000-09-25T00:00:00","2026-05-06T13:30:00","13517","raw,processed","True","False"
"TTWO","4h,1day,1week,3day","4h,1day,1week,3day","4","4","1997-04-14T00:00:00","2026-05-06T13:30:00","14872","raw,processed","True","False"
"TU","4h,1day,1week,3day","4h,1day,1week,3day","4","4","1996-06-10T00:00:00","2026-05-06T13:30:00","15187","raw,processed","True","False"
"TV","4h,1day,1week,3day","4h,1day,1week,3day","4","4","1993-12-13T00:00:00","2026-05-06T13:30:00","16151","raw,processed","True","False"
"TVTX","4h,1day,1week,3day","4h,1day,1week,3day","4","4","2012-11-12T00:00:00","2026-05-06T13:30:00","7614","raw,processed","True","False"
"TW","4h,1day,1week,3day","4h,1day,1week,3day","4","4","2019-04-01T00:00:00","2026-05-06T13:30:00","6343","raw,processed","True","False"
"TWLO","4h,1day,1week,3day","4h,1day,1week,3day","4","4","2016-06-20T00:00:00","2026-05-06T13:30:00","7419","raw,processed","True","False"
"TX","4h,1day,1week,3day","4h,1day,1week,3day","4","4","2006-01-30T00:00:00","2026-05-06T13:30:00","11436","raw,processed","True","False"
"TXN","4h,1day,1week,3day","4h,1day,1week,3day","4","4","1972-05-29T00:00:00","2026-05-06T13:30:00","24533","raw,processed","True","False"
"TXNM","4h,1day,1week,3day","4h,1day,1week,3day","4","4","1973-06-11T00:00:00","2026-05-06T13:30:00","17072","raw,processed","True","False"
"TXRH","4h,1day,1week,3day","4h,1day,1week,3day","4","4","2004-10-04T00:00:00","2026-05-06T13:30:00","11959","raw,processed","True","False"
"TXT","4h,1day,1week,3day","4h,1day,1week,3day","4","4","1974-06-03T00:00:00","2026-05-06T13:30:00","19727","raw,processed","True","False"
"TYL","4h,1day,1week,3day","4h,1day,1week,3day","4","4","1982-05-17T00:00:00","2026-05-06T13:30:00","18468","raw,processed","True","False"
"U","4h,1day,1week,3day","4h,1day,1week,3day","4","4","2020-09-14T00:00:00","2026-05-06T13:30:00","4981","raw,processed","True","False"
"UAL","4h,1day,1week,3day","4h,1day,1week,3day","4","4","2006-02-06T00:00:00","2026-05-06T13:30:00","11448","raw,processed","True","False"
"UBER","4h,1day,1week,3day","4h,1day,1week,3day","4","4","2019-05-06T00:00:00","2026-05-06T13:30:00","6309","raw,processed","True","False"
"UBS","4h,1day,1week,3day","4h,1day,1week,3day","4","4","2000-05-15T00:00:00","2026-05-06T13:30:00","13661","raw,processed","True","False"
"UBSI","4h,1day,1week,3day","4h,1day,1week,3day","4","4","1987-06-01T00:00:00","2026-05-06T13:30:00","17956","raw,processed","True","False"
"UCB","4h,1day,1week,3day","4h,1day,1week,3day","4","4","2002-03-21T00:00:00","2026-05-06T13:30:00","9578","raw,processed","True","False"
"UCTT","4h,1day,1week,3day","4h,1day,1week,3day","4","4","2004-03-22T00:00:00","2026-05-06T13:30:00","12162","raw,processed","True","False"
"UDR","4h,1day,1week,3day","4h,1day,1week,3day","4","4","1980-03-17T00:00:00","2026-05-06T13:30:00","20796","raw,processed","True","False"
"UEC","4h,1day,1week,3day","4h,1day,1week,3day","4","4","2007-04-02T00:00:00","2026-05-06T13:30:00","10988","raw,processed","True","False"
"UFPI","4h,1day,1week,3day","4h,1day,1week,3day","4","4","1993-11-08T00:00:00","2026-05-06T13:30:00","16175","raw,processed","True","False"
"UGI","4h,1day,1week,3day","4h,1day,1week,3day","4","4","1974-08-12T00:00:00","2026-05-06T13:30:00","18489","raw,processed","True","False"
"UGP","4h,1day,1week,3day","4h,1day,1week,3day","4","4","1999-10-04T00:00:00","2026-05-06T13:30:00","13882","raw,processed","True","False"
"UHAL","4h,1day,1week,3day","4h,1day,1week,3day","4","4","1994-10-31T00:00:00","2026-05-06T13:30:00","15794","raw,processed","True","False"
"UHS","4h,1day,1week,3day","4h,1day,1week,3day","4","4","1981-08-03T00:00:00","2026-05-06T13:30:00","17601","raw,processed","True","False"
"UI","4h,1day,1week,3day","4h,1day,1week,3day","4","4","2011-10-10T00:00:00","2026-05-06T13:30:00","8784","raw,processed","True","False"
"UL","4h,1day,1week,3day","4h,1day,1week,3day","4","4","1980-03-24T00:00:00","2026-05-06T13:30:00","21504","raw,processed","True","False"
"ULS","4h,1day,1week,3day","4h,1day,1week,3day","4","4","2024-04-08T00:00:00","2026-05-06T13:30:00","1829","raw,processed","True","False"
"ULTA","4h,1day,1week,3day","4h,1day,1week,3day","4","4","2007-10-22T00:00:00","2026-05-06T13:30:00","10767","raw,processed","True","False"
"UMBF","4h,1day,1week,3day","4h,1day,1week,3day","4","4","1980-03-17T00:00:00","2026-05-06T13:30:00","18611","raw,processed","True","False"
"UMC","4h,1day,1week,3day","4h,1day,1week,3day","4","4","2000-09-18T00:00:00","2026-05-06T13:30:00","13541","raw,processed","True","False"
"UNF","4h,1day,1week,3day","4h,1day,1week,3day","4","4","1984-02-27T00:00:00","2026-05-06T13:30:00","18501","raw,processed","True","False"
"UNH","4h,1day,1week,3day","4h,1day,1week,3day","4","4","1985-04-01T00:00:00","2026-05-06T13:30:00","17617","raw,processed","True","False"
"UNM","4h,1day,1week,3day","4h,1day,1week,3day","4","4","1986-11-03T00:00:00","2026-05-06T13:30:00","18920","raw,processed","True","False"
"UNP","4h,1day,1week,3day","4h,1day,1week,3day","4","4","1979-12-31T00:00:00","2026-05-06T13:30:00","21584","raw,processed","True","False"
"UPS","4h,1day,1week,3day","4h,1day,1week,3day","4","4","1999-11-08T00:00:00","2026-05-06T13:30:00","13852","raw,processed","True","False"
"URBN","4h,1day,1week,3day","4h,1day,1week,3day","4","4","1993-11-08T00:00:00","2026-05-06T13:30:00","16181","raw,processed","True","False"
"URI","4h,1day,1week,3day","4h,1day,1week,3day","4","4","1997-12-15T00:00:00","2026-05-06T13:30:00","14597","raw,processed","True","False"
"USAR","4h,1day,1week,3day","4h,1day,1week,3day","4","4","2025-03-03T00:00:00","2026-05-06T13:30:00","1021","raw,processed","True","False"
"USB","4h,1day,1week,3day","4h,1day,1week,3day","4","4","1973-04-30T00:00:00","2026-05-06T13:30:00","24171","raw,processed","True","False"
"USFD","4h,1day,1week,3day","4h,1day,1week,3day","4","4","2016-05-23T00:00:00","2026-05-06T13:30:00","7436","raw,processed","True","False"
"UTHR","4h,1day,1week,3day","4h,1day,1week,3day","4","4","1999-06-14T00:00:00","2026-05-06T13:30:00","14004","raw,processed","True","False"
"UUUU","4h,1day,1week,3day","4h,1day,1week,3day","4","4","2007-03-19T00:00:00","2026-05-06T13:30:00","11001","raw,processed","True","False"
"UWMC","4h,1day,1week,3day","4h,1day,1week,3day","4","4","2020-04-27T00:00:00","2026-05-06T13:30:00","4951","raw,processed","True","False"
"V","4h,1day,1week,3day","4h,1day,1week,3day","4","4","2008-03-17T00:00:00","2026-05-06T13:30:00","10620","raw,processed","True","False"
"VAL","4h,1day,1week,3day","4h,1day,1week,3day","4","4","2020-02-10T07:00:00","2026-05-06T13:30:00","4725","raw,processed","True","False"
"VALE","4h,1day,1week,3day","4h,1day,1week,3day","4","4","2002-03-18T00:00:00","2026-05-06T13:30:00","12945","raw,processed","True","False"
"VCTR","4h,1day,1week,3day","4h,1day,1week,3day","4","4","2018-02-05T00:00:00","2026-05-06T13:30:00","6778","raw,processed","True","False"
"VEEV","4h,1day,1week,3day","4h,1day,1week,3day","4","4","2013-10-14T00:00:00","2026-05-06T13:30:00","8460","raw,processed","True","False"
"VEON","4h,1day,1week,3day","4h,1day,1week,3day","4","4","1996-11-11T00:00:00","2026-05-06T13:30:00","15007","raw,processed","True","False"
"VFC","4h,1day,1week,3day","4h,1day,1week,3day","4","4","1980-06-23T00:00:00","2026-05-06T13:30:00","19447","raw,processed","True","False"
"VFS","4h,1day,1week,3day","4h,1day,1week,3day","4","4","2021-09-06T00:00:00","2026-05-06T13:30:00","3554","raw,processed","True","False"
"VG","4h,1day,1week,3day","4h,1day,1week,3day","4","4","2019-06-20T08:00:00","2026-05-06T13:30:00","2844","raw,processed","True","False"
"VIAV","4h,1day,1week,3day","4h,1day,1week,3day","4","4","1993-11-15T00:00:00","2026-05-06T13:30:00","16170","raw,processed","True","False"
"VICI","4h,1day,1week,3day","4h,1day,1week,3day","4","4","2018-01-01T00:00:00","2026-05-06T13:30:00","6812","raw,processed","True","False"
"VICR","4h,1day,1week,3day","4h,1day,1week,3day","4","4","1990-04-02T00:00:00","2026-05-06T13:30:00","17594","raw,processed","True","False"
"VIK","4h,1day,1week,3day","4h,1day,1week,3day","4","4","2024-04-29T00:00:00","2026-05-06T13:30:00","1783","raw,processed","True","False"
"VIPS","4h,1day,1week,3day","4h,1day,1week,3day","4","4","2012-03-19T00:00:00","2026-05-06T13:30:00","9062","raw,processed","True","False"
"VIRT","4h,1day,1week,3day","4h,1day,1week,3day","4","4","2015-04-13T00:00:00","2026-05-06T13:30:00","7882","raw,processed","True","False"
"VIST","4h,1day,1week,3day","4h,1day,1week,3day","4","4","2019-07-22T00:00:00","2026-05-06T13:30:00","5767","raw,processed","True","False"
"VIV","4h,1day,1week,3day","4h,1day,1week,3day","4","4","1998-11-16T00:00:00","2026-05-06T13:30:00","14234","raw,processed","True","False"
"VKTX","4h,1day,1week,3day","4h,1day,1week,3day","4","4","2015-04-27T00:00:00","2026-05-06T13:30:00","7866","raw,processed","True","False"
"VLO","4h,1day,1week,3day","4h,1day,1week,3day","4","4","1982-01-04T00:00:00","2026-05-06T13:30:00","20789","raw,processed","True","False"
"VLTO","4h,1day,1week,3day","4h,1day,1week,3day","4","4","2023-09-25T00:00:00","2026-05-06T13:30:00","2303","raw,processed","True","False"
"VLY","4h,1day,1week,3day","4h,1day,1week,3day","4","4","1990-03-19T00:00:00","2026-05-06T13:30:00","17579","raw,processed","True","False"
"VMC","4h,1day,1week,3day","4h,1day,1week,3day","4","4","1973-08-20T00:00:00","2026-05-06T13:30:00","18640","raw,processed","True","False"
"VMI","4h,1day,1week,3day","4h,1day,1week,3day","4","4","1973-02-19T00:00:00","2026-05-06T13:30:00","18403","raw,processed","True","False"
"VNO","4h,1day,1week,3day","4h,1day,1week,3day","4","4","1983-09-26T00:00:00","2026-05-06T13:30:00","18548","raw,processed","True","False"
"VNOM","4h,1day,1week,3day","4h,1day,1week,3day","4","4","2014-06-16T00:00:00","2026-05-06T13:30:00","8194","raw,processed","True","False"
"VNT","4h,1day,1week,3day","4h,1day,1week,3day","4","4","2020-09-21T00:00:00","2026-05-06T13:30:00","4908","raw,processed","True","False"
"VOD","4h,1day,1week,3day","4h,1day,1week,3day","4","4","1988-12-12T00:00:00","2026-05-06T13:30:00","18086","raw,processed","True","False"
"VOYA","4h,1day,1week,3day","4h,1day,1week,3day","4","4","2013-04-29T00:00:00","2026-05-06T13:30:00","8640","raw,processed","True","False"
"VRSK","4h,1day,1week,3day","4h,1day,1week,3day","4","4","2009-10-05T00:00:00","2026-05-06T13:30:00","10006","raw,processed","True","False"
"VRSN","4h,1day,1week,3day","4h,1day,1week,3day","4","4","1998-01-26T00:00:00","2026-05-06T13:30:00","14548","raw,processed","True","False"
"VRT","4h,1day,1week,3day","4h,1day,1week,3day","4","4","2018-07-30T00:00:00","2026-05-06T13:30:00","6149","raw,processed","True","False"
"VRTX","4h,1day,1week,3day","4h,1day,1week,3day","4","4","1991-07-22T00:00:00","2026-05-06T13:30:00","17084","raw,processed","True","False"
"VSAT","4h,1day,1week,3day","4h,1day,1week,3day","4","4","1996-12-02T00:00:00","2026-05-06T13:30:00","14978","raw,processed","True","False"
"VSCO","4h,1day,1week,3day","4h,1day,1week,3day","4","4","2021-07-19T00:00:00","2026-05-06T13:30:00","4233","raw,processed","True","False"
"VSEC","4h,1day,1week,3day","4h,1day,1week,3day","4","4","1982-10-18T00:00:00","2026-05-06T13:30:00","18294","raw,processed","True","False"
"VSH","4h,1day,1week,3day","4h,1day,1week,3day","4","4","1981-03-02T00:00:00","2026-05-06T13:30:00","18516","raw,processed","True","False"
"VSNT","4h,1day,1week,3day","4h,1day,1week,3day","4","4","2025-12-15T00:00:00","2026-05-06T13:30:00","321","raw,processed","True","False"
"VST","4h,1day,1week,3day","4h,1day,1week,3day","4","4","2016-10-03T00:00:00","2026-05-06T13:30:00","7309","raw,processed","True","False"
"VTR","4h,1day,1week,3day","4h,1day,1week,3day","4","4","1997-05-05T00:00:00","2026-05-06T13:30:00","14851","raw,processed","True","False"
"VTRS","4h,1day,1week,3day","4h,1day,1week,3day","4","4","1980-03-17T00:00:00","2026-05-06T13:30:00","20618","raw,processed","True","False"
"VVV","4h,1day,1week,3day","4h,1day,1week,3day","4","4","2016-09-19T00:00:00","2026-05-06T13:30:00","7318","raw,processed","True","False"
"VZ","4h,1day,1week,3day","4h,1day,1week,3day","4","4","1983-11-21T00:00:00","2026-05-06T13:30:00","20081","raw,processed","True","False"
"W","4h,1day,1week,3day","4h,1day,1week,3day","4","4","2014-09-29T00:00:00","2026-05-06T13:30:00","8082","raw,processed","True","False"
"WAB","4h,1day,1week,3day","4h,1day,1week,3day","4","4","1995-06-12T00:00:00","2026-05-06T13:30:00","15568","raw,processed","True","False"
"WAL","4h,1day,1week,3day","4h,1day,1week,3day","4","4","2005-06-27T00:00:00","2026-05-06T13:30:00","11666","raw,processed","True","False"
"WAT","4h,1day,1week,3day","4h,1day,1week,3day","4","4","1995-11-13T00:00:00","2026-05-06T13:30:00","15401","raw,processed","True","False"
"WAY","4h,1day,1week,3day","4h,1day,1week,3day","4","4","2024-06-03T00:00:00","2026-05-06T13:30:00","1691","raw,processed","True","False"
"WBD","4h,1day,1week,3day","4h,1day,1week,3day","4","4","2005-07-04T00:00:00","2026-05-06T13:30:00","10104","raw,processed","True","False"
"WBI","4h,1day,1week,3day","4h,1day,1week,3day","4","4","2025-09-15T00:00:00","2026-05-06T13:30:00","566","raw,processed","True","False"
"WBS","4h,1day,1week,3day","4h,1day,1week,3day","4","4","1986-12-08T00:00:00","2026-05-06T13:30:00","18867","raw,processed","True","False"
"WCC","4h,1day,1week,3day","4h,1day,1week,3day","4","4","1999-05-10T00:00:00","2026-05-06T13:30:00","14056","raw,processed","True","False"
"WCN","4h,1day,1week,3day","4h,1day,1week,3day","4","4","1998-05-18T00:00:00","2026-05-06T13:30:00","14424","raw,processed","True","False"
"WDAY","4h,1day,1week,3day","4h,1day,1week,3day","4","4","2012-10-08T00:00:00","2026-05-06T13:30:00","8849","raw,processed","True","False"
"WDC","4h,1day,1week,3day","4h,1day,1week,3day","4","4","1978-10-30T00:00:00","2026-05-06T13:30:00","22037","raw,processed","True","False"
"WDS","4h,1day,1week,3day","4h,1day,1week,3day","4","4","1996-11-18T00:00:00","2026-05-06T13:30:00","13335","raw,processed","True","False"
"WEC","4h,1day,1week,3day","4h,1day,1week,3day","4","4","1984-10-22T00:00:00","2026-05-06T13:30:00","19693","raw,processed","True","False"
"WELL","4h,1day,1week,3day","4h,1day,1week,3day","4","4","1980-03-17T00:00:00","2026-05-06T13:30:00","17312","raw,processed","True","False"
"WEX","4h,1day,1week,3day","4h,1day,1week,3day","4","4","2005-02-14T00:00:00","2026-05-06T13:30:00","11801","raw,processed","True","False"
"WF","4h,1day,1week,3day","4h,1day,1week,3day","4","4","2003-09-29T00:00:00","2026-05-06T13:30:00","12343","raw,processed","True","False"
"WFC","4h,1day,1week,3day","4h,1day,1week,3day","4","4","1972-05-29T00:00:00","2026-05-06T13:30:00","24528","raw,processed","True","False"
"WFG","4h,1day,1week,3day","4h,1day,1week,3day","4","4","2009-02-09T00:00:00","2026-05-06T13:30:00","8979","raw,processed","True","False"
"WFRD","4h,1day,1week,3day","4h,1day,1week,3day","4","4","2021-01-04T00:00:00","2026-05-06T13:30:00","4363","raw,processed","True","False"
"WH","4h,1day,1week,3day","4h,1day,1week,3day","4","4","2018-05-21T00:00:00","2026-05-06T13:30:00","6673","raw,processed","True","False"
"WHD","4h,1day,1week,3day","4h,1day,1week,3day","4","4","2018-02-05T00:00:00","2026-05-06T13:30:00","6769","raw,processed","True","False"
"WING","4h,1day,1week,3day","4h,1day,1week,3day","4","4","2015-06-08T00:00:00","2026-05-06T13:30:00","7823","raw,processed","True","False"
"WIT","4h,1day,1week,3day","4h,1day,1week,3day","4","4","2000-10-16T00:00:00","2026-05-06T13:30:00","13486","raw,processed","True","False"
"WIX","4h,1day,1week,3day","4h,1day,1week,3day","4","4","2013-11-04T00:00:00","2026-05-06T13:30:00","8437","raw,processed","True","False"
"WLK","4h,1day,1week,3day","4h,1day,1week,3day","4","4","2004-08-09T00:00:00","2026-05-06T13:30:00","12026","raw,processed","True","False"
"WM","4h,1day,1week,3day","4h,1day,1week,3day","4","4","1988-08-29T00:00:00","2026-05-06T13:30:00","17087","raw,processed","True","False"
"WMB","4h,1day,1week,3day","4h,1day,1week,3day","4","4","1981-12-28T00:00:00","2026-05-06T13:30:00","20821","raw,processed","True","False"
"WMG","4h,1day,1week,3day","4h,1day,1week,3day","4","4","2020-06-01T00:00:00","2026-05-06T13:30:00","5049","raw,processed","True","False"
"WMS","4h,1day,1week,3day","4h,1day,1week,3day","4","4","2014-07-21T00:00:00","2026-05-06T13:30:00","8173","raw,processed","True","False"
"WMT","4h,1day,1week,3day","4h,1day,1week,3day","4","4","1972-08-21T00:00:00","2026-05-06T13:30:00","24436","raw,processed","True","False"
"WPC","4h,1day,1week,3day","4h,1day,1week,3day","4","4","1998-01-19T00:00:00","2026-05-06T13:30:00","14556","raw,processed","True","False"
"WPM","4h,1day,1week,3day","4h,1day,1week,3day","4","4","2005-07-04T00:00:00","2026-05-06T13:30:00","11672","raw,processed","True","False"
"WPP","4h,1day,1week,3day","4h,1day,1week,3day","4","4","1987-12-28T00:00:00","2026-05-06T13:30:00","17925","raw,processed","True","False"
"WRB","4h,1day,1week,3day","4h,1day,1week,3day","4","4","1973-10-22T00:00:00","2026-05-06T13:30:00","24001","raw,processed","True","False"
"WSC","4h,1day,1week,3day","4h,1day,1week,3day","4","4","2015-11-02T00:00:00","2026-05-06T13:30:00","7654","raw,processed","True","False"
"WSFS","4h,1day,1week,3day","4h,1day,1week,3day","4","4","1987-12-07T00:00:00","2026-05-06T13:30:00","17631","raw,processed","True","False"
"WSM","4h,1day,1week,3day","4h,1day,1week,3day","4","4","1983-07-04T00:00:00","2026-05-06T13:30:00","20208","raw,processed","True","False"
"WSO","4h,1day,1week,3day","4h,1day,1week,3day","4","4","1984-06-04T00:00:00","2026-05-06T13:30:00","19830","raw,processed","True","False"
"WST","4h,1day,1week,3day","4h,1day,1week,3day","4","4","1980-08-04T00:00:00","2026-05-06T13:30:00","18488","raw,processed","True","False"
"WTFC","4h,1day,1week,3day","4h,1day,1week,3day","4","4","1996-09-16T00:00:00","2026-05-06T13:30:00","15008","raw,processed","True","False"
"WTM","4h,1day,1week,3day","4h,1day,1week,3day","4","4","1986-05-05T00:00:00","2026-05-06T13:30:00","18892","raw,processed","True","False"
"WTRG","4h,1day,1week,3day","4h,1day,1week,3day","4","4","1980-03-17T00:00:00","2026-05-06T13:30:00","20908","raw,processed","True","False"
"WTS","4h,1day,1week,3day","4h,1day,1week,3day","4","4","1986-08-18T00:00:00","2026-05-06T13:30:00","19001","raw,processed","True","False"
"WTW","4h,1day,1week,3day","4h,1day,1week,3day","4","4","2001-06-11T00:00:00","2026-05-06T13:30:00","11786","raw,processed","True","False"
"WULF","4h,1day,1week,3day","4h,1day,1week,3day","4","4","1994-04-05T00:00:00","2026-05-06T13:30:00","9855","raw,processed","True","False"
"WWD","4h,1day,1week,3day","4h,1day,1week,3day","4","4","1994-03-28T00:00:00","2026-05-06T13:30:00","15846","raw,processed","True","False"
"WY","4h,1day,1week,3day","4h,1day,1week,3day","4","4","1973-04-30T00:00:00","2026-05-06T13:30:00","24178","raw,processed","True","False"
"WYNN","4h,1day,1week,3day","4h,1day,1week,3day","4","4","2002-10-21T00:00:00","2026-05-06T13:30:00","12705","raw,processed","True","False"
"XE","4h,1day,1week,3day","4h,1day,1week,3day","4","4","2026-04-20T00:00:00","2026-05-06T13:30:00","33","raw,processed","True","False"
"XEL","4h,1day,1week,3day","4h,1day,1week,3day","4","4","1985-09-23T00:00:00","2026-05-06T13:30:00","19356","raw,processed","True","False"
"XENE","4h,1day,1week,3day","4h,1day,1week,3day","4","4","2014-11-03T00:00:00","2026-05-06T13:30:00","8017","raw,processed","True","False"
"XNDU","4h,1day,1week,3day","4h,1day,1week,3day","4","4","2026-03-23T00:00:00","2026-05-06T13:30:00","103","raw,processed","True","False"
"XOM","4h,1day,1week,3day","4h,1day,1week,3day","4","4","1969-12-29T00:00:00","2026-05-06T13:30:00","25480","raw,processed","True","False"
"XP","4h,1day,1week,3day","4h,1day,1week,3day","4","4","2019-12-09T00:00:00","2026-05-06T13:30:00","5621","raw,processed","True","False"
"XPEV","4h,1day,1week,3day","4h,1day,1week,3day","4","4","2020-08-24T00:00:00","2026-05-06T13:30:00","4941","raw,processed","True","False"
"XPO","4h,1day,1week,3day","4h,1day,1week,3day","4","4","2003-10-06T00:00:00","2026-05-06T13:30:00","12337","raw,processed","True","False"
"XXI","4h,1day,1week,3day","4h,1day,1week,3day","4","4","2024-08-12T00:00:00","2026-05-06T13:30:00","873","raw,processed","True","False"
"XYL","4h,1day,1week,3day","4h,1day,1week,3day","4","4","2011-10-10T00:00:00","2026-05-06T13:30:00","9223","raw,processed","True","False"
"XYZ","4h,1day,1week,3day","4h,1day,1week,3day","4","4","2015-11-16T00:00:00","2026-05-06T13:30:00","4698","raw,processed","True","False"
"YMM","4h,1day,1week,3day","4h,1day,1week,3day","4","4","2021-06-21T00:00:00","2026-05-06T13:30:00","4318","raw,processed","True","False"
"YOU","4h,1day,1week,3day","4h,1day,1week,3day","4","4","2021-06-28T00:00:00","2026-05-06T13:30:00","4281","raw,processed","True","False"
"YPF","4h,1day,1week,3day","4h,1day,1week,3day","4","4","1993-06-28T00:00:00","2026-05-06T13:30:00","16332","raw,processed","True","False"
"YSS","4h,1day,1week,3day","4h,1day,1week,3day","4","4","2026-01-26T00:00:00","2026-05-06T13:30:00","242","raw,processed","True","False"
"YUM","4h,1day,1week,3day","4h,1day,1week,3day","4","4","1997-09-15T00:00:00","2026-05-06T13:30:00","14700","raw,processed","True","False"
"YUMC","4h,1day,1week,3day","4h,1day,1week,3day","4","4","2016-10-10T00:00:00","2026-05-06T13:30:00","7291","raw,processed","True","False"
"Z","4h,1day,1week,3day","4h,1day,1week,3day","4","4","2015-08-03T00:00:00","2026-05-06T13:30:00","7764","raw,processed","True","False"
"ZBH","4h,1day,1week,3day","4h,1day,1week,3day","4","4","2001-07-23T00:00:00","2026-05-06T13:30:00","13196","raw,processed","True","False"
"ZBRA","4h,1day,1week,3day","4h,1day,1week,3day","4","4","1991-08-12T00:00:00","2026-05-06T13:30:00","17056","raw,processed","True","False"
"ZETA","4h,1day,1week,3day","4h,1day,1week,3day","4","4","2021-06-07T00:00:00","2026-05-06T13:30:00","4211","raw,processed","True","False"
"ZG","4h,1day,1week,3day","4h,1day,1week,3day","4","4","2011-07-18T00:00:00","2026-05-06T13:30:00","9316","raw,processed","True","False"
"ZION","4h,1day,1week,3day","4h,1day,1week,3day","4","4","1980-03-17T00:00:00","2026-05-06T13:30:00","17821","raw,processed","True","False"
"ZM","4h,1day,1week,3day","4h,1day,1week,3day","4","4","2019-04-15T00:00:00","2026-05-06T13:30:00","6348","raw,processed","True","False"
"ZS","4h,1day,1week,3day","4h,1day,1week,3day","4","4","2018-03-12T00:00:00","2026-05-06T13:30:00","6751","raw,processed","True","False"
"ZTO","4h,1day,1week,3day","4h,1day,1week,3day","4","4","2016-10-24T00:00:00","2026-05-06T13:30:00","7282","raw,processed","True","False"
"ZTS","4h,1day,1week,3day","4h,1day,1week,3day","4","4","2013-01-28T00:00:00","2026-05-06T13:30:00","8750","raw,processed","True","False"
"ZWS","4h,1day,1week,3day","4h,1day,1week,3day","4","4","2012-03-26T00:00:00","2026-05-06T13:30:00","7710","raw,processed","True","False"
